application,method,scope,status,scored_cells,planned_cells,attempts,signed_error_pp,absolute_error_pp,brier,own_support,per_operation
deathstarbench_social_network,E,own,estimable_on_reported_own_support,18,18,21600,0.14814814814814908,0.944444444444444,0.05360547839506173,"[{""campaigns"": 3, ""law"": ""N"", ""operation"": ""compose_post"", ""placement"": ""split""}, {""campaigns"": 3, ""law"": ""N"", ""operation"": ""read_home_timeline"", ""placement"": ""split""}, {""campaigns"": 3, ""law"": ""N"", ""operation"": ""read_user_timeline"", ""placement"": ""split""}, {""campaigns"": 3, ""law"": ""NC"", ""operation"": ""compose_post"", ""placement"": ""split""}, {""campaigns"": 3, ""law"": ""NC"", ""operation"": ""read_home_timeline"", ""placement"": ""split""}, {""campaigns"": 3, ""law"": ""NC"", ""operation"": ""read_user_timeline"", ""placement"": ""split""}]","{""compose_post"": {""attempts"": 7200, ""campaigns"": 6, ""median_absolute_error_pp"": 0.7499999999999951, ""p90_absolute_error_pp"": 2.7500000000000027, ""planned_campaigns"": 6, ""retained_conditions"": 2, ""standardized_mean"": {""absolute_error_pp"": 1.23611111111111, ""brier"": 0.0698099537037037, ""forecast"": 0.9280555555555556, ""observed"": 0.9237500000000001, ""signed_error_pp"": 0.43055555555555447}}, ""read_home_timeline"": {""attempts"": 7200, ""campaigns"": 6, ""median_absolute_error_pp"": 0.0, ""p90_absolute_error_pp"": 0.0, ""planned_campaigns"": 6, ""retained_conditions"": 2, ""standardized_mean"": {""absolute_error_pp"": 0.0, ""brier"": 0.0, ""forecast"": 1.0, ""observed"": 1.0, ""signed_error_pp"": 0.0}}, ""read_user_timeline"": {""attempts"": 7200, ""campaigns"": 6, ""median_absolute_error_pp"": 1.541666666666669, ""p90_absolute_error_pp"": 2.7916666666666643, ""planned_campaigns"": 6, ""retained_conditions"": 2, ""standardized_mean"": {""absolute_error_pp"": 1.5972222222222219, ""brier"": 0.09100648148148148, ""forecast"": 0.8977777777777778, ""observed"": 0.8976388888888889, ""signed_error_pp"": 0.013888888888892836}}}"
deathstarbench_social_network,E,common_point,estimable_on_reported_own_support,18,18,21600,0.14814814814814908,0.944444444444444,0.05360547839506173,"[{""campaigns"": 3, ""law"": ""N"", ""operation"": ""compose_post"", ""placement"": ""split""}, {""campaigns"": 3, ""law"": ""N"", ""operation"": ""read_home_timeline"", ""placement"": ""split""}, {""campaigns"": 3, ""law"": ""N"", ""operation"": ""read_user_timeline"", ""placement"": ""split""}, {""campaigns"": 3, ""law"": ""NC"", ""operation"": ""compose_post"", ""placement"": ""split""}, {""campaigns"": 3, ""law"": ""NC"", ""operation"": ""read_home_timeline"", ""placement"": ""split""}, {""campaigns"": 3, ""law"": ""NC"", ""operation"": ""read_user_timeline"", ""placement"": ""split""}]","{""compose_post"": {""attempts"": 7200, ""campaigns"": 6, ""median_absolute_error_pp"": 0.7499999999999951, ""p90_absolute_error_pp"": 2.7500000000000027, ""planned_campaigns"": 6, ""retained_conditions"": 2, ""standardized_mean"": {""absolute_error_pp"": 1.23611111111111, ""brier"": 0.0698099537037037, ""forecast"": 0.9280555555555556, ""observed"": 0.9237500000000001, ""signed_error_pp"": 0.43055555555555447}}, ""read_home_timeline"": {""attempts"": 7200, ""campaigns"": 6, ""median_absolute_error_pp"": 0.0, ""p90_absolute_error_pp"": 0.0, ""planned_campaigns"": 6, ""retained_conditions"": 2, ""standardized_mean"": {""absolute_error_pp"": 0.0, ""brier"": 0.0, ""forecast"": 1.0, ""observed"": 1.0, ""signed_error_pp"": 0.0}}, ""read_user_timeline"": {""attempts"": 7200, ""campaigns"": 6, ""median_absolute_error_pp"": 1.541666666666669, ""p90_absolute_error_pp"": 2.7916666666666643, ""planned_campaigns"": 6, ""retained_conditions"": 2, ""standardized_mean"": {""absolute_error_pp"": 1.5972222222222219, ""brier"": 0.09100648148148148, ""forecast"": 0.8977777777777778, ""observed"": 0.8976388888888889, ""signed_error_pp"": 0.013888888888892836}}}"
deathstarbench_social_network,R,own,estimable_on_reported_own_support,18,18,21600,0.14814814814814908,0.944444444444444,0.05360547839506173,"[{""campaigns"": 3, ""law"": ""N"", ""operation"": ""compose_post"", ""placement"": ""split""}, {""campaigns"": 3, ""law"": ""N"", ""operation"": ""read_home_timeline"", ""placement"": ""split""}, {""campaigns"": 3, ""law"": ""N"", ""operation"": ""read_user_timeline"", ""placement"": ""split""}, {""campaigns"": 3, ""law"": ""NC"", ""operation"": ""compose_post"", ""placement"": ""split""}, {""campaigns"": 3, ""law"": ""NC"", ""operation"": ""read_home_timeline"", ""placement"": ""split""}, {""campaigns"": 3, ""law"": ""NC"", ""operation"": ""read_user_timeline"", ""placement"": ""split""}]","{""compose_post"": {""attempts"": 7200, ""campaigns"": 6, ""median_absolute_error_pp"": 0.7499999999999951, ""p90_absolute_error_pp"": 2.7500000000000027, ""planned_campaigns"": 6, ""retained_conditions"": 2, ""standardized_mean"": {""absolute_error_pp"": 1.23611111111111, ""brier"": 0.0698099537037037, ""forecast"": 0.9280555555555556, ""observed"": 0.9237500000000001, ""signed_error_pp"": 0.43055555555555447}}, ""read_home_timeline"": {""attempts"": 7200, ""campaigns"": 6, ""median_absolute_error_pp"": 0.0, ""p90_absolute_error_pp"": 0.0, ""planned_campaigns"": 6, ""retained_conditions"": 2, ""standardized_mean"": {""absolute_error_pp"": 0.0, ""brier"": 0.0, ""forecast"": 1.0, ""observed"": 1.0, ""signed_error_pp"": 0.0}}, ""read_user_timeline"": {""attempts"": 7200, ""campaigns"": 6, ""median_absolute_error_pp"": 1.541666666666669, ""p90_absolute_error_pp"": 2.7916666666666643, ""planned_campaigns"": 6, ""retained_conditions"": 2, ""standardized_mean"": {""absolute_error_pp"": 1.5972222222222219, ""brier"": 0.09100648148148148, ""forecast"": 0.8977777777777778, ""observed"": 0.8976388888888889, ""signed_error_pp"": 0.013888888888892836}}}"
deathstarbench_social_network,R,common_point,estimable_on_reported_own_support,18,18,21600,0.14814814814814908,0.944444444444444,0.05360547839506173,"[{""campaigns"": 3, ""law"": ""N"", ""operation"": ""compose_post"", ""placement"": ""split""}, {""campaigns"": 3, ""law"": ""N"", ""operation"": ""read_home_timeline"", ""placement"": ""split""}, {""campaigns"": 3, ""law"": ""N"", ""operation"": ""read_user_timeline"", ""placement"": ""split""}, {""campaigns"": 3, ""law"": ""NC"", ""operation"": ""compose_post"", ""placement"": ""split""}, {""campaigns"": 3, ""law"": ""NC"", ""operation"": ""read_home_timeline"", ""placement"": ""split""}, {""campaigns"": 3, ""law"": ""NC"", ""operation"": ""read_user_timeline"", ""placement"": ""split""}]","{""compose_post"": {""attempts"": 7200, ""campaigns"": 6, ""median_absolute_error_pp"": 0.7499999999999951, ""p90_absolute_error_pp"": 2.7500000000000027, ""planned_campaigns"": 6, ""retained_conditions"": 2, ""standardized_mean"": {""absolute_error_pp"": 1.23611111111111, ""brier"": 0.0698099537037037, ""forecast"": 0.9280555555555556, ""observed"": 0.9237500000000001, ""signed_error_pp"": 0.43055555555555447}}, ""read_home_timeline"": {""attempts"": 7200, ""campaigns"": 6, ""median_absolute_error_pp"": 0.0, ""p90_absolute_error_pp"": 0.0, ""planned_campaigns"": 6, ""retained_conditions"": 2, ""standardized_mean"": {""absolute_error_pp"": 0.0, ""brier"": 0.0, ""forecast"": 1.0, ""observed"": 1.0, ""signed_error_pp"": 0.0}}, ""read_user_timeline"": {""attempts"": 7200, ""campaigns"": 6, ""median_absolute_error_pp"": 1.541666666666669, ""p90_absolute_error_pp"": 2.7916666666666643, ""planned_campaigns"": 6, ""retained_conditions"": 2, ""standardized_mean"": {""absolute_error_pp"": 1.5972222222222219, ""brier"": 0.09100648148148148, ""forecast"": 0.8977777777777778, ""observed"": 0.8976388888888889, ""signed_error_pp"": 0.013888888888892836}}}"
opentelemetry_demo,E,own,estimable_on_reported_own_support,12,18,14400,0.4907407407407404,2.0,0.12926736111111112,"[{""campaigns"": 3, ""law"": ""N"", ""operation"": ""browse_product"", ""placement"": ""split""}, {""campaigns"": 3, ""law"": ""N"", ""operation"": ""add_to_cart"", ""placement"": ""split""}, {""campaigns"": 3, ""law"": ""N"", ""operation"": ""checkout"", ""placement"": ""split""}, {""campaigns"": 1, ""law"": ""NC"", ""operation"": ""browse_product"", ""placement"": ""split""}, {""campaigns"": 1, ""law"": ""NC"", ""operation"": ""add_to_cart"", ""placement"": ""split""}, {""campaigns"": 1, ""law"": ""NC"", ""operation"": ""checkout"", ""placement"": ""split""}]","{""add_to_cart"": {""attempts"": 4800, ""campaigns"": 4, ""median_absolute_error_pp"": 0.874999999999998, ""p90_absolute_error_pp"": 1.608333333333333, ""planned_campaigns"": 6, ""retained_conditions"": 2, ""standardized_mean"": {""absolute_error_pp"": 1.0555555555555558, ""brier"": 0.09836574074074075, ""forecast"": 0.8891666666666667, ""observed"": 0.8894444444444445, ""signed_error_pp"": -0.027777777777780233}}, ""browse_product"": {""attempts"": 4800, ""campaigns"": 4, ""median_absolute_error_pp"": 2.083333333333337, ""p90_absolute_error_pp"": 2.283333333333334, ""planned_campaigns"": 6, ""retained_conditions"": 2, ""standardized_mean"": {""absolute_error_pp"": 1.8888888888888882, ""brier"": 0.10847708333333334, ""forecast"": 0.8947222222222222, ""observed"": 0.8763888888888889, ""signed_error_pp"": 1.8333333333333348}}, ""checkout"": {""attempts"": 4800, ""campaigns"": 4, ""median_absolute_error_pp"": 3.125, ""p90_absolute_error_pp"": 4.383333333333334, ""planned_campaigns"": 6, ""retained_conditions"": 2, ""standardized_mean"": {""absolute_error_pp"": 3.055555555555556, ""brier"": 0.18095925925925926, ""forecast"": 0.7611111111111111, ""observed"": 0.7644444444444445, ""signed_error_pp"": -0.3333333333333337}}}"
opentelemetry_demo,E,common_point,estimable_on_reported_own_support,12,18,14400,0.4907407407407404,2.0,0.12926736111111112,"[{""campaigns"": 3, ""law"": ""N"", ""operation"": ""browse_product"", ""placement"": ""split""}, {""campaigns"": 3, ""law"": ""N"", ""operation"": ""add_to_cart"", ""placement"": ""split""}, {""campaigns"": 3, ""law"": ""N"", ""operation"": ""checkout"", ""placement"": ""split""}, {""campaigns"": 1, ""law"": ""NC"", ""operation"": ""browse_product"", ""placement"": ""split""}, {""campaigns"": 1, ""law"": ""NC"", ""operation"": ""add_to_cart"", ""placement"": ""split""}, {""campaigns"": 1, ""law"": ""NC"", ""operation"": ""checkout"", ""placement"": ""split""}]","{""add_to_cart"": {""attempts"": 4800, ""campaigns"": 4, ""median_absolute_error_pp"": 0.874999999999998, ""p90_absolute_error_pp"": 1.608333333333333, ""planned_campaigns"": 6, ""retained_conditions"": 2, ""standardized_mean"": {""absolute_error_pp"": 1.0555555555555558, ""brier"": 0.09836574074074075, ""forecast"": 0.8891666666666667, ""observed"": 0.8894444444444445, ""signed_error_pp"": -0.027777777777780233}}, ""browse_product"": {""attempts"": 4800, ""campaigns"": 4, ""median_absolute_error_pp"": 2.083333333333337, ""p90_absolute_error_pp"": 2.283333333333334, ""planned_campaigns"": 6, ""retained_conditions"": 2, ""standardized_mean"": {""absolute_error_pp"": 1.8888888888888882, ""brier"": 0.10847708333333334, ""forecast"": 0.8947222222222222, ""observed"": 0.8763888888888889, ""signed_error_pp"": 1.8333333333333348}}, ""checkout"": {""attempts"": 4800, ""campaigns"": 4, ""median_absolute_error_pp"": 3.125, ""p90_absolute_error_pp"": 4.383333333333334, ""planned_campaigns"": 6, ""retained_conditions"": 2, ""standardized_mean"": {""absolute_error_pp"": 3.055555555555556, ""brier"": 0.18095925925925926, ""forecast"": 0.7611111111111111, ""observed"": 0.7644444444444445, ""signed_error_pp"": -0.3333333333333337}}}"
opentelemetry_demo,R,own,estimable_on_reported_own_support,12,18,14400,0.4907407407407404,2.0,0.12926736111111112,"[{""campaigns"": 3, ""law"": ""N"", ""operation"": ""browse_product"", ""placement"": ""split""}, {""campaigns"": 3, ""law"": ""N"", ""operation"": ""add_to_cart"", ""placement"": ""split""}, {""campaigns"": 3, ""law"": ""N"", ""operation"": ""checkout"", ""placement"": ""split""}, {""campaigns"": 1, ""law"": ""NC"", ""operation"": ""browse_product"", ""placement"": ""split""}, {""campaigns"": 1, ""law"": ""NC"", ""operation"": ""add_to_cart"", ""placement"": ""split""}, {""campaigns"": 1, ""law"": ""NC"", ""operation"": ""checkout"", ""placement"": ""split""}]","{""add_to_cart"": {""attempts"": 4800, ""campaigns"": 4, ""median_absolute_error_pp"": 0.874999999999998, ""p90_absolute_error_pp"": 1.608333333333333, ""planned_campaigns"": 6, ""retained_conditions"": 2, ""standardized_mean"": {""absolute_error_pp"": 1.0555555555555558, ""brier"": 0.09836574074074075, ""forecast"": 0.8891666666666667, ""observed"": 0.8894444444444445, ""signed_error_pp"": -0.027777777777780233}}, ""browse_product"": {""attempts"": 4800, ""campaigns"": 4, ""median_absolute_error_pp"": 2.083333333333337, ""p90_absolute_error_pp"": 2.283333333333334, ""planned_campaigns"": 6, ""retained_conditions"": 2, ""standardized_mean"": {""absolute_error_pp"": 1.8888888888888882, ""brier"": 0.10847708333333334, ""forecast"": 0.8947222222222222, ""observed"": 0.8763888888888889, ""signed_error_pp"": 1.8333333333333348}}, ""checkout"": {""attempts"": 4800, ""campaigns"": 4, ""median_absolute_error_pp"": 3.125, ""p90_absolute_error_pp"": 4.383333333333334, ""planned_campaigns"": 6, ""retained_conditions"": 2, ""standardized_mean"": {""absolute_error_pp"": 3.055555555555556, ""brier"": 0.18095925925925926, ""forecast"": 0.7611111111111111, ""observed"": 0.7644444444444445, ""signed_error_pp"": -0.3333333333333337}}}"
opentelemetry_demo,R,common_point,estimable_on_reported_own_support,12,18,14400,0.4907407407407404,2.0,0.12926736111111112,"[{""campaigns"": 3, ""law"": ""N"", ""operation"": ""browse_product"", ""placement"": ""split""}, {""campaigns"": 3, ""law"": ""N"", ""operation"": ""add_to_cart"", ""placement"": ""split""}, {""campaigns"": 3, ""law"": ""N"", ""operation"": ""checkout"", ""placement"": ""split""}, {""campaigns"": 1, ""law"": ""NC"", ""operation"": ""browse_product"", ""placement"": ""split""}, {""campaigns"": 1, ""law"": ""NC"", ""operation"": ""add_to_cart"", ""placement"": ""split""}, {""campaigns"": 1, ""law"": ""NC"", ""operation"": ""checkout"", ""placement"": ""split""}]","{""add_to_cart"": {""attempts"": 4800, ""campaigns"": 4, ""median_absolute_error_pp"": 0.874999999999998, ""p90_absolute_error_pp"": 1.608333333333333, ""planned_campaigns"": 6, ""retained_conditions"": 2, ""standardized_mean"": {""absolute_error_pp"": 1.0555555555555558, ""brier"": 0.09836574074074075, ""forecast"": 0.8891666666666667, ""observed"": 0.8894444444444445, ""signed_error_pp"": -0.027777777777780233}}, ""browse_product"": {""attempts"": 4800, ""campaigns"": 4, ""median_absolute_error_pp"": 2.083333333333337, ""p90_absolute_error_pp"": 2.283333333333334, ""planned_campaigns"": 6, ""retained_conditions"": 2, ""standardized_mean"": {""absolute_error_pp"": 1.8888888888888882, ""brier"": 0.10847708333333334, ""forecast"": 0.8947222222222222, ""observed"": 0.8763888888888889, ""signed_error_pp"": 1.8333333333333348}}, ""checkout"": {""attempts"": 4800, ""campaigns"": 4, ""median_absolute_error_pp"": 3.125, ""p90_absolute_error_pp"": 4.383333333333334, ""planned_campaigns"": 6, ""retained_conditions"": 2, ""standardized_mean"": {""absolute_error_pp"": 3.055555555555556, ""brier"": 0.18095925925925926, ""forecast"": 0.7611111111111111, ""observed"": 0.7644444444444445, ""signed_error_pp"": -0.3333333333333337}}}"
spring_petclinic_microservices,E,own,estimable_on_reported_own_support,24,24,21600,0.26851851851851744,0.9259259259259267,0.029312088477366258,"[{""campaigns"": 3, ""law"": ""N"", ""operation"": ""list_owners"", ""placement"": ""split""}, {""campaigns"": 3, ""law"": ""N"", ""operation"": ""owner_details_with_visits"", ""placement"": ""split""}, {""campaigns"": 3, ""law"": ""N"", ""operation"": ""create_visit"", ""placement"": ""split""}, {""campaigns"": 3, ""law"": ""N"", ""operation"": ""list_vets"", ""placement"": ""split""}, {""campaigns"": 3, ""law"": ""NC"", ""operation"": ""list_owners"", ""placement"": ""split""}, {""campaigns"": 3, ""law"": ""NC"", ""operation"": ""owner_details_with_visits"", ""placement"": ""split""}, {""campaigns"": 3, ""law"": ""NC"", ""operation"": ""create_visit"", ""placement"": ""split""}, {""campaigns"": 3, ""law"": ""NC"", ""operation"": ""list_vets"", ""placement"": ""split""}]","{""create_visit"": {""attempts"": 5400, ""campaigns"": 6, ""median_absolute_error_pp"": 1.88888888888889, ""p90_absolute_error_pp"": 2.9999999999999973, ""planned_campaigns"": 6, ""retained_conditions"": 2, ""standardized_mean"": {""absolute_error_pp"": 1.9074074074074074, ""brier"": 0.059853909465020574, ""forecast"": 0.942962962962963, ""observed"": 0.9361111111111111, ""signed_error_pp"": 0.6851851851851831}}, ""list_owners"": {""attempts"": 5400, ""campaigns"": 6, ""median_absolute_error_pp"": 0.0, ""p90_absolute_error_pp"": 0.0, ""planned_campaigns"": 6, ""retained_conditions"": 2, ""standardized_mean"": {""absolute_error_pp"": 0.0, ""brier"": 0.0, ""forecast"": 1.0, ""observed"": 1.0, ""signed_error_pp"": 0.0}}, ""list_vets"": {""attempts"": 5400, ""campaigns"": 6, ""median_absolute_error_pp"": 0.0, ""p90_absolute_error_pp"": 0.0, ""planned_campaigns"": 6, ""retained_conditions"": 2, ""standardized_mean"": {""absolute_error_pp"": 0.0, ""brier"": 0.0, ""forecast"": 1.0, ""observed"": 1.0, ""signed_error_pp"": 0.0}}, ""owner_details_with_visits"": {""attempts"": 5400, ""campaigns"": 6, ""median_absolute_error_pp"": 1.88888888888889, ""p90_absolute_error_pp"": 2.8333333333333375, ""planned_campaigns"": 6, ""retained_conditions"": 2, ""standardized_mean"": {""absolute_error_pp"": 1.7962962962962994, ""brier"": 0.05739444444444444, ""forecast"": 0.9427777777777777, ""observed"": 0.9388888888888889, ""signed_error_pp"": 0.3888888888888868}}}"
spring_petclinic_microservices,E,common_point,estimable_on_reported_own_support,24,24,21600,0.26851851851851744,0.9259259259259267,0.029312088477366258,"[{""campaigns"": 3, ""law"": ""N"", ""operation"": ""list_owners"", ""placement"": ""split""}, {""campaigns"": 3, ""law"": ""N"", ""operation"": ""owner_details_with_visits"", ""placement"": ""split""}, {""campaigns"": 3, ""law"": ""N"", ""operation"": ""create_visit"", ""placement"": ""split""}, {""campaigns"": 3, ""law"": ""N"", ""operation"": ""list_vets"", ""placement"": ""split""}, {""campaigns"": 3, ""law"": ""NC"", ""operation"": ""list_owners"", ""placement"": ""split""}, {""campaigns"": 3, ""law"": ""NC"", ""operation"": ""owner_details_with_visits"", ""placement"": ""split""}, {""campaigns"": 3, ""law"": ""NC"", ""operation"": ""create_visit"", ""placement"": ""split""}, {""campaigns"": 3, ""law"": ""NC"", ""operation"": ""list_vets"", ""placement"": ""split""}]","{""create_visit"": {""attempts"": 5400, ""campaigns"": 6, ""median_absolute_error_pp"": 1.88888888888889, ""p90_absolute_error_pp"": 2.9999999999999973, ""planned_campaigns"": 6, ""retained_conditions"": 2, ""standardized_mean"": {""absolute_error_pp"": 1.9074074074074074, ""brier"": 0.059853909465020574, ""forecast"": 0.942962962962963, ""observed"": 0.9361111111111111, ""signed_error_pp"": 0.6851851851851831}}, ""list_owners"": {""attempts"": 5400, ""campaigns"": 6, ""median_absolute_error_pp"": 0.0, ""p90_absolute_error_pp"": 0.0, ""planned_campaigns"": 6, ""retained_conditions"": 2, ""standardized_mean"": {""absolute_error_pp"": 0.0, ""brier"": 0.0, ""forecast"": 1.0, ""observed"": 1.0, ""signed_error_pp"": 0.0}}, ""list_vets"": {""attempts"": 5400, ""campaigns"": 6, ""median_absolute_error_pp"": 0.0, ""p90_absolute_error_pp"": 0.0, ""planned_campaigns"": 6, ""retained_conditions"": 2, ""standardized_mean"": {""absolute_error_pp"": 0.0, ""brier"": 0.0, ""forecast"": 1.0, ""observed"": 1.0, ""signed_error_pp"": 0.0}}, ""owner_details_with_visits"": {""attempts"": 5400, ""campaigns"": 6, ""median_absolute_error_pp"": 1.88888888888889, ""p90_absolute_error_pp"": 2.8333333333333375, ""planned_campaigns"": 6, ""retained_conditions"": 2, ""standardized_mean"": {""absolute_error_pp"": 1.7962962962962994, ""brier"": 0.05739444444444444, ""forecast"": 0.9427777777777777, ""observed"": 0.9388888888888889, ""signed_error_pp"": 0.3888888888888868}}}"
spring_petclinic_microservices,R,own,estimable_on_reported_own_support,24,24,21600,0.26851851851851744,0.9259259259259267,0.029312088477366258,"[{""campaigns"": 3, ""law"": ""N"", ""operation"": ""list_owners"", ""placement"": ""split""}, {""campaigns"": 3, ""law"": ""N"", ""operation"": ""owner_details_with_visits"", ""placement"": ""split""}, {""campaigns"": 3, ""law"": ""N"", ""operation"": ""create_visit"", ""placement"": ""split""}, {""campaigns"": 3, ""law"": ""N"", ""operation"": ""list_vets"", ""placement"": ""split""}, {""campaigns"": 3, ""law"": ""NC"", ""operation"": ""list_owners"", ""placement"": ""split""}, {""campaigns"": 3, ""law"": ""NC"", ""operation"": ""owner_details_with_visits"", ""placement"": ""split""}, {""campaigns"": 3, ""law"": ""NC"", ""operation"": ""create_visit"", ""placement"": ""split""}, {""campaigns"": 3, ""law"": ""NC"", ""operation"": ""list_vets"", ""placement"": ""split""}]","{""create_visit"": {""attempts"": 5400, ""campaigns"": 6, ""median_absolute_error_pp"": 1.88888888888889, ""p90_absolute_error_pp"": 2.9999999999999973, ""planned_campaigns"": 6, ""retained_conditions"": 2, ""standardized_mean"": {""absolute_error_pp"": 1.9074074074074074, ""brier"": 0.059853909465020574, ""forecast"": 0.942962962962963, ""observed"": 0.9361111111111111, ""signed_error_pp"": 0.6851851851851831}}, ""list_owners"": {""attempts"": 5400, ""campaigns"": 6, ""median_absolute_error_pp"": 0.0, ""p90_absolute_error_pp"": 0.0, ""planned_campaigns"": 6, ""retained_conditions"": 2, ""standardized_mean"": {""absolute_error_pp"": 0.0, ""brier"": 0.0, ""forecast"": 1.0, ""observed"": 1.0, ""signed_error_pp"": 0.0}}, ""list_vets"": {""attempts"": 5400, ""campaigns"": 6, ""median_absolute_error_pp"": 0.0, ""p90_absolute_error_pp"": 0.0, ""planned_campaigns"": 6, ""retained_conditions"": 2, ""standardized_mean"": {""absolute_error_pp"": 0.0, ""brier"": 0.0, ""forecast"": 1.0, ""observed"": 1.0, ""signed_error_pp"": 0.0}}, ""owner_details_with_visits"": {""attempts"": 5400, ""campaigns"": 6, ""median_absolute_error_pp"": 1.88888888888889, ""p90_absolute_error_pp"": 2.8333333333333375, ""planned_campaigns"": 6, ""retained_conditions"": 2, ""standardized_mean"": {""absolute_error_pp"": 1.7962962962962994, ""brier"": 0.05739444444444444, ""forecast"": 0.9427777777777777, ""observed"": 0.9388888888888889, ""signed_error_pp"": 0.3888888888888868}}}"
spring_petclinic_microservices,R,common_point,estimable_on_reported_own_support,24,24,21600,0.26851851851851744,0.9259259259259267,0.029312088477366258,"[{""campaigns"": 3, ""law"": ""N"", ""operation"": ""list_owners"", ""placement"": ""split""}, {""campaigns"": 3, ""law"": ""N"", ""operation"": ""owner_details_with_visits"", ""placement"": ""split""}, {""campaigns"": 3, ""law"": ""N"", ""operation"": ""create_visit"", ""placement"": ""split""}, {""campaigns"": 3, ""law"": ""N"", ""operation"": ""list_vets"", ""placement"": ""split""}, {""campaigns"": 3, ""law"": ""NC"", ""operation"": ""list_owners"", ""placement"": ""split""}, {""campaigns"": 3, ""law"": ""NC"", ""operation"": ""owner_details_with_visits"", ""placement"": ""split""}, {""campaigns"": 3, ""law"": ""NC"", ""operation"": ""create_visit"", ""placement"": ""split""}, {""campaigns"": 3, ""law"": ""NC"", ""operation"": ""list_vets"", ""placement"": ""split""}]","{""create_visit"": {""attempts"": 5400, ""campaigns"": 6, ""median_absolute_error_pp"": 1.88888888888889, ""p90_absolute_error_pp"": 2.9999999999999973, ""planned_campaigns"": 6, ""retained_conditions"": 2, ""standardized_mean"": {""absolute_error_pp"": 1.9074074074074074, ""brier"": 0.059853909465020574, ""forecast"": 0.942962962962963, ""observed"": 0.9361111111111111, ""signed_error_pp"": 0.6851851851851831}}, ""list_owners"": {""attempts"": 5400, ""campaigns"": 6, ""median_absolute_error_pp"": 0.0, ""p90_absolute_error_pp"": 0.0, ""planned_campaigns"": 6, ""retained_conditions"": 2, ""standardized_mean"": {""absolute_error_pp"": 0.0, ""brier"": 0.0, ""forecast"": 1.0, ""observed"": 1.0, ""signed_error_pp"": 0.0}}, ""list_vets"": {""attempts"": 5400, ""campaigns"": 6, ""median_absolute_error_pp"": 0.0, ""p90_absolute_error_pp"": 0.0, ""planned_campaigns"": 6, ""retained_conditions"": 2, ""standardized_mean"": {""absolute_error_pp"": 0.0, ""brier"": 0.0, ""forecast"": 1.0, ""observed"": 1.0, ""signed_error_pp"": 0.0}}, ""owner_details_with_visits"": {""attempts"": 5400, ""campaigns"": 6, ""median_absolute_error_pp"": 1.88888888888889, ""p90_absolute_error_pp"": 2.8333333333333375, ""planned_campaigns"": 6, ""retained_conditions"": 2, ""standardized_mean"": {""absolute_error_pp"": 1.7962962962962994, ""brier"": 0.05739444444444444, ""forecast"": 0.9427777777777777, ""observed"": 0.9388888888888889, ""signed_error_pp"": 0.3888888888888868}}}"
