application,repetition,multiplier,route,target,status,position,order,attempts,native_span_records,first_answer_seconds,first_cpu_seconds,first_peak_rss_mib,internal_pipeline_seconds,first_query_seconds,frequency_identification_seconds,interpretation_seconds,projection_seconds,read_seconds,representation_seconds,save_seconds,startup_dispatch_seconds,source_files_read,models,whole_process_seconds,whole_process_resource
deathstarbench_social_network,0,1,full_e,E,qualified,0,"[""full_e"", ""full_r"", ""projected_r"", ""direct_r""]",3600,53155,1.951119912,2.518322,206.375,1.1812626949999867,0.0016066809999983889,0.010159877999967648,0.7714281839951127,0.0,0.2238248209999938,0.17120272500483225,0.0006232490000002144,0.772274374000095,"[""requests.json"", ""native.json"", ""declarations.json"", ""probes.json"", ""manifest.json""]","{""compose_post"": {""categories"": 5, ""coordinates"": 17, ""samples"": 1200}, ""read_home_timeline"": {""categories"": 1, ""coordinates"": 4, ""samples"": 1200}, ""read_user_timeline"": {""categories"": 4, ""coordinates"": 8, ""samples"": 1200}}",2.121252426999945,"{""maximum_rss_bytes"": 216399872.0, ""path"": ""process-resource-usage.txt"", ""system_seconds"": 0.1, ""user_seconds"": 2.55, ""wall_seconds"": 2.09}"
deathstarbench_social_network,0,1,full_r,R,qualified,1,"[""full_e"", ""full_r"", ""projected_r"", ""direct_r""]",3600,53155,1.942460722,2.5067820000000003,206.1875,1.1800032769999689,0.00014291099989804934,0.010193644999958451,0.7688268799944353,0.0,0.2268010109999068,0.17101729200555837,0.0006573059999936959,0.7648216770002494,"[""requests.json"", ""native.json"", ""declarations.json"", ""probes.json"", ""manifest.json""]","{""compose_post"": {""categories"": 5, ""coordinates"": 17, ""samples"": 1200}, ""read_home_timeline"": {""categories"": 1, ""coordinates"": 4, ""samples"": 1200}, ""read_user_timeline"": {""categories"": 4, ""coordinates"": 8, ""samples"": 1200}}",2.071612823999999,"{""maximum_rss_bytes"": 216203264.0, ""path"": ""process-resource-usage.txt"", ""system_seconds"": 0.1, ""user_seconds"": 2.5, ""wall_seconds"": 2.04}"
deathstarbench_social_network,0,1,projected_r,R,qualified,2,"[""full_e"", ""full_r"", ""projected_r"", ""direct_r""]",3600,53155,1.941485074,2.5080620000000002,206.38671875,1.1804532039999458,8.884699980171717e-05,0.010324752999963493,0.8007738439983996,0.00013320000005023758,0.22439262000000326,0.142044451001766,0.00036206599997967714,0.7633652930000361,"[""requests.json"", ""native.json"", ""declarations.json"", ""probes.json"", ""manifest.json""]","{""compose_post"": {""categories"": 3, ""coordinates"": 2, ""samples"": 1200}, ""read_home_timeline"": {""categories"": 1, ""coordinates"": 2, ""samples"": 1200}, ""read_user_timeline"": {""categories"": 2, ""coordinates"": 2, ""samples"": 1200}}",2.074509830000011,"{""maximum_rss_bytes"": 216412160.0, ""path"": ""process-resource-usage.txt"", ""system_seconds"": 0.1, ""user_seconds"": 2.49, ""wall_seconds"": 2.03}"
deathstarbench_social_network,0,1,direct_r,R,qualified,3,"[""full_e"", ""full_r"", ""projected_r"", ""direct_r""]",3600,53155,1.837170245,2.41147,206.55078125,1.0733819969999558,9.905099989282462e-05,0.007573485000079927,0.7441086600041444,0.0,0.22644910299993626,0.09345807599572709,0.0008124869999619477,0.7646693830002576,"[""requests.json"", ""native.json"", ""declarations.json""]","{""compose_post"": {""categories"": 3, ""coordinates"": 2, ""samples"": 1200}, ""read_home_timeline"": {""categories"": 1, ""coordinates"": 2, ""samples"": 1200}, ""read_user_timeline"": {""categories"": 2, ""coordinates"": 2, ""samples"": 1200}}",1.968753602999982,"{""maximum_rss_bytes"": 216584192.0, ""path"": ""process-resource-usage.txt"", ""system_seconds"": 0.1, ""user_seconds"": 2.4, ""wall_seconds"": 1.93}"
deathstarbench_social_network,0,2,full_r,R,qualified,0,"[""full_r"", ""projected_r"", ""direct_r"", ""full_e""]",7200,106310,3.317806929,3.890659,310.4765625,2.5506287560000374,0.0001582160000452859,0.02182096499996078,1.549542189986255,0.0,0.4622313500000246,0.5108863190137072,0.0006464719999712543,0.7725214170000361,"[""requests.json"", ""native.json"", ""declarations.json"", ""probes.json"", ""manifest.json""]","{""compose_post"": {""categories"": 5, ""coordinates"": 17, ""samples"": 2400}, ""read_home_timeline"": {""categories"": 1, ""coordinates"": 4, ""samples"": 2400}, ""read_user_timeline"": {""categories"": 4, ""coordinates"": 8, ""samples"": 2400}}",3.474418740000033,"{""maximum_rss_bytes"": 325558272.0, ""path"": ""process-resource-usage.txt"", ""system_seconds"": 0.16, ""user_seconds"": 3.85, ""wall_seconds"": 3.44}"
deathstarbench_social_network,0,2,projected_r,R,qualified,1,"[""full_r"", ""projected_r"", ""direct_r"", ""full_e""]",7200,106310,3.307765567,3.878201,310.7734375,2.5437221519999866,9.503900002982846e-05,0.021500225000067985,1.5425101909989962,0.00014591800004382094,0.46275506699998914,0.5111094400008369,0.00035641699992083886,0.7692932700001154,"[""requests.json"", ""native.json"", ""declarations.json"", ""probes.json"", ""manifest.json""]","{""compose_post"": {""categories"": 3, ""coordinates"": 2, ""samples"": 2400}, ""read_home_timeline"": {""categories"": 1, ""coordinates"": 2, ""samples"": 2400}, ""read_user_timeline"": {""categories"": 2, ""coordinates"": 2, ""samples"": 2400}}",3.4742025829999648,"{""maximum_rss_bytes"": 325869568.0, ""path"": ""process-resource-usage.txt"", ""system_seconds"": 0.13, ""user_seconds"": 3.86, ""wall_seconds"": 3.43}"
deathstarbench_social_network,0,2,direct_r,R,qualified,2,"[""full_r"", ""projected_r"", ""direct_r"", ""full_e""]",7200,106310,3.103276069,3.673686,310.5234375,2.3420093660000703,0.0001032840000334545,0.014506544000028043,1.580906615994195,0.0,0.464602252000077,0.27962179700580236,0.0003763550000712712,0.763159220999793,"[""requests.json"", ""native.json"", ""declarations.json""]","{""compose_post"": {""categories"": 3, ""coordinates"": 2, ""samples"": 2400}, ""read_home_timeline"": {""categories"": 1, ""coordinates"": 2, ""samples"": 2400}, ""read_user_timeline"": {""categories"": 2, ""coordinates"": 2, ""samples"": 2400}}",3.272377980999977,"{""maximum_rss_bytes"": 325607424.0, ""path"": ""process-resource-usage.txt"", ""system_seconds"": 0.14, ""user_seconds"": 3.65, ""wall_seconds"": 3.22}"
deathstarbench_social_network,0,2,full_e,E,qualified,3,"[""full_r"", ""projected_r"", ""direct_r"", ""full_e""]",7200,106310,3.316799655,3.888179,310.83203125,2.5513338089999706,0.001626790999921468,0.020143573999916953,1.6853518209887852,0.0,0.46373055199990176,0.3743716860112727,0.0006384529999650113,0.770936778000237,"[""requests.json"", ""native.json"", ""declarations.json"", ""probes.json"", ""manifest.json""]","{""compose_post"": {""categories"": 5, ""coordinates"": 17, ""samples"": 2400}, ""read_home_timeline"": {""categories"": 1, ""coordinates"": 4, ""samples"": 2400}, ""read_user_timeline"": {""categories"": 4, ""coordinates"": 8, ""samples"": 2400}}",3.5234807520000686,"{""maximum_rss_bytes"": 325931008.0, ""path"": ""process-resource-usage.txt"", ""system_seconds"": 0.13, ""user_seconds"": 3.91, ""wall_seconds"": 3.48}"
deathstarbench_social_network,0,4,projected_r,R,qualified,0,"[""projected_r"", ""direct_r"", ""full_e"", ""full_r""]",14400,212620,6.200525985,6.773235000000001,519.07421875,5.428149451999957,0.00010158400016280211,0.03911910199997237,3.6364352129918416,0.0003731019999122509,0.9584534509999685,0.7814102580081226,0.00036329299996396003,0.7842699820000556,"[""requests.json"", ""native.json"", ""declarations.json"", ""probes.json"", ""manifest.json""]","{""compose_post"": {""categories"": 3, ""coordinates"": 2, ""samples"": 4800}, ""read_home_timeline"": {""categories"": 1, ""coordinates"": 2, ""samples"": 4800}, ""read_user_timeline"": {""categories"": 2, ""coordinates"": 2, ""samples"": 4800}}",6.380060407999963,"{""maximum_rss_bytes"": 544288768.0, ""path"": ""process-resource-usage.txt"", ""system_seconds"": 0.25, ""user_seconds"": 6.69, ""wall_seconds"": 6.37}"
deathstarbench_social_network,0,4,direct_r,R,qualified,1,"[""projected_r"", ""direct_r"", ""full_e"", ""full_r""]",14400,212620,5.494842156,6.068209,519.15625,4.732770061999986,0.00011099100004230422,0.02889435700001286,3.1740364460183628,0.0,0.9310778500000652,0.5944300039817563,0.00038908499993794976,0.7659034229998225,"[""requests.json"", ""native.json"", ""declarations.json""]","{""compose_post"": {""categories"": 3, ""coordinates"": 2, ""samples"": 4800}, ""read_home_timeline"": {""categories"": 1, ""coordinates"": 2, ""samples"": 4800}, ""read_user_timeline"": {""categories"": 2, ""coordinates"": 2, ""samples"": 4800}}",5.6775270419999515,"{""maximum_rss_bytes"": 544374784.0, ""path"": ""process-resource-usage.txt"", ""system_seconds"": 0.26, ""user_seconds"": 5.98, ""wall_seconds"": 5.66}"
deathstarbench_social_network,0,4,full_e,E,qualified,2,"[""projected_r"", ""direct_r"", ""full_e"", ""full_r""]",14400,212620,6.168499987,6.734282,519.1796875,5.406470081999942,0.0016375609999386143,0.03956000400012272,3.63913593496477,0.0,0.9400785509999423,0.7738578550350894,0.0006328279999934239,0.7735972530001431,"[""requests.json"", ""native.json"", ""declarations.json"", ""probes.json"", ""manifest.json""]","{""compose_post"": {""categories"": 5, ""coordinates"": 17, ""samples"": 4800}, ""read_home_timeline"": {""categories"": 1, ""coordinates"": 4, ""samples"": 4800}, ""read_user_timeline"": {""categories"": 4, ""coordinates"": 8, ""samples"": 4800}}",6.432117011000059,"{""maximum_rss_bytes"": 544399360.0, ""path"": ""process-resource-usage.txt"", ""system_seconds"": 0.23, ""user_seconds"": 6.71, ""wall_seconds"": 6.38}"
deathstarbench_social_network,0,4,full_r,R,qualified,3,"[""projected_r"", ""direct_r"", ""full_e"", ""full_r""]",14400,212620,6.195619263,6.768708,519.34765625,5.429161254000064,0.00017508099995211523,0.03924119300017992,3.6539301939886855,0.0,0.9430429290000575,0.7802277290112443,0.000677252000059525,0.7783248849998214,"[""requests.json"", ""native.json"", ""declarations.json"", ""probes.json"", ""manifest.json""]","{""compose_post"": {""categories"": 5, ""coordinates"": 17, ""samples"": 4800}, ""read_home_timeline"": {""categories"": 1, ""coordinates"": 4, ""samples"": 4800}, ""read_user_timeline"": {""categories"": 4, ""coordinates"": 8, ""samples"": 4800}}",6.378705620999995,"{""maximum_rss_bytes"": 544575488.0, ""path"": ""process-resource-usage.txt"", ""system_seconds"": 0.24, ""user_seconds"": 6.7, ""wall_seconds"": 6.37}"
deathstarbench_social_network,1,2,projected_r,R,qualified,0,"[""projected_r"", ""direct_r"", ""full_e"", ""full_r""]",7200,106310,3.317958806,3.8864660000000004,310.48828125,2.5498682910000525,9.866599998531456e-05,0.0214520370000173,1.5458660950034755,0.00015048700004172133,0.4681648829999858,0.5084134179965076,0.00036392900005921547,0.7734492909999275,"[""requests.json"", ""native.json"", ""declarations.json"", ""probes.json"", ""manifest.json""]","{""compose_post"": {""categories"": 3, ""coordinates"": 2, ""samples"": 2400}, ""read_home_timeline"": {""categories"": 1, ""coordinates"": 2, ""samples"": 2400}, ""read_user_timeline"": {""categories"": 2, ""coordinates"": 2, ""samples"": 2400}}",3.4728909269999804,"{""maximum_rss_bytes"": 325570560.0, ""path"": ""process-resource-usage.txt"", ""system_seconds"": 0.15, ""user_seconds"": 3.85, ""wall_seconds"": 3.44}"
deathstarbench_social_network,1,2,direct_r,R,qualified,1,"[""projected_r"", ""direct_r"", ""full_e"", ""full_r""]",7200,106310,3.089808597,3.663412,310.47265625,2.322755161000032,0.00011188999997102655,0.01459881799996765,1.559618385008207,0.0,0.4663613930000565,0.27968439999176553,0.00039379299994379835,0.7690399180000886,"[""requests.json"", ""native.json"", ""declarations.json""]","{""compose_post"": {""categories"": 3, ""coordinates"": 2, ""samples"": 2400}, ""read_home_timeline"": {""categories"": 1, ""coordinates"": 2, ""samples"": 2400}, ""read_user_timeline"": {""categories"": 2, ""coordinates"": 2, ""samples"": 2400}}",3.2213857499999676,"{""maximum_rss_bytes"": 325554176.0, ""path"": ""process-resource-usage.txt"", ""system_seconds"": 0.13, ""user_seconds"": 3.64, ""wall_seconds"": 3.21}"
deathstarbench_social_network,1,2,full_e,E,qualified,2,"[""projected_r"", ""direct_r"", ""full_e"", ""full_r""]",7200,106310,3.302512004,3.8758,310.36328125,2.5412842599999976,0.001611202999924899,0.021435863000078825,1.5473258350067454,0.0,0.4610814740000251,0.5039082579933165,0.0006377169999041143,0.7665116540000052,"[""requests.json"", ""native.json"", ""declarations.json"", ""probes.json"", ""manifest.json""]","{""compose_post"": {""categories"": 5, ""coordinates"": 17, ""samples"": 2400}, ""read_home_timeline"": {""categories"": 1, ""coordinates"": 4, ""samples"": 2400}, ""read_user_timeline"": {""categories"": 4, ""coordinates"": 8, ""samples"": 2400}}",3.4721676759999127,"{""maximum_rss_bytes"": 325439488.0, ""path"": ""process-resource-usage.txt"", ""system_seconds"": 0.15, ""user_seconds"": 3.88, ""wall_seconds"": 3.46}"
deathstarbench_social_network,1,2,full_r,R,qualified,3,"[""projected_r"", ""direct_r"", ""full_e"", ""full_r""]",7200,106310,3.300933071,3.86798,310.71875,2.5371278459999758,0.00016258400000879192,0.021654089999856296,1.539225544007536,0.0,0.4608289689999765,0.5092084609925678,0.0006521249999877909,0.7692012980000671,"[""requests.json"", ""native.json"", ""declarations.json"", ""probes.json"", ""manifest.json""]","{""compose_post"": {""categories"": 5, ""coordinates"": 17, ""samples"": 2400}, ""read_home_timeline"": {""categories"": 1, ""coordinates"": 4, ""samples"": 2400}, ""read_user_timeline"": {""categories"": 4, ""coordinates"": 8, ""samples"": 2400}}",3.4723635380000815,"{""maximum_rss_bytes"": 325812224.0, ""path"": ""process-resource-usage.txt"", ""system_seconds"": 0.15, ""user_seconds"": 3.83, ""wall_seconds"": 3.42}"
deathstarbench_social_network,1,4,direct_r,R,qualified,0,"[""direct_r"", ""full_e"", ""full_r"", ""projected_r""]",14400,212620,5.468192231,6.040329,519.203125,4.700360765000028,0.00011330600000292179,0.0288540340001191,3.135595086005992,0.0,0.9395811140000205,0.5914333879937885,0.00037722100000792125,0.7722380820000687,"[""requests.json"", ""native.json"", ""declarations.json""]","{""compose_post"": {""categories"": 3, ""coordinates"": 2, ""samples"": 4800}, ""read_home_timeline"": {""categories"": 1, ""coordinates"": 2, ""samples"": 4800}, ""read_user_timeline"": {""categories"": 2, ""coordinates"": 2, ""samples"": 4800}}",5.67807954500006,"{""maximum_rss_bytes"": 544423936.0, ""path"": ""process-resource-usage.txt"", ""system_seconds"": 0.24, ""user_seconds"": 5.97, ""wall_seconds"": 5.64}"
deathstarbench_social_network,1,4,full_e,E,qualified,1,"[""direct_r"", ""full_e"", ""full_r"", ""projected_r""]",14400,212620,6.185699346,6.759035,519.6796875,5.424293583000008,0.00162404399998195,0.03969037400008801,3.652065642007301,0.0,0.9365795040000648,0.7816365009928177,0.0006547759999193659,0.773448504999827,"[""requests.json"", ""native.json"", ""declarations.json"", ""probes.json"", ""manifest.json""]","{""compose_post"": {""categories"": 5, ""coordinates"": 17, ""samples"": 4800}, ""read_home_timeline"": {""categories"": 1, ""coordinates"": 4, ""samples"": 4800}, ""read_user_timeline"": {""categories"": 4, ""coordinates"": 8, ""samples"": 4800}}",6.430084961000034,"{""maximum_rss_bytes"": 544923648.0, ""path"": ""process-resource-usage.txt"", ""system_seconds"": 0.24, ""user_seconds"": 6.73, ""wall_seconds"": 6.4}"
deathstarbench_social_network,1,4,full_r,R,qualified,2,"[""direct_r"", ""full_e"", ""full_r"", ""projected_r""]",14400,212620,6.223067528,6.794074,519.18359375,5.455140624000023,0.00020606800001132797,0.04004094599997643,3.676786587984111,0.0,0.9421504650000543,0.7828718520158873,0.0006928259999767761,0.7803187829999825,"[""requests.json"", ""native.json"", ""declarations.json"", ""probes.json"", ""manifest.json""]","{""compose_post"": {""categories"": 5, ""coordinates"": 17, ""samples"": 4800}, ""read_home_timeline"": {""categories"": 1, ""coordinates"": 4, ""samples"": 4800}, ""read_user_timeline"": {""categories"": 4, ""coordinates"": 8, ""samples"": 4800}}",6.4332869130000745,"{""maximum_rss_bytes"": 544403456.0, ""path"": ""process-resource-usage.txt"", ""system_seconds"": 0.24, ""user_seconds"": 6.73, ""wall_seconds"": 6.4}"
deathstarbench_social_network,1,4,projected_r,R,qualified,3,"[""direct_r"", ""full_e"", ""full_r"", ""projected_r""]",14400,212620,6.1863385,6.759481999999999,518.6640625,5.420896024999934,0.00011006299996552116,0.03906403500002398,3.6483281290094283,0.00042297100003452215,0.9402749539999604,0.7802526449906964,0.0003644769999482378,0.7775212259999424,"[""requests.json"", ""native.json"", ""declarations.json"", ""probes.json"", ""manifest.json""]","{""compose_post"": {""categories"": 3, ""coordinates"": 2, ""samples"": 4800}, ""read_home_timeline"": {""categories"": 1, ""coordinates"": 2, ""samples"": 4800}, ""read_user_timeline"": {""categories"": 2, ""coordinates"": 2, ""samples"": 4800}}",6.379884406999963,"{""maximum_rss_bytes"": 543858688.0, ""path"": ""process-resource-usage.txt"", ""system_seconds"": 0.23, ""user_seconds"": 6.7, ""wall_seconds"": 6.36}"
deathstarbench_social_network,1,1,full_r,R,qualified,0,"[""full_r"", ""projected_r"", ""direct_r"", ""full_e""]",3600,53155,1.958711835,2.531172,206.44921875,1.1912344830000166,0.00015102300005764846,0.010277287999770124,0.772431333009763,0.0,0.23008857500008162,0.17534555499037197,0.0006248629999845434,0.769793197999971,"[""requests.json"", ""native.json"", ""declarations.json"", ""probes.json"", ""manifest.json""]","{""compose_post"": {""categories"": 5, ""coordinates"": 17, ""samples"": 1200}, ""read_home_timeline"": {""categories"": 1, ""coordinates"": 4, ""samples"": 1200}, ""read_user_timeline"": {""categories"": 4, ""coordinates"": 8, ""samples"": 1200}}",2.069700062999914,"{""maximum_rss_bytes"": 216477696.0, ""path"": ""process-resource-usage.txt"", ""system_seconds"": 0.09, ""user_seconds"": 2.53, ""wall_seconds"": 2.05}"
deathstarbench_social_network,1,1,projected_r,R,qualified,1,"[""full_r"", ""projected_r"", ""direct_r"", ""full_e""]",3600,53155,1.957612479,2.524981,206.578125,1.1923902920000273,9.21489998972902e-05,0.010262004000082925,0.7783723240041809,0.00013744099999257742,0.2272904760000074,0.17345228899569065,0.00036504600006992405,0.7676407500000784,"[""requests.json"", ""native.json"", ""declarations.json"", ""probes.json"", ""manifest.json""]","{""compose_post"": {""categories"": 3, ""coordinates"": 2, ""samples"": 1200}, ""read_home_timeline"": {""categories"": 1, ""coordinates"": 2, ""samples"": 1200}, ""read_user_timeline"": {""categories"": 2, ""coordinates"": 2, ""samples"": 1200}}",2.0695104489999494,"{""maximum_rss_bytes"": 216612864.0, ""path"": ""process-resource-usage.txt"", ""system_seconds"": 0.09, ""user_seconds"": 2.52, ""wall_seconds"": 2.05}"
deathstarbench_social_network,1,1,direct_r,R,qualified,2,"[""full_r"", ""projected_r"", ""direct_r"", ""full_e""]",3600,53155,1.849309074,2.422899,206.5859375,1.08281048799995,9.859600004347158e-05,0.007591899000090052,0.7498462680022158,0.0,0.22997351099991192,0.09406369099781386,0.00035921400001370785,0.7673758949999112,"[""requests.json"", ""native.json"", ""declarations.json""]","{""compose_post"": {""categories"": 3, ""coordinates"": 2, ""samples"": 1200}, ""read_home_timeline"": {""categories"": 1, ""coordinates"": 2, ""samples"": 1200}, ""read_user_timeline"": {""categories"": 2, ""coordinates"": 2, ""samples"": 1200}}",1.968999042000064,"{""maximum_rss_bytes"": 216621056.0, ""path"": ""process-resource-usage.txt"", ""system_seconds"": 0.11, ""user_seconds"": 2.4, ""wall_seconds"": 1.94}"
deathstarbench_social_network,1,1,full_e,E,qualified,3,"[""full_r"", ""projected_r"", ""direct_r"", ""full_e""]",3600,53155,1.956220506,2.5301810000000002,206.1640625,1.1912437729999965,0.0015726900001027388,0.010967804999950204,0.7739045999989003,0.0,0.22821135300000606,0.17345544300110305,0.0006274889999531297,0.7674811259999845,"[""requests.json"", ""native.json"", ""declarations.json"", ""probes.json"", ""manifest.json""]","{""compose_post"": {""categories"": 5, ""coordinates"": 17, ""samples"": 1200}, ""read_home_timeline"": {""categories"": 1, ""coordinates"": 4, ""samples"": 1200}, ""read_user_timeline"": {""categories"": 4, ""coordinates"": 8, ""samples"": 1200}}",2.119040246000054,"{""maximum_rss_bytes"": 216178688.0, ""path"": ""process-resource-usage.txt"", ""system_seconds"": 0.09, ""user_seconds"": 2.57, ""wall_seconds"": 2.09}"
deathstarbench_social_network,2,4,full_e,E,qualified,0,"[""full_e"", ""full_r"", ""projected_r"", ""direct_r""]",14400,212620,6.204378924,6.777775,519.21875,5.4337986169999795,0.001730704000010519,0.039561307999974815,3.6385527610020745,0.0,0.9544256919999725,0.7870225679979512,0.0006639870000526571,0.782421903999964,"[""requests.json"", ""native.json"", ""declarations.json"", ""probes.json"", ""manifest.json""]","{""compose_post"": {""categories"": 5, ""coordinates"": 17, ""samples"": 4800}, ""read_home_timeline"": {""categories"": 1, ""coordinates"": 4, ""samples"": 4800}, ""read_user_timeline"": {""categories"": 4, ""coordinates"": 8, ""samples"": 4800}}",6.430179788999908,"{""maximum_rss_bytes"": 544440320.0, ""path"": ""process-resource-usage.txt"", ""system_seconds"": 0.22, ""user_seconds"": 6.77, ""wall_seconds"": 6.42}"
deathstarbench_social_network,2,4,full_r,R,qualified,1,"[""full_e"", ""full_r"", ""projected_r"", ""direct_r""]",14400,212620,6.200366069,6.77381,518.91015625,5.435482903999969,0.00017706199992062466,0.03977266499998677,3.650934474988617,0.0,0.9548779890000105,0.777136865011471,0.0006540660000382559,0.7768129469999563,"[""requests.json"", ""native.json"", ""declarations.json"", ""probes.json"", ""manifest.json""]","{""compose_post"": {""categories"": 5, ""coordinates"": 17, ""samples"": 4800}, ""read_home_timeline"": {""categories"": 1, ""coordinates"": 4, ""samples"": 4800}, ""read_user_timeline"": {""categories"": 4, ""coordinates"": 8, ""samples"": 4800}}",6.432198507999942,"{""maximum_rss_bytes"": 544116736.0, ""path"": ""process-resource-usage.txt"", ""system_seconds"": 0.24, ""user_seconds"": 6.71, ""wall_seconds"": 6.38}"
deathstarbench_social_network,2,4,projected_r,R,qualified,2,"[""full_e"", ""full_r"", ""projected_r"", ""direct_r""]",14400,212620,6.195753488,6.769121999999999,519.1484375,5.430284891000042,0.0001025060000756639,0.03941875500004244,3.65719137300232,0.0004008230000636104,0.9417543350000415,0.7788729609976599,0.0003788679999843225,0.7776338669998131,"[""requests.json"", ""native.json"", ""declarations.json"", ""probes.json"", ""manifest.json""]","{""compose_post"": {""categories"": 3, ""coordinates"": 2, ""samples"": 4800}, ""read_home_timeline"": {""categories"": 1, ""coordinates"": 2, ""samples"": 4800}, ""read_user_timeline"": {""categories"": 2, ""coordinates"": 2, ""samples"": 4800}}",6.380100721999952,"{""maximum_rss_bytes"": 544366592.0, ""path"": ""process-resource-usage.txt"", ""system_seconds"": 0.23, ""user_seconds"": 6.71, ""wall_seconds"": 6.37}"
deathstarbench_social_network,2,4,direct_r,R,qualified,3,"[""full_e"", ""full_r"", ""projected_r"", ""direct_r""]",14400,212620,5.511678202,6.085637,518.9375,4.743647271999976,0.00011474500013264333,0.029649724000023525,3.1880697030024976,0.0,0.9310383329999468,0.5905639549974921,0.0003814279999687642,0.7718603139999383,"[""requests.json"", ""native.json"", ""declarations.json""]","{""compose_post"": {""categories"": 3, ""coordinates"": 2, ""samples"": 4800}, ""read_home_timeline"": {""categories"": 1, ""coordinates"": 2, ""samples"": 4800}, ""read_user_timeline"": {""categories"": 2, ""coordinates"": 2, ""samples"": 4800}}",5.728338554000061,"{""maximum_rss_bytes"": 544145408.0, ""path"": ""process-resource-usage.txt"", ""system_seconds"": 0.22, ""user_seconds"": 6.03, ""wall_seconds"": 5.68}"
deathstarbench_social_network,2,1,projected_r,R,qualified,0,"[""projected_r"", ""direct_r"", ""full_e"", ""full_r""]",3600,53155,1.972997271,2.5463240000000003,206.41796875,1.2046680600000172,9.300199997142045e-05,0.010204406999946514,0.7760734389951267,0.00013486699992881768,0.23527891600008388,0.18011846900481032,0.0003633929999296015,0.7707307780002028,"[""requests.json"", ""native.json"", ""declarations.json"", ""probes.json"", ""manifest.json""]","{""compose_post"": {""categories"": 3, ""coordinates"": 2, ""samples"": 1200}, ""read_home_timeline"": {""categories"": 1, ""coordinates"": 2, ""samples"": 1200}, ""read_user_timeline"": {""categories"": 2, ""coordinates"": 2, ""samples"": 1200}}",2.1246658280000474,"{""maximum_rss_bytes"": 216444928.0, ""path"": ""process-resource-usage.txt"", ""system_seconds"": 0.11, ""user_seconds"": 2.54, ""wall_seconds"": 2.07}"
deathstarbench_social_network,2,1,direct_r,R,qualified,1,"[""projected_r"", ""direct_r"", ""full_e"", ""full_r""]",3600,53155,1.840151021,2.4026270000000003,206.5625,1.07620805199997,0.00010120299987192993,0.007489710999834642,0.7479783060059617,0.0,0.224932360999901,0.09449071199412629,0.0003704430000652792,0.7647882850002392,"[""requests.json"", ""native.json"", ""declarations.json""]","{""compose_post"": {""categories"": 3, ""coordinates"": 2, ""samples"": 1200}, ""read_home_timeline"": {""categories"": 1, ""coordinates"": 2, ""samples"": 1200}, ""read_user_timeline"": {""categories"": 2, ""coordinates"": 2, ""samples"": 1200}}",1.9696897389999322,"{""maximum_rss_bytes"": 216596480.0, ""path"": ""process-resource-usage.txt"", ""system_seconds"": 0.1, ""user_seconds"": 2.38, ""wall_seconds"": 1.93}"
deathstarbench_social_network,2,1,full_e,E,qualified,2,"[""projected_r"", ""direct_r"", ""full_e"", ""full_r""]",3600,53155,1.970891368,2.54195,206.484375,1.1978617720000102,0.0015833340000881435,0.010477103999960491,0.7791427110000768,0.0,0.22971323900003426,0.17390553799998543,0.0006349719999434456,0.7754344699999114,"[""requests.json"", ""native.json"", ""declarations.json"", ""probes.json"", ""manifest.json""]","{""compose_post"": {""categories"": 5, ""coordinates"": 17, ""samples"": 1200}, ""read_home_timeline"": {""categories"": 1, ""coordinates"": 4, ""samples"": 1200}, ""read_user_timeline"": {""categories"": 4, ""coordinates"": 8, ""samples"": 1200}}",2.1218745439999793,"{""maximum_rss_bytes"": 216514560.0, ""path"": ""process-resource-usage.txt"", ""system_seconds"": 0.08, ""user_seconds"": 2.6, ""wall_seconds"": 2.11}"
deathstarbench_social_network,2,1,full_r,R,qualified,3,"[""projected_r"", ""direct_r"", ""full_e"", ""full_r""]",3600,53155,1.973409835,2.540574,206.28515625,1.200947178999968,0.00014673399982712,0.010316412999941349,0.7822761460042784,0.0,0.22813034800003607,0.17690336799580564,0.0006610249999994267,0.774975801000112,"[""requests.json"", ""native.json"", ""declarations.json"", ""probes.json"", ""manifest.json""]","{""compose_post"": {""categories"": 5, ""coordinates"": 17, ""samples"": 1200}, ""read_home_timeline"": {""categories"": 1, ""coordinates"": 4, ""samples"": 1200}, ""read_user_timeline"": {""categories"": 4, ""coordinates"": 8, ""samples"": 1200}}",2.119601251000063,"{""maximum_rss_bytes"": 216305664.0, ""path"": ""process-resource-usage.txt"", ""system_seconds"": 0.11, ""user_seconds"": 2.52, ""wall_seconds"": 2.07}"
deathstarbench_social_network,2,2,direct_r,R,qualified,0,"[""direct_r"", ""full_e"", ""full_r"", ""projected_r""]",7200,106310,3.119921754,3.6937900000000004,310.52734375,2.349898539000037,0.0001097830000844624,0.01494758000001184,1.5707777190075376,0.0,0.4678204660000347,0.29390932799242364,0.0004047850000006292,0.7719520929999071,"[""requests.json"", ""native.json"", ""declarations.json""]","{""compose_post"": {""categories"": 3, ""coordinates"": 2, ""samples"": 2400}, ""read_home_timeline"": {""categories"": 1, ""coordinates"": 2, ""samples"": 2400}, ""read_user_timeline"": {""categories"": 2, ""coordinates"": 2, ""samples"": 2400}}",3.271770622999952,"{""maximum_rss_bytes"": 325611520.0, ""path"": ""process-resource-usage.txt"", ""system_seconds"": 0.14, ""user_seconds"": 3.67, ""wall_seconds"": 3.24}"
deathstarbench_social_network,2,2,full_e,E,qualified,1,"[""direct_r"", ""full_e"", ""full_r"", ""projected_r""]",7200,106310,3.348523507,3.921832,310.67578125,2.580289537999988,0.001641912000081902,0.021325452000041878,1.545766671021056,0.0,0.4741619440000022,0.5312477349788196,0.0006694920000427373,0.7737103009999555,"[""requests.json"", ""native.json"", ""declarations.json"", ""probes.json"", ""manifest.json""]","{""compose_post"": {""categories"": 5, ""coordinates"": 17, ""samples"": 2400}, ""read_home_timeline"": {""categories"": 1, ""coordinates"": 4, ""samples"": 2400}, ""read_user_timeline"": {""categories"": 4, ""coordinates"": 8, ""samples"": 2400}}",3.5246543729999757,"{""maximum_rss_bytes"": 325767168.0, ""path"": ""process-resource-usage.txt"", ""system_seconds"": 0.12, ""user_seconds"": 3.96, ""wall_seconds"": 3.51}"
deathstarbench_social_network,2,2,full_r,R,qualified,2,"[""direct_r"", ""full_e"", ""full_r"", ""projected_r""]",7200,106310,3.339268912,3.911893,310.44140625,2.5724313500001017,0.000167961999977706,0.021465313000021524,1.5373281550004094,0.0,0.4744367030000376,0.5327212019996068,0.0006625199999916731,0.7724870569999553,"[""requests.json"", ""native.json"", ""declarations.json"", ""probes.json"", ""manifest.json""]","{""compose_post"": {""categories"": 5, ""coordinates"": 17, ""samples"": 2400}, ""read_home_timeline"": {""categories"": 1, ""coordinates"": 4, ""samples"": 2400}, ""read_user_timeline"": {""categories"": 4, ""coordinates"": 8, ""samples"": 2400}}",3.522990848999939,"{""maximum_rss_bytes"": 325521408.0, ""path"": ""process-resource-usage.txt"", ""system_seconds"": 0.15, ""user_seconds"": 3.9, ""wall_seconds"": 3.48}"
deathstarbench_social_network,2,2,projected_r,R,qualified,3,"[""direct_r"", ""full_e"", ""full_r"", ""projected_r""]",7200,106310,3.360452229,3.9335669999999996,310.734375,2.5829734129999906,0.0001031470000043555,0.02186698200000592,1.537449269015383,0.00018654299992704182,0.4770500480000237,0.5406191749847267,0.0003866039999138593,0.7827904610000154,"[""requests.json"", ""native.json"", ""declarations.json"", ""probes.json"", ""manifest.json""]","{""compose_post"": {""categories"": 3, ""coordinates"": 2, ""samples"": 2400}, ""read_home_timeline"": {""categories"": 1, ""coordinates"": 2, ""samples"": 2400}, ""read_user_timeline"": {""categories"": 2, ""coordinates"": 2, ""samples"": 2400}}",3.5238994589999493,"{""maximum_rss_bytes"": 325828608.0, ""path"": ""process-resource-usage.txt"", ""system_seconds"": 0.16, ""user_seconds"": 3.89, ""wall_seconds"": 3.48}"
opentelemetry_demo,0,1,full_e,E,qualified,0,"[""full_e"", ""full_r"", ""projected_r"", ""direct_r""]",3600,106470,4.341649106,4.952526,446.42578125,3.4648941060000027,0.003372304999999187,0.018805205999996133,2.323363172998853,0.0,0.7635432600000058,0.3515406850011118,0.000804611999996041,0.8802198650000381,"[""requests.json"", ""native.json"", ""declarations.json"", ""probes.json"", ""manifest.json""]","{""add_to_cart"": {""categories"": 5, ""coordinates"": 11, ""samples"": 1200}, ""browse_product"": {""categories"": 5, ""coordinates"": 9, ""samples"": 1200}, ""checkout"": {""categories"": 12, ""coordinates"": 18, ""samples"": 1200}}",4.682956672000017,"{""maximum_rss_bytes"": 468111360.0, ""path"": ""process-resource-usage.txt"", ""system_seconds"": 0.2, ""user_seconds"": 5.04, ""wall_seconds"": 4.63}"
opentelemetry_demo,0,1,full_r,R,qualified,1,"[""full_e"", ""full_r"", ""projected_r"", ""direct_r""]",3600,106470,4.301762129,4.908995,446.60546875,3.447940502999984,0.00016874599998573103,0.01898131400002967,2.323708535002055,0.0,0.7577135779999935,0.34319715599792744,0.0007937809999987167,0.85719901900001,"[""requests.json"", ""native.json"", ""declarations.json"", ""probes.json"", ""manifest.json""]","{""add_to_cart"": {""categories"": 5, ""coordinates"": 11, ""samples"": 1200}, ""browse_product"": {""categories"": 5, ""coordinates"": 9, ""samples"": 1200}, ""checkout"": {""categories"": 12, ""coordinates"": 18, ""samples"": 1200}}",4.525598965,"{""maximum_rss_bytes"": 468299776.0, ""path"": ""process-resource-usage.txt"", ""system_seconds"": 0.21, ""user_seconds"": 4.89, ""wall_seconds"": 4.5}"
opentelemetry_demo,0,1,projected_r,R,qualified,2,"[""full_e"", ""full_r"", ""projected_r"", ""direct_r""]",3600,106470,4.321872389,4.954575999999999,446.43359375,3.465118636999989,9.184299997855305e-05,0.01881428000001506,2.3080753909985674,0.0001750969999818608,0.7679985279999926,0.3661407470014524,0.0004016789999923276,0.86017482400002,"[""requests.json"", ""native.json"", ""declarations.json"", ""probes.json"", ""manifest.json""]","{""add_to_cart"": {""categories"": 2, ""coordinates"": 2, ""samples"": 1200}, ""browse_product"": {""categories"": 2, ""coordinates"": 2, ""samples"": 1200}, ""checkout"": {""categories"": 3, ""coordinates"": 2, ""samples"": 1200}}",4.574941352999986,"{""maximum_rss_bytes"": 468119552.0, ""path"": ""process-resource-usage.txt"", ""system_seconds"": 0.19, ""user_seconds"": 4.96, ""wall_seconds"": 4.52}"
opentelemetry_demo,0,1,direct_r,R,qualified,3,"[""full_e"", ""full_r"", ""projected_r"", ""direct_r""]",3600,106470,4.119287416,4.748486000000001,446.64453125,3.2569449220000024,9.87140000177078e-05,0.008687790000010409,2.330644566999865,0.0,0.7578996919999952,0.15820056200010413,0.00040982400000189045,0.8633462670000052,"[""requests.json"", ""native.json"", ""declarations.json""]","{""add_to_cart"": {""categories"": 2, ""coordinates"": 2, ""samples"": 1200}, ""browse_product"": {""categories"": 2, ""coordinates"": 2, ""samples"": 1200}, ""checkout"": {""categories"": 3, ""coordinates"": 2, ""samples"": 1200}}",4.376005280999976,"{""maximum_rss_bytes"": 468340736.0, ""path"": ""process-resource-usage.txt"", ""system_seconds"": 0.21, ""user_seconds"": 4.74, ""wall_seconds"": 4.32}"
opentelemetry_demo,0,2,full_r,R,qualified,0,"[""full_r"", ""projected_r"", ""direct_r"", ""full_e""]",7200,212940,7.893404191,8.526966,789.45703125,7.027335498000014,0.00021931899996729953,0.026729378000055704,4.680194329996652,0.0,1.5501192069999945,0.7618645070033097,0.0008402440000168099,0.8734372060000037,"[""requests.json"", ""native.json"", ""declarations.json"", ""probes.json"", ""manifest.json""]","{""add_to_cart"": {""categories"": 5, ""coordinates"": 11, ""samples"": 2400}, ""browse_product"": {""categories"": 5, ""coordinates"": 9, ""samples"": 2400}, ""checkout"": {""categories"": 12, ""coordinates"": 18, ""samples"": 2400}}",8.285463706000002,"{""maximum_rss_bytes"": 827805696.0, ""path"": ""process-resource-usage.txt"", ""system_seconds"": 0.4, ""user_seconds"": 8.48, ""wall_seconds"": 8.25}"
opentelemetry_demo,0,2,projected_r,R,qualified,1,"[""full_r"", ""projected_r"", ""direct_r"", ""full_e""]",7200,212940,7.941791326,8.5807,789.35546875,7.071513968000005,0.0001282200000218836,0.026302248000007467,4.706341976999795,0.0009904270000049564,1.5635492830000146,0.766331177000211,0.000423129000012068,0.8777248649999327,"[""requests.json"", ""native.json"", ""declarations.json"", ""probes.json"", ""manifest.json""]","{""add_to_cart"": {""categories"": 2, ""coordinates"": 2, ""samples"": 2400}, ""browse_product"": {""categories"": 2, ""coordinates"": 2, ""samples"": 2400}, ""checkout"": {""categories"": 3, ""coordinates"": 2, ""samples"": 2400}}",8.33620627900001,"{""maximum_rss_bytes"": 827699200.0, ""path"": ""process-resource-usage.txt"", ""system_seconds"": 0.39, ""user_seconds"": 8.53, ""wall_seconds"": 8.29}"
opentelemetry_demo,0,2,direct_r,R,qualified,2,"[""full_r"", ""projected_r"", ""direct_r"", ""full_e""]",7200,212940,7.434371787,8.061926,789.24609375,6.5687234070000216,0.0001023709999969924,0.016647664999993594,4.4260794579993785,0.0,1.5343349999999987,0.5891129270006275,0.00042089600000849714,0.8676734699999962,"[""requests.json"", ""native.json"", ""declarations.json""]","{""add_to_cart"": {""categories"": 2, ""coordinates"": 2, ""samples"": 2400}, ""browse_product"": {""categories"": 2, ""coordinates"": 2, ""samples"": 2400}, ""checkout"": {""categories"": 3, ""coordinates"": 2, ""samples"": 2400}}",7.786483311000012,"{""maximum_rss_bytes"": 827584512.0, ""path"": ""process-resource-usage.txt"", ""system_seconds"": 0.38, ""user_seconds"": 8.02, ""wall_seconds"": 7.77}"
opentelemetry_demo,0,2,full_e,E,qualified,3,"[""full_r"", ""projected_r"", ""direct_r"", ""full_e""]",7200,212940,7.832404572,8.438037,789.3046875,6.967872465999989,0.003498830999973279,0.026627489999981435,4.647197634000719,0.0,1.5338145759999975,0.7487012259993264,0.0008667980000041098,0.8716980169999982,"[""requests.json"", ""native.json"", ""declarations.json"", ""probes.json"", ""manifest.json""]","{""add_to_cart"": {""categories"": 5, ""coordinates"": 11, ""samples"": 2400}, ""browse_product"": {""categories"": 5, ""coordinates"": 9, ""samples"": 2400}, ""checkout"": {""categories"": 12, ""coordinates"": 18, ""samples"": 2400}}",8.287654694999986,"{""maximum_rss_bytes"": 827645952.0, ""path"": ""process-resource-usage.txt"", ""system_seconds"": 0.36, ""user_seconds"": 8.51, ""wall_seconds"": 8.27}"
opentelemetry_demo,0,4,projected_r,R,qualified,0,"[""projected_r"", ""direct_r"", ""full_e"", ""full_r""]",14400,425880,15.583216014,16.213184,1474.625,14.698546047000008,0.00011539700000184894,0.05278532600001995,10.049846191998824,0.0006555019999723299,3.0639096799999948,1.51491419900114,0.000471560000022464,0.9005181580000237,"[""requests.json"", ""native.json"", ""declarations.json"", ""probes.json"", ""manifest.json""]","{""add_to_cart"": {""categories"": 2, ""coordinates"": 2, ""samples"": 4800}, ""browse_product"": {""categories"": 2, ""coordinates"": 2, ""samples"": 4800}, ""checkout"": {""categories"": 3, ""coordinates"": 2, ""samples"": 4800}}",16.254119375000016,"{""maximum_rss_bytes"": 1546256384.0, ""path"": ""process-resource-usage.txt"", ""system_seconds"": 0.68, ""user_seconds"": 16.15, ""wall_seconds"": 16.21}"
opentelemetry_demo,0,4,direct_r,R,qualified,1,"[""projected_r"", ""direct_r"", ""full_e"", ""full_r""]",14400,425880,14.976568293,15.608858,1475.0,14.103941445999993,0.0001183399999717949,0.03264239899999666,9.658978740000464,0.0,3.0969771230000163,1.3105470549995744,0.0004297109999811255,0.8768749249999956,"[""requests.json"", ""native.json"", ""declarations.json""]","{""add_to_cart"": {""categories"": 2, ""coordinates"": 2, ""samples"": 4800}, ""browse_product"": {""categories"": 2, ""coordinates"": 2, ""samples"": 4800}, ""checkout"": {""categories"": 3, ""coordinates"": 2, ""samples"": 4800}}",15.607189466000023,"{""maximum_rss_bytes"": 1546649600.0, ""path"": ""process-resource-usage.txt"", ""system_seconds"": 0.68, ""user_seconds"": 15.53, ""wall_seconds"": 15.58}"
opentelemetry_demo,0,4,full_e,E,qualified,2,"[""projected_r"", ""direct_r"", ""full_e"", ""full_r""]",14400,425880,15.560547213,16.167158999999998,1474.8125,14.704755833999997,0.003597281999958568,0.05276389299999096,10.05243352999787,0.0,3.0543127509999977,1.5250735460021758,0.0008606359999703272,0.871505575000036,"[""requests.json"", ""native.json"", ""declarations.json"", ""probes.json"", ""manifest.json""]","{""add_to_cart"": {""categories"": 5, ""coordinates"": 11, ""samples"": 4800}, ""browse_product"": {""categories"": 5, ""coordinates"": 9, ""samples"": 4800}, ""checkout"": {""categories"": 12, ""coordinates"": 18, ""samples"": 4800}}",16.309612922000042,"{""maximum_rss_bytes"": 1546452992.0, ""path"": ""process-resource-usage.txt"", ""system_seconds"": 0.61, ""user_seconds"": 16.27, ""wall_seconds"": 16.29}"
opentelemetry_demo,0,4,full_r,R,qualified,3,"[""projected_r"", ""direct_r"", ""full_e"", ""full_r""]",14400,425880,15.442604388,16.057964000000002,1475.02734375,14.568035325999972,0.0002352690000293478,0.052367650999997295,9.923174203007477,0.0,3.0618420339999943,1.5128403799924968,0.0008340069999803745,0.8913108440000244,"[""requests.json"", ""native.json"", ""declarations.json"", ""probes.json"", ""manifest.json""]","{""add_to_cart"": {""categories"": 5, ""coordinates"": 11, ""samples"": 4800}, ""browse_product"": {""categories"": 5, ""coordinates"": 9, ""samples"": 4800}, ""checkout"": {""categories"": 12, ""coordinates"": 18, ""samples"": 4800}}",16.05915715399999,"{""maximum_rss_bytes"": 1546678272.0, ""path"": ""process-resource-usage.txt"", ""system_seconds"": 0.65, ""user_seconds"": 16.01, ""wall_seconds"": 16.05}"
opentelemetry_demo,1,2,projected_r,R,qualified,0,"[""projected_r"", ""direct_r"", ""full_e"", ""full_r""]",7200,212940,7.871835639,8.515684,789.28125,7.003755947000002,0.00010666700001138452,0.02631730799998877,4.646434095992106,0.0007434580001017821,1.5606019520000132,0.7618568910078807,0.00042935099997976067,0.8753459159999188,"[""requests.json"", ""native.json"", ""declarations.json"", ""probes.json"", ""manifest.json""]","{""add_to_cart"": {""categories"": 2, ""coordinates"": 2, ""samples"": 2400}, ""browse_product"": {""categories"": 2, ""coordinates"": 2, ""samples"": 2400}, ""checkout"": {""categories"": 3, ""coordinates"": 2, ""samples"": 2400}}",8.236525868000001,"{""maximum_rss_bytes"": 827621376.0, ""path"": ""process-resource-usage.txt"", ""system_seconds"": 0.38, ""user_seconds"": 8.47, ""wall_seconds"": 8.21}"
opentelemetry_demo,1,2,direct_r,R,qualified,1,"[""projected_r"", ""direct_r"", ""full_e"", ""full_r""]",7200,212940,7.47877303,8.121469,789.48828125,6.607236265999973,0.00010534600005485117,0.016491195999947195,4.487330414007715,0.0,1.520062490999976,0.5807875299922785,0.00042304999999487336,0.8735730030000335,"[""requests.json"", ""native.json"", ""declarations.json""]","{""add_to_cart"": {""categories"": 2, ""coordinates"": 2, ""samples"": 2400}, ""browse_product"": {""categories"": 2, ""coordinates"": 2, ""samples"": 2400}, ""checkout"": {""categories"": 3, ""coordinates"": 2, ""samples"": 2400}}",7.836325443000021,"{""maximum_rss_bytes"": 827838464.0, ""path"": ""process-resource-usage.txt"", ""system_seconds"": 0.37, ""user_seconds"": 8.09, ""wall_seconds"": 7.82}"
opentelemetry_demo,1,2,full_e,E,qualified,2,"[""projected_r"", ""direct_r"", ""full_e"", ""full_r""]",7200,212940,7.830149003,8.465115,789.2265625,6.969041390000029,0.0035594520000472585,0.026287879999983943,4.64934624400837,0.0,1.5252998029999958,0.756673373991589,0.000799332000042341,0.8681829179999712,"[""requests.json"", ""native.json"", ""declarations.json"", ""probes.json"", ""manifest.json""]","{""add_to_cart"": {""categories"": 5, ""coordinates"": 11, ""samples"": 2400}, ""browse_product"": {""categories"": 5, ""coordinates"": 9, ""samples"": 2400}, ""checkout"": {""categories"": 12, ""coordinates"": 18, ""samples"": 2400}}",8.287087627000005,"{""maximum_rss_bytes"": 827564032.0, ""path"": ""process-resource-usage.txt"", ""system_seconds"": 0.37, ""user_seconds"": 8.53, ""wall_seconds"": 8.27}"
opentelemetry_demo,1,2,full_r,R,qualified,3,"[""projected_r"", ""direct_r"", ""full_e"", ""full_r""]",7200,212940,7.860869808,8.489657,789.484375,7.005491294000024,0.0001942920000601589,0.02622259699995766,4.686972149001406,0.0,1.5255428049999864,0.7583595069986586,0.0008724780000193277,0.8627059799999124,"[""requests.json"", ""native.json"", ""declarations.json"", ""probes.json"", ""manifest.json""]","{""add_to_cart"": {""categories"": 5, ""coordinates"": 11, ""samples"": 2400}, ""browse_product"": {""categories"": 5, ""coordinates"": 9, ""samples"": 2400}, ""checkout"": {""categories"": 12, ""coordinates"": 18, ""samples"": 2400}}",8.285471289000043,"{""maximum_rss_bytes"": 827834368.0, ""path"": ""process-resource-usage.txt"", ""system_seconds"": 0.39, ""user_seconds"": 8.47, ""wall_seconds"": 8.23}"
opentelemetry_demo,1,4,direct_r,R,qualified,0,"[""direct_r"", ""full_e"", ""full_r"", ""projected_r""]",14400,425880,14.737559137,15.372361000000001,1474.83984375,13.871957178999992,0.0001285710000047402,0.032033972999954585,9.565423956989832,0.0,3.093024148999973,1.1768379840102625,0.0004430660000025455,0.8696674369999702,"[""requests.json"", ""native.json"", ""declarations.json""]","{""add_to_cart"": {""categories"": 2, ""coordinates"": 2, ""samples"": 4800}, ""browse_product"": {""categories"": 2, ""coordinates"": 2, ""samples"": 4800}, ""checkout"": {""categories"": 3, ""coordinates"": 2, ""samples"": 4800}}",15.404609144000005,"{""maximum_rss_bytes"": 1546481664.0, ""path"": ""process-resource-usage.txt"", ""system_seconds"": 0.67, ""user_seconds"": 15.31, ""wall_seconds"": 15.36}"
opentelemetry_demo,1,4,full_e,E,qualified,1,"[""direct_r"", ""full_e"", ""full_r"", ""projected_r""]",14400,425880,15.648786676,16.248344,1475.0234375,14.772181972999988,0.00346841499998618,0.05429747200003021,10.14716736899345,0.0,3.042897871999969,1.5079462600065199,0.0008542140000145082,0.8921550740000299,"[""requests.json"", ""native.json"", ""declarations.json"", ""probes.json"", ""manifest.json""]","{""add_to_cart"": {""categories"": 5, ""coordinates"": 11, ""samples"": 4800}, ""browse_product"": {""categories"": 5, ""coordinates"": 9, ""samples"": 4800}, ""checkout"": {""categories"": 12, ""coordinates"": 18, ""samples"": 4800}}",16.407699337999986,"{""maximum_rss_bytes"": 1546674176.0, ""path"": ""process-resource-usage.txt"", ""system_seconds"": 0.67, ""user_seconds"": 16.28, ""wall_seconds"": 16.36}"
opentelemetry_demo,1,4,full_r,R,qualified,2,"[""direct_r"", ""full_e"", ""full_r"", ""projected_r""]",14400,425880,15.464323977,16.034683,1474.94140625,14.577673252000011,0.00021305899997514643,0.053371145999960845,9.954090628987046,0.0,3.050523969999972,1.5034316010129487,0.0008751459999984945,0.9018184260000979,"[""requests.json"", ""native.json"", ""declarations.json"", ""probes.json"", ""manifest.json""]","{""add_to_cart"": {""categories"": 5, ""coordinates"": 11, ""samples"": 4800}, ""browse_product"": {""categories"": 5, ""coordinates"": 9, ""samples"": 4800}, ""checkout"": {""categories"": 12, ""coordinates"": 18, ""samples"": 4800}}",16.108376711999995,"{""maximum_rss_bytes"": 1546588160.0, ""path"": ""process-resource-usage.txt"", ""system_seconds"": 0.72, ""user_seconds"": 15.92, ""wall_seconds"": 16.07}"
opentelemetry_demo,1,4,projected_r,R,qualified,3,"[""direct_r"", ""full_e"", ""full_r"", ""projected_r""]",14400,425880,15.573569135,16.206409999999998,1474.91015625,14.70783683000002,0.00011230999996314495,0.05238976100002901,10.032065540999099,0.0006882039999140943,3.0948839000000135,1.5121070540008077,0.0004495869999914248,0.8808727780001817,"[""requests.json"", ""native.json"", ""declarations.json"", ""probes.json"", ""manifest.json""]","{""add_to_cart"": {""categories"": 2, ""coordinates"": 2, ""samples"": 4800}, ""browse_product"": {""categories"": 2, ""coordinates"": 2, ""samples"": 4800}, ""checkout"": {""categories"": 3, ""coordinates"": 2, ""samples"": 4800}}",16.203090046,"{""maximum_rss_bytes"": 1546555392.0, ""path"": ""process-resource-usage.txt"", ""system_seconds"": 0.65, ""user_seconds"": 16.17, ""wall_seconds"": 16.19}"
opentelemetry_demo,1,1,full_r,R,qualified,0,"[""full_r"", ""projected_r"", ""direct_r"", ""full_e""]",3600,106470,4.365051878,4.995348,446.375,3.4979714020000188,0.00017149899991864004,0.01882205299995121,2.360039958002858,0.0,0.7591430100000025,0.3554948699971874,0.0008064850000550905,0.8705740030000273,"[""requests.json"", ""native.json"", ""declarations.json"", ""probes.json"", ""manifest.json""]","{""add_to_cart"": {""categories"": 5, ""coordinates"": 11, ""samples"": 1200}, ""browse_product"": {""categories"": 5, ""coordinates"": 9, ""samples"": 1200}, ""checkout"": {""categories"": 12, ""coordinates"": 18, ""samples"": 1200}}",4.624761865999972,"{""maximum_rss_bytes"": 468058112.0, ""path"": ""process-resource-usage.txt"", ""system_seconds"": 0.24, ""user_seconds"": 4.96, ""wall_seconds"": 4.57}"
opentelemetry_demo,1,1,projected_r,R,qualified,1,"[""full_r"", ""projected_r"", ""direct_r"", ""full_e""]",3600,106470,4.324389427,4.962546000000001,446.5234375,3.4696203309999873,9.149199996727475e-05,0.013865546000033646,2.450661865006964,0.00018057599993426265,0.7595817099999636,0.24113874299297322,0.0004503499999941596,0.8584191450001697,"[""requests.json"", ""native.json"", ""declarations.json"", ""probes.json"", ""manifest.json""]","{""add_to_cart"": {""categories"": 2, ""coordinates"": 2, ""samples"": 1200}, ""browse_product"": {""categories"": 2, ""coordinates"": 2, ""samples"": 1200}, ""checkout"": {""categories"": 3, ""coordinates"": 2, ""samples"": 1200}}",4.575095736000037,"{""maximum_rss_bytes"": 468213760.0, ""path"": ""process-resource-usage.txt"", ""system_seconds"": 0.22, ""user_seconds"": 4.94, ""wall_seconds"": 4.53}"
opentelemetry_demo,1,1,direct_r,R,qualified,2,"[""full_r"", ""projected_r"", ""direct_r"", ""full_e""]",3600,106470,4.113263739,4.752161,446.63671875,3.2528452259999767,9.685899999567482e-05,0.008534620000034465,2.3229745039977274,0.0,0.7619507929999827,0.15782132100224544,0.0004220879999934368,0.8614635540000206,"[""requests.json"", ""native.json"", ""declarations.json""]","{""add_to_cart"": {""categories"": 2, ""coordinates"": 2, ""samples"": 1200}, ""browse_product"": {""categories"": 2, ""coordinates"": 2, ""samples"": 1200}, ""checkout"": {""categories"": 3, ""coordinates"": 2, ""samples"": 1200}}",4.324862762000009,"{""maximum_rss_bytes"": 468332544.0, ""path"": ""process-resource-usage.txt"", ""system_seconds"": 0.24, ""user_seconds"": 4.71, ""wall_seconds"": 4.31}"
opentelemetry_demo,1,1,full_e,E,qualified,3,"[""full_r"", ""projected_r"", ""direct_r"", ""full_e""]",3600,106470,4.376689006,5.013542,446.3828125,3.5173215899999946,0.0033313239999870348,0.017997637000064515,2.353323009998462,0.0,0.7708358089999479,0.3676829190014814,0.0007955030000061925,0.8627228040000512,"[""requests.json"", ""native.json"", ""declarations.json"", ""probes.json"", ""manifest.json""]","{""add_to_cart"": {""categories"": 5, ""coordinates"": 11, ""samples"": 1200}, ""browse_product"": {""categories"": 5, ""coordinates"": 9, ""samples"": 1200}, ""checkout"": {""categories"": 12, ""coordinates"": 18, ""samples"": 1200}}",4.725700200999995,"{""maximum_rss_bytes"": 468066304.0, ""path"": ""process-resource-usage.txt"", ""system_seconds"": 0.22, ""user_seconds"": 5.08, ""wall_seconds"": 4.67}"
opentelemetry_demo,2,4,full_e,E,qualified,0,"[""full_e"", ""full_r"", ""projected_r"", ""direct_r""]",14400,425880,15.592481002,16.144871000000002,1475.0546875,14.69903524700004,0.003583951999985402,0.05234713000004376,10.008446447000495,0.0,3.089111203000016,1.5292666379993989,0.0008635620000063682,0.9088620700000547,"[""requests.json"", ""native.json"", ""declarations.json"", ""probes.json"", ""manifest.json""]","{""add_to_cart"": {""categories"": 5, ""coordinates"": 11, ""samples"": 4800}, ""browse_product"": {""categories"": 5, ""coordinates"": 9, ""samples"": 4800}, ""checkout"": {""categories"": 12, ""coordinates"": 18, ""samples"": 4800}}",16.355168167999977,"{""maximum_rss_bytes"": 1546706944.0, ""path"": ""process-resource-usage.txt"", ""system_seconds"": 0.65, ""user_seconds"": 16.2, ""wall_seconds"": 16.31}"
opentelemetry_demo,2,4,full_r,R,qualified,1,"[""full_e"", ""full_r"", ""projected_r"", ""direct_r""]",14400,425880,15.61104117,16.233994,1475.1328125,14.743214291000015,0.00020014400001855392,0.053301246000046376,10.086840623004434,0.0,3.0621713610000256,1.5246101449955063,0.000828415999990284,0.8830892349999786,"[""requests.json"", ""native.json"", ""declarations.json"", ""probes.json"", ""manifest.json""]","{""add_to_cart"": {""categories"": 5, ""coordinates"": 11, ""samples"": 4800}, ""browse_product"": {""categories"": 5, ""coordinates"": 9, ""samples"": 4800}, ""checkout"": {""categories"": 12, ""coordinates"": 18, ""samples"": 4800}}",16.254452229000037,"{""maximum_rss_bytes"": 1546788864.0, ""path"": ""process-resource-usage.txt"", ""system_seconds"": 0.64, ""user_seconds"": 16.2, ""wall_seconds"": 16.22}"
opentelemetry_demo,2,4,projected_r,R,qualified,2,"[""full_e"", ""full_r"", ""projected_r"", ""direct_r""]",14400,425880,15.488169777,16.126696,1474.9921875,14.62788613500004,0.00011057699998673343,0.053492759999983264,9.99141704500164,0.000733650000029229,3.0477037180000366,1.5186766499983833,0.00041681800001924785,0.8756185589999212,"[""requests.json"", ""native.json"", ""declarations.json"", ""probes.json"", ""manifest.json""]","{""add_to_cart"": {""categories"": 2, ""coordinates"": 2, ""samples"": 4800}, ""browse_product"": {""categories"": 2, ""coordinates"": 2, ""samples"": 4800}, ""checkout"": {""categories"": 3, ""coordinates"": 2, ""samples"": 4800}}",16.106490245000032,"{""maximum_rss_bytes"": 1546641408.0, ""path"": ""process-resource-usage.txt"", ""system_seconds"": 0.65, ""user_seconds"": 16.07, ""wall_seconds"": 16.09}"
opentelemetry_demo,2,4,direct_r,R,qualified,3,"[""full_e"", ""full_r"", ""projected_r"", ""direct_r""]",14400,425880,14.690840574,15.299962,1474.8828125,13.826667961999988,0.00011055600003828658,0.03236379099996611,9.546140249989094,0.0,3.0705114019999655,1.172926040010907,0.0004486369999767703,0.8683398980000518,"[""requests.json"", ""native.json"", ""declarations.json""]","{""add_to_cart"": {""categories"": 2, ""coordinates"": 2, ""samples"": 4800}, ""browse_product"": {""categories"": 2, ""coordinates"": 2, ""samples"": 4800}, ""checkout"": {""categories"": 3, ""coordinates"": 2, ""samples"": 4800}}",15.30369525399999,"{""maximum_rss_bytes"": 1546526720.0, ""path"": ""process-resource-usage.txt"", ""system_seconds"": 0.66, ""user_seconds"": 15.24, ""wall_seconds"": 15.29}"
opentelemetry_demo,2,1,projected_r,R,qualified,0,"[""projected_r"", ""direct_r"", ""full_e"", ""full_r""]",3600,106470,4.287894075,4.923173,446.49609375,3.4323936239999853,9.008799986531812e-05,0.01810680800008413,2.3029863179984886,0.00018653800003676224,0.7572245559999828,0.35015620900139766,0.00040650900001537593,0.8587370490001289,"[""requests.json"", ""native.json"", ""declarations.json"", ""probes.json"", ""manifest.json""]","{""add_to_cart"": {""categories"": 2, ""coordinates"": 2, ""samples"": 1200}, ""browse_product"": {""categories"": 2, ""coordinates"": 2, ""samples"": 1200}, ""checkout"": {""categories"": 3, ""coordinates"": 2, ""samples"": 1200}}",4.524094863000016,"{""maximum_rss_bytes"": 468185088.0, ""path"": ""process-resource-usage.txt"", ""system_seconds"": 0.22, ""user_seconds"": 4.89, ""wall_seconds"": 4.49}"
opentelemetry_demo,2,1,direct_r,R,qualified,1,"[""projected_r"", ""direct_r"", ""full_e"", ""full_r""]",3600,106470,4.088056669,4.722432,446.5078125,3.227737082000033,9.936600002902196e-05,0.008314425000037318,2.306500820998963,0.0,0.7554230609999877,0.1559151100009899,0.00042480300004399396,0.8613790829999495,"[""requests.json"", ""native.json"", ""declarations.json""]","{""add_to_cart"": {""categories"": 2, ""coordinates"": 2, ""samples"": 1200}, ""browse_product"": {""categories"": 2, ""coordinates"": 2, ""samples"": 1200}, ""checkout"": {""categories"": 3, ""coordinates"": 2, ""samples"": 1200}}",4.3295982270000195,"{""maximum_rss_bytes"": 468197376.0, ""path"": ""process-resource-usage.txt"", ""system_seconds"": 0.21, ""user_seconds"": 4.71, ""wall_seconds"": 4.29}"
opentelemetry_demo,2,1,full_e,E,qualified,2,"[""projected_r"", ""direct_r"", ""full_e"", ""full_r""]",3600,106470,4.389765607,5.010503,446.484375,3.53570322500002,0.003560387999982595,0.01757241900003237,2.402627558007282,0.0,0.757127421000007,0.3509274369927198,0.0007651480000276933,0.8571852359999488,"[""requests.json"", ""native.json"", ""declarations.json"", ""probes.json"", ""manifest.json""]","{""add_to_cart"": {""categories"": 5, ""coordinates"": 11, ""samples"": 1200}, ""browse_product"": {""categories"": 5, ""coordinates"": 9, ""samples"": 1200}, ""checkout"": {""categories"": 12, ""coordinates"": 18, ""samples"": 1200}}",4.729287547000013,"{""maximum_rss_bytes"": 468172800.0, ""path"": ""process-resource-usage.txt"", ""system_seconds"": 0.22, ""user_seconds"": 5.08, ""wall_seconds"": 4.69}"
opentelemetry_demo,2,1,full_r,R,qualified,3,"[""projected_r"", ""direct_r"", ""full_e"", ""full_r""]",3600,106470,4.310787186,4.916519,446.43359375,3.4438374420000173,0.00016497700005402294,0.018603105999943637,2.307799603999797,0.0,0.7599335969999856,0.35322616700028675,0.0007988400000158435,0.8702608949999169,"[""requests.json"", ""native.json"", ""declarations.json"", ""probes.json"", ""manifest.json""]","{""add_to_cart"": {""categories"": 5, ""coordinates"": 11, ""samples"": 1200}, ""browse_product"": {""categories"": 5, ""coordinates"": 9, ""samples"": 1200}, ""checkout"": {""categories"": 12, ""coordinates"": 18, ""samples"": 1200}}",4.525549703000024,"{""maximum_rss_bytes"": 468119552.0, ""path"": ""process-resource-usage.txt"", ""system_seconds"": 0.22, ""user_seconds"": 4.9, ""wall_seconds"": 4.51}"
opentelemetry_demo,2,2,direct_r,R,qualified,0,"[""direct_r"", ""full_e"", ""full_r"", ""projected_r""]",7200,212940,7.376058773,8.004401999999999,789.43359375,6.522169362999989,0.00010978399996020016,0.016698089999920285,4.400621055011754,0.0,1.5164435039999944,0.5858030549883892,0.00043581400001357906,0.8559474709999675,"[""requests.json"", ""native.json"", ""declarations.json""]","{""add_to_cart"": {""categories"": 2, ""coordinates"": 2, ""samples"": 2400}, ""browse_product"": {""categories"": 2, ""coordinates"": 2, ""samples"": 2400}, ""checkout"": {""categories"": 3, ""coordinates"": 2, ""samples"": 2400}}",7.740899420000005,"{""maximum_rss_bytes"": 827781120.0, ""path"": ""process-resource-usage.txt"", ""system_seconds"": 0.34, ""user_seconds"": 7.99, ""wall_seconds"": 7.71}"
opentelemetry_demo,2,2,full_e,E,qualified,1,"[""direct_r"", ""full_e"", ""full_r"", ""projected_r""]",7200,212940,7.843641845,8.474539,789.015625,6.979165376999958,0.003487048000010873,0.026702345000046535,4.634611553991647,0.0,1.5442002959999854,0.7617232400082798,0.0008578309999620615,0.8720595310000681,"[""requests.json"", ""native.json"", ""declarations.json"", ""probes.json"", ""manifest.json""]","{""add_to_cart"": {""categories"": 5, ""coordinates"": 11, ""samples"": 2400}, ""browse_product"": {""categories"": 5, ""coordinates"": 9, ""samples"": 2400}, ""checkout"": {""categories"": 12, ""coordinates"": 18, ""samples"": 2400}}",8.336435644999995,"{""maximum_rss_bytes"": 827342848.0, ""path"": ""process-resource-usage.txt"", ""system_seconds"": 0.36, ""user_seconds"": 8.55, ""wall_seconds"": 8.28}"
opentelemetry_demo,2,2,full_r,R,qualified,2,"[""direct_r"", ""full_e"", ""full_r"", ""projected_r""]",7200,212940,7.933721997,8.579406,789.3203125,7.0575748580000095,0.00022583099996609235,0.02627705899999455,4.705872805006152,0.0,1.557725663000042,0.7593213359938886,0.0008875070000158303,0.8834117959999412,"[""requests.json"", ""native.json"", ""declarations.json"", ""probes.json"", ""manifest.json""]","{""add_to_cart"": {""categories"": 5, ""coordinates"": 11, ""samples"": 2400}, ""browse_product"": {""categories"": 5, ""coordinates"": 9, ""samples"": 2400}, ""checkout"": {""categories"": 12, ""coordinates"": 18, ""samples"": 2400}}",8.337224633999995,"{""maximum_rss_bytes"": 827662336.0, ""path"": ""process-resource-usage.txt"", ""system_seconds"": 0.36, ""user_seconds"": 8.56, ""wall_seconds"": 8.28}"
opentelemetry_demo,2,2,projected_r,R,qualified,3,"[""direct_r"", ""full_e"", ""full_r"", ""projected_r""]",7200,212940,7.844749758,8.487344,789.45703125,6.978856972000017,0.00010993600000119841,0.02618114000006244,4.655574795003531,0.0008357199999977638,1.5338075039999808,0.7544642189963611,0.0004155050000349547,0.8733609390000305,"[""requests.json"", ""native.json"", ""declarations.json"", ""probes.json"", ""manifest.json""]","{""add_to_cart"": {""categories"": 2, ""coordinates"": 2, ""samples"": 2400}, ""browse_product"": {""categories"": 2, ""coordinates"": 2, ""samples"": 2400}, ""checkout"": {""categories"": 3, ""coordinates"": 2, ""samples"": 2400}}",8.23827535099997,"{""maximum_rss_bytes"": 827805696.0, ""path"": ""process-resource-usage.txt"", ""system_seconds"": 0.35, ""user_seconds"": 8.49, ""wall_seconds"": 8.2}"
spring_petclinic_microservices,0,1,full_e,E,qualified,0,"[""full_e"", ""full_r"", ""projected_r"", ""direct_r""]",3600,34964,2.039038298,2.6581639999999997,238.453125,1.1787130230000002,0.001781191000006288,0.009233264999991775,0.7407183869996743,0.0,0.28874508399999854,0.13460695100032183,0.000765626999992719,0.8631877930000145,"[""requests.json"", ""native.json"", ""declarations.json"", ""probes.json"", ""manifest.json""]","{""create_visit"": {""categories"": 6, ""coordinates"": 8, ""samples"": 900}, ""list_owners"": {""categories"": 1, ""coordinates"": 4, ""samples"": 900}, ""list_vets"": {""categories"": 1, ""coordinates"": 3, ""samples"": 900}, ""owner_details_with_visits"": {""categories"": 5, ""coordinates"": 10, ""samples"": 900}}",2.22524356400001,"{""maximum_rss_bytes"": 250036224.0, ""path"": ""process-resource-usage.txt"", ""system_seconds"": 0.14, ""user_seconds"": 2.67, ""wall_seconds"": 2.19}"
spring_petclinic_microservices,0,1,full_r,R,qualified,1,"[""full_e"", ""full_r"", ""projected_r"", ""direct_r""]",3600,34964,2.050751146,2.677851,238.7421875,1.198681092000001,0.00015356500000507367,0.009364597999990565,0.752231521999704,0.0,0.28934830000000034,0.14380615500030558,0.0007801840000070115,0.8550668219999875,"[""requests.json"", ""native.json"", ""declarations.json"", ""probes.json"", ""manifest.json""]","{""create_visit"": {""categories"": 6, ""coordinates"": 8, ""samples"": 900}, ""list_owners"": {""categories"": 1, ""coordinates"": 4, ""samples"": 900}, ""list_vets"": {""categories"": 1, ""coordinates"": 3, ""samples"": 900}, ""owner_details_with_visits"": {""categories"": 5, ""coordinates"": 10, ""samples"": 900}}",2.221004456000003,"{""maximum_rss_bytes"": 250339328.0, ""path"": ""process-resource-usage.txt"", ""system_seconds"": 0.12, ""user_seconds"": 2.67, ""wall_seconds"": 2.17}"
spring_petclinic_microservices,0,1,projected_r,R,qualified,2,"[""full_e"", ""full_r"", ""projected_r"", ""direct_r""]",3600,34964,2.073194897,2.694985,238.6015625,1.2175871409999957,0.00010840200002348865,0.009309068999982628,0.7583012569996157,0.00014164300000629737,0.2926711300000022,0.15332403500040925,0.0004578829999957179,0.8588814779999647,"[""requests.json"", ""native.json"", ""declarations.json"", ""probes.json"", ""manifest.json""]","{""create_visit"": {""categories"": 3, ""coordinates"": 2, ""samples"": 900}, ""list_owners"": {""categories"": 1, ""coordinates"": 2, ""samples"": 900}, ""list_vets"": {""categories"": 1, ""coordinates"": 2, ""samples"": 900}, ""owner_details_with_visits"": {""categories"": 3, ""coordinates"": 2, ""samples"": 900}}",2.2190582970000037,"{""maximum_rss_bytes"": 250191872.0, ""path"": ""process-resource-usage.txt"", ""system_seconds"": 0.13, ""user_seconds"": 2.67, ""wall_seconds"": 2.18}"
spring_petclinic_microservices,0,1,direct_r,R,qualified,3,"[""full_e"", ""full_r"", ""projected_r"", ""direct_r""]",3600,34964,1.918144327,2.546991,238.67578125,1.0628271820000066,0.00011181899999712641,0.006334754999983261,0.7036877800000383,0.0,0.28579664900000523,0.06576901799998325,0.00044338700000423614,0.8560009189999886,"[""requests.json"", ""native.json"", ""declarations.json""]","{""create_visit"": {""categories"": 3, ""coordinates"": 2, ""samples"": 900}, ""list_owners"": {""categories"": 1, ""coordinates"": 2, ""samples"": 900}, ""list_vets"": {""categories"": 1, ""coordinates"": 2, ""samples"": 900}, ""owner_details_with_visits"": {""categories"": 3, ""coordinates"": 2, ""samples"": 900}}",2.068740629000004,"{""maximum_rss_bytes"": 250269696.0, ""path"": ""process-resource-usage.txt"", ""system_seconds"": 0.13, ""user_seconds"": 2.53, ""wall_seconds"": 2.03}"
spring_petclinic_microservices,0,2,full_r,R,qualified,0,"[""full_r"", ""projected_r"", ""direct_r"", ""full_e""]",7200,69928,3.368091316,3.991495,373.11328125,2.5167133449999994,0.00016941600003406165,0.017790515000029927,1.6135260600012344,0.0,0.5786164969999987,0.2990327249987388,0.0008088369999939005,0.8581472659999703,"[""requests.json"", ""native.json"", ""declarations.json"", ""probes.json"", ""manifest.json""]","{""create_visit"": {""categories"": 6, ""coordinates"": 8, ""samples"": 1800}, ""list_owners"": {""categories"": 1, ""coordinates"": 4, ""samples"": 1800}, ""list_vets"": {""categories"": 1, ""coordinates"": 3, ""samples"": 1800}, ""owner_details_with_visits"": {""categories"": 5, ""coordinates"": 10, ""samples"": 1800}}",3.5750787009999954,"{""maximum_rss_bytes"": 391237632.0, ""path"": ""process-resource-usage.txt"", ""system_seconds"": 0.17, ""user_seconds"": 3.99, ""wall_seconds"": 3.53}"
spring_petclinic_microservices,0,2,projected_r,R,qualified,1,"[""full_r"", ""projected_r"", ""direct_r"", ""full_e""]",7200,69928,3.356933762,3.984351,373.4609375,2.5103146119999877,0.00011720899999545509,0.017847300999989102,1.5996470209988871,0.00016479900000376801,0.5762425530000002,0.3091975990011093,0.00046861299999534367,0.8532486670000199,"[""requests.json"", ""native.json"", ""declarations.json"", ""probes.json"", ""manifest.json""]","{""create_visit"": {""categories"": 3, ""coordinates"": 2, ""samples"": 1800}, ""list_owners"": {""categories"": 1, ""coordinates"": 2, ""samples"": 1800}, ""list_vets"": {""categories"": 1, ""coordinates"": 2, ""samples"": 1800}, ""owner_details_with_visits"": {""categories"": 3, ""coordinates"": 2, ""samples"": 1800}}",3.5725020440000037,"{""maximum_rss_bytes"": 391602176.0, ""path"": ""process-resource-usage.txt"", ""system_seconds"": 0.19, ""user_seconds"": 3.96, ""wall_seconds"": 3.52}"
spring_petclinic_microservices,0,2,direct_r,R,qualified,2,"[""full_r"", ""projected_r"", ""direct_r"", ""full_e""]",7200,69928,3.136287605,3.7531760000000003,373.28515625,2.2808482110000057,0.00011574599999164548,0.012767392000000655,1.3557563010011933,0.0,0.5795282280000009,0.330638445998801,0.00048191900000915666,0.8569995730000035,"[""requests.json"", ""native.json"", ""declarations.json""]","{""create_visit"": {""categories"": 3, ""coordinates"": 2, ""samples"": 1800}, ""list_owners"": {""categories"": 1, ""coordinates"": 2, ""samples"": 1800}, ""list_vets"": {""categories"": 1, ""coordinates"": 2, ""samples"": 1800}, ""owner_details_with_visits"": {""categories"": 3, ""coordinates"": 2, ""samples"": 1800}}",3.3210734920000107,"{""maximum_rss_bytes"": 391417856.0, ""path"": ""process-resource-usage.txt"", ""system_seconds"": 0.18, ""user_seconds"": 3.73, ""wall_seconds"": 3.3}"
spring_petclinic_microservices,0,2,full_e,E,qualified,3,"[""full_r"", ""projected_r"", ""direct_r"", ""full_e""]",7200,69928,3.366315795,3.992918,373.44921875,2.5067901430000035,0.0018208460000153082,0.017831689999994182,1.596217779999023,0.0,0.5763044779999973,0.30729246900098417,0.0007657980000033149,0.866082733999983,"[""requests.json"", ""native.json"", ""declarations.json"", ""probes.json"", ""manifest.json""]","{""create_visit"": {""categories"": 6, ""coordinates"": 8, ""samples"": 1800}, ""list_owners"": {""categories"": 1, ""coordinates"": 4, ""samples"": 1800}, ""list_vets"": {""categories"": 1, ""coordinates"": 3, ""samples"": 1800}, ""owner_details_with_visits"": {""categories"": 5, ""coordinates"": 10, ""samples"": 1800}}",3.625170195999999,"{""maximum_rss_bytes"": 391589888.0, ""path"": ""process-resource-usage.txt"", ""system_seconds"": 0.17, ""user_seconds"": 4.03, ""wall_seconds"": 3.58}"
spring_petclinic_microservices,0,4,projected_r,R,qualified,0,"[""projected_r"", ""direct_r"", ""full_e"", ""full_r""]",14400,139856,6.216173533,6.844784000000001,643.43359375,5.362764632000008,0.0001250030000079505,0.0347754060000085,3.4825853929985726,0.00020195500000852462,1.1895157600000061,0.6404547540014249,0.00044988800000567153,0.8680653739999658,"[""requests.json"", ""native.json"", ""declarations.json"", ""probes.json"", ""manifest.json""]","{""create_visit"": {""categories"": 3, ""coordinates"": 2, ""samples"": 3600}, ""list_owners"": {""categories"": 1, ""coordinates"": 2, ""samples"": 3600}, ""list_vets"": {""categories"": 1, ""coordinates"": 2, ""samples"": 3600}, ""owner_details_with_visits"": {""categories"": 3, ""coordinates"": 2, ""samples"": 3600}}",6.529778637999996,"{""maximum_rss_bytes"": 674689024.0, ""path"": ""process-resource-usage.txt"", ""system_seconds"": 0.33, ""user_seconds"": 6.79, ""wall_seconds"": 6.49}"
spring_petclinic_microservices,0,4,direct_r,R,qualified,1,"[""projected_r"", ""direct_r"", ""full_e"", ""full_r""]",14400,139856,5.456247772,6.089051,643.15625,4.607819238000005,0.0001281299999931207,0.025274538999994434,2.9578276620011508,0.0,1.1608043880000025,0.45959807699884436,0.0004406320000072128,0.8521743440000078,"[""requests.json"", ""native.json"", ""declarations.json""]","{""create_visit"": {""categories"": 3, ""coordinates"": 2, ""samples"": 3600}, ""list_owners"": {""categories"": 1, ""coordinates"": 2, ""samples"": 3600}, ""list_vets"": {""categories"": 1, ""coordinates"": 2, ""samples"": 3600}, ""owner_details_with_visits"": {""categories"": 3, ""coordinates"": 2, ""samples"": 3600}}",5.7784240900000015,"{""maximum_rss_bytes"": 674398208.0, ""path"": ""process-resource-usage.txt"", ""system_seconds"": 0.28, ""user_seconds"": 6.07, ""wall_seconds"": 5.72}"
spring_petclinic_microservices,0,4,full_e,E,qualified,2,"[""projected_r"", ""direct_r"", ""full_e"", ""full_r""]",14400,139856,6.201219524,6.832008,643.03125,5.350185464999996,0.0019062530000155675,0.03579812899999979,3.4851398749975857,0.0,1.1601664449999873,0.6516108760024224,0.00079390000000501,0.8658040459999841,"[""requests.json"", ""native.json"", ""declarations.json"", ""probes.json"", ""manifest.json""]","{""create_visit"": {""categories"": 6, ""coordinates"": 8, ""samples"": 3600}, ""list_owners"": {""categories"": 1, ""coordinates"": 4, ""samples"": 3600}, ""list_vets"": {""categories"": 1, ""coordinates"": 3, ""samples"": 3600}, ""owner_details_with_visits"": {""categories"": 5, ""coordinates"": 10, ""samples"": 3600}}",6.530101949000013,"{""maximum_rss_bytes"": 674267136.0, ""path"": ""process-resource-usage.txt"", ""system_seconds"": 0.32, ""user_seconds"": 6.83, ""wall_seconds"": 6.52}"
spring_petclinic_microservices,0,4,full_r,R,qualified,3,"[""projected_r"", ""direct_r"", ""full_e"", ""full_r""]",14400,139856,6.14285039,6.771448,642.98046875,5.297048322000009,0.0002280969999901572,0.035798277000012035,3.4483637000031138,0.0,1.1603081940000095,0.6372038239968703,0.0007931270000085533,0.8601551709999962,"[""requests.json"", ""native.json"", ""declarations.json"", ""probes.json"", ""manifest.json""]","{""create_visit"": {""categories"": 6, ""coordinates"": 8, ""samples"": 3600}, ""list_owners"": {""categories"": 1, ""coordinates"": 4, ""samples"": 3600}, ""list_vets"": {""categories"": 1, ""coordinates"": 3, ""samples"": 3600}, ""owner_details_with_visits"": {""categories"": 5, ""coordinates"": 10, ""samples"": 3600}}",6.430195694000005,"{""maximum_rss_bytes"": 674213888.0, ""path"": ""process-resource-usage.txt"", ""system_seconds"": 0.3, ""user_seconds"": 6.74, ""wall_seconds"": 6.41}"
spring_petclinic_microservices,1,2,projected_r,R,qualified,0,"[""projected_r"", ""direct_r"", ""full_e"", ""full_r""]",7200,69928,3.347547434,3.976693,373.48828125,2.5030972350000127,0.00011294000000816595,0.017798262000042087,1.6038647980011262,0.0001517829999784226,0.5742564210000012,0.30002058799887266,0.00045050900001797345,0.8508921329999533,"[""requests.json"", ""native.json"", ""declarations.json"", ""probes.json"", ""manifest.json""]","{""create_visit"": {""categories"": 3, ""coordinates"": 2, ""samples"": 1800}, ""list_owners"": {""categories"": 1, ""coordinates"": 2, ""samples"": 1800}, ""list_vets"": {""categories"": 1, ""coordinates"": 2, ""samples"": 1800}, ""owner_details_with_visits"": {""categories"": 3, ""coordinates"": 2, ""samples"": 1800}}",3.523581343999993,"{""maximum_rss_bytes"": 391630848.0, ""path"": ""process-resource-usage.txt"", ""system_seconds"": 0.16, ""user_seconds"": 3.97, ""wall_seconds"": 3.51}"
spring_petclinic_microservices,1,2,direct_r,R,qualified,1,"[""projected_r"", ""direct_r"", ""full_e"", ""full_r""]",7200,69928,3.14335054,3.7697629999999998,373.31640625,2.294934283999993,0.00011286999998105784,0.012328895000024431,1.3679888550027215,0.0,0.5788671019999754,0.33347725799725936,0.0004976769999984754,0.85007788300004,"[""requests.json"", ""native.json"", ""declarations.json""]","{""create_visit"": {""categories"": 3, ""coordinates"": 2, ""samples"": 1800}, ""list_owners"": {""categories"": 1, ""coordinates"": 2, ""samples"": 1800}, ""list_vets"": {""categories"": 1, ""coordinates"": 2, ""samples"": 1800}, ""owner_details_with_visits"": {""categories"": 3, ""coordinates"": 2, ""samples"": 1800}}",3.322471863000004,"{""maximum_rss_bytes"": 391450624.0, ""path"": ""process-resource-usage.txt"", ""system_seconds"": 0.2, ""user_seconds"": 3.73, ""wall_seconds"": 3.31}"
spring_petclinic_microservices,1,2,full_e,E,qualified,2,"[""projected_r"", ""direct_r"", ""full_e"", ""full_r""]",7200,69928,3.354894123,3.9867999999999997,373.16796875,2.504561179999996,0.0017964589999905911,0.017872557999993433,1.6037749249979356,0.0,0.578060330999989,0.2959033160020681,0.0007608169999855363,0.8567257170000375,"[""requests.json"", ""native.json"", ""declarations.json"", ""probes.json"", ""manifest.json""]","{""create_visit"": {""categories"": 6, ""coordinates"": 8, ""samples"": 1800}, ""list_owners"": {""categories"": 1, ""coordinates"": 4, ""samples"": 1800}, ""list_vets"": {""categories"": 1, ""coordinates"": 3, ""samples"": 1800}, ""owner_details_with_visits"": {""categories"": 5, ""coordinates"": 10, ""samples"": 1800}}",3.5716596130000084,"{""maximum_rss_bytes"": 391294976.0, ""path"": ""process-resource-usage.txt"", ""system_seconds"": 0.18, ""user_seconds"": 4.01, ""wall_seconds"": 3.56}"
spring_petclinic_microservices,1,2,full_r,R,qualified,3,"[""projected_r"", ""direct_r"", ""full_e"", ""full_r""]",7200,69928,3.386385139,3.980562,373.17578125,2.5227508330000035,0.00016439600000239807,0.017839376000011953,1.6214703429977249,0.0,0.5768906530000208,0.2989955810022309,0.0007565589999956046,0.8702682310000136,"[""requests.json"", ""native.json"", ""declarations.json"", ""probes.json"", ""manifest.json""]","{""create_visit"": {""categories"": 6, ""coordinates"": 8, ""samples"": 1800}, ""list_owners"": {""categories"": 1, ""coordinates"": 4, ""samples"": 1800}, ""list_vets"": {""categories"": 1, ""coordinates"": 3, ""samples"": 1800}, ""owner_details_with_visits"": {""categories"": 5, ""coordinates"": 10, ""samples"": 1800}}",3.572386709,"{""maximum_rss_bytes"": 391303168.0, ""path"": ""process-resource-usage.txt"", ""system_seconds"": 0.19, ""user_seconds"": 3.96, ""wall_seconds"": 3.55}"
spring_petclinic_microservices,1,4,direct_r,R,qualified,0,"[""direct_r"", ""full_e"", ""full_r"", ""projected_r""]",14400,139856,5.494230082,6.120029,643.19921875,4.641033442000008,0.00013561299999764742,0.02513842799999111,2.9625959779929474,0.0,1.1707640070000025,0.47836913500708533,0.0004967160000148851,0.8567302049999608,"[""requests.json"", ""native.json"", ""declarations.json""]","{""create_visit"": {""categories"": 3, ""coordinates"": 2, ""samples"": 3600}, ""list_owners"": {""categories"": 1, ""coordinates"": 2, ""samples"": 3600}, ""list_vets"": {""categories"": 1, ""coordinates"": 2, ""samples"": 3600}, ""owner_details_with_visits"": {""categories"": 3, ""coordinates"": 2, ""samples"": 3600}}",5.777558121000027,"{""maximum_rss_bytes"": 674443264.0, ""path"": ""process-resource-usage.txt"", ""system_seconds"": 0.31, ""user_seconds"": 6.07, ""wall_seconds"": 5.76}"
spring_petclinic_microservices,1,4,full_e,E,qualified,1,"[""direct_r"", ""full_e"", ""full_r"", ""projected_r""]",14400,139856,6.179392296,6.806516,643.27734375,5.327262565000012,0.0018736219999482273,0.03632871900001078,3.461015705005593,0.0,1.16654852100001,0.6462575719944255,0.000815821000003325,0.8665523360000087,"[""requests.json"", ""native.json"", ""declarations.json"", ""probes.json"", ""manifest.json""]","{""create_visit"": {""categories"": 6, ""coordinates"": 8, ""samples"": 3600}, ""list_owners"": {""categories"": 1, ""coordinates"": 4, ""samples"": 3600}, ""list_vets"": {""categories"": 1, ""coordinates"": 3, ""samples"": 3600}, ""owner_details_with_visits"": {""categories"": 5, ""coordinates"": 10, ""samples"": 3600}}",6.5299732720000065,"{""maximum_rss_bytes"": 674525184.0, ""path"": ""process-resource-usage.txt"", ""system_seconds"": 0.3, ""user_seconds"": 6.82, ""wall_seconds"": 6.5}"
spring_petclinic_microservices,1,4,full_r,R,qualified,2,"[""direct_r"", ""full_e"", ""full_r"", ""projected_r""]",14400,139856,6.194694781,6.815831,643.21875,5.342632407999986,0.00018665799996142596,0.03619064199995137,3.482030699003616,0.0,1.1582338300000004,0.6514023429963913,0.0007786509999903046,0.8658719580000893,"[""requests.json"", ""native.json"", ""declarations.json"", ""probes.json"", ""manifest.json""]","{""create_visit"": {""categories"": 6, ""coordinates"": 8, ""samples"": 3600}, ""list_owners"": {""categories"": 1, ""coordinates"": 4, ""samples"": 3600}, ""list_vets"": {""categories"": 1, ""coordinates"": 3, ""samples"": 3600}, ""owner_details_with_visits"": {""categories"": 5, ""coordinates"": 10, ""samples"": 3600}}",6.479495935000017,"{""maximum_rss_bytes"": 674463744.0, ""path"": ""process-resource-usage.txt"", ""system_seconds"": 0.29, ""user_seconds"": 6.78, ""wall_seconds"": 6.46}"
spring_petclinic_microservices,1,4,projected_r,R,qualified,3,"[""direct_r"", ""full_e"", ""full_r"", ""projected_r""]",14400,139856,6.222751396,6.852774999999999,643.0703125,5.359413553999985,0.00012598500001104185,0.03474020099997688,3.5023444989986956,0.0001940909999689211,1.1580079480000052,0.6488355150013376,0.00047519499997861203,0.8780279620000258,"[""requests.json"", ""native.json"", ""declarations.json"", ""probes.json"", ""manifest.json""]","{""create_visit"": {""categories"": 3, ""coordinates"": 2, ""samples"": 3600}, ""list_owners"": {""categories"": 1, ""coordinates"": 2, ""samples"": 3600}, ""list_vets"": {""categories"": 1, ""coordinates"": 2, ""samples"": 3600}, ""owner_details_with_visits"": {""categories"": 3, ""coordinates"": 2, ""samples"": 3600}}",6.528900953000004,"{""maximum_rss_bytes"": 674308096.0, ""path"": ""process-resource-usage.txt"", ""system_seconds"": 0.31, ""user_seconds"": 6.81, ""wall_seconds"": 6.5}"
spring_petclinic_microservices,1,1,full_r,R,qualified,0,"[""full_r"", ""projected_r"", ""direct_r"", ""full_e""]",3600,34964,2.032956788,2.6453889999999998,238.77734375,1.1691708840000103,0.00015735200000221994,0.009318952999961994,0.7339492289994496,0.0,0.2841141929999935,0.1377665140005888,0.0007848920000128601,0.8668656549999909,"[""requests.json"", ""native.json"", ""declarations.json"", ""probes.json"", ""manifest.json""]","{""create_visit"": {""categories"": 6, ""coordinates"": 8, ""samples"": 900}, ""list_owners"": {""categories"": 1, ""coordinates"": 4, ""samples"": 900}, ""list_vets"": {""categories"": 1, ""coordinates"": 3, ""samples"": 900}, ""owner_details_with_visits"": {""categories"": 5, ""coordinates"": 10, ""samples"": 900}}",2.1687250439999843,"{""maximum_rss_bytes"": 250376192.0, ""path"": ""process-resource-usage.txt"", ""system_seconds"": 0.14, ""user_seconds"": 2.62, ""wall_seconds"": 2.15}"
spring_petclinic_microservices,1,1,projected_r,R,qualified,1,"[""full_r"", ""projected_r"", ""direct_r"", ""full_e""]",3600,34964,2.026203733,2.65868,238.48828125,1.1725877469999944,0.0001067690000127186,0.009215490000002546,0.7454520360003869,0.0001460130000339177,0.27975560900000573,0.13457192899963388,0.00044520999998098887,0.8565106769999433,"[""requests.json"", ""native.json"", ""declarations.json"", ""probes.json"", ""manifest.json""]","{""create_visit"": {""categories"": 3, ""coordinates"": 2, ""samples"": 900}, ""list_owners"": {""categories"": 1, ""coordinates"": 2, ""samples"": 900}, ""list_vets"": {""categories"": 1, ""coordinates"": 2, ""samples"": 900}, ""owner_details_with_visits"": {""categories"": 3, ""coordinates"": 2, ""samples"": 900}}",2.168885042999989,"{""maximum_rss_bytes"": 250073088.0, ""path"": ""process-resource-usage.txt"", ""system_seconds"": 0.13, ""user_seconds"": 2.64, ""wall_seconds"": 2.14}"
spring_petclinic_microservices,1,1,direct_r,R,qualified,2,"[""full_r"", ""projected_r"", ""direct_r"", ""full_e""]",3600,34964,1.908090477,2.541214,238.421875,1.0560884090000116,0.00010996399998930428,0.006323643999991191,0.7015711179990376,0.0,0.2807410080000068,0.06634195900090845,0.00043330700000865363,0.852569477000058,"[""requests.json"", ""native.json"", ""declarations.json""]","{""create_visit"": {""categories"": 3, ""coordinates"": 2, ""samples"": 900}, ""list_owners"": {""categories"": 1, ""coordinates"": 2, ""samples"": 900}, ""list_vets"": {""categories"": 1, ""coordinates"": 2, ""samples"": 900}, ""owner_details_with_visits"": {""categories"": 3, ""coordinates"": 2, ""samples"": 900}}",2.069532195999983,"{""maximum_rss_bytes"": 250003456.0, ""path"": ""process-resource-usage.txt"", ""system_seconds"": 0.12, ""user_seconds"": 2.54, ""wall_seconds"": 2.03}"
spring_petclinic_microservices,1,1,full_e,E,qualified,3,"[""full_r"", ""projected_r"", ""direct_r"", ""full_e""]",3600,34964,2.034610227,2.654111,238.52734375,1.1849331679999864,0.0018129070000156844,0.009497640999995838,0.7491963879992056,0.0,0.2828800890000025,0.13793231700077513,0.0007283369999981915,0.852562548000007,"[""requests.json"", ""native.json"", ""declarations.json"", ""probes.json"", ""manifest.json""]","{""create_visit"": {""categories"": 6, ""coordinates"": 8, ""samples"": 900}, ""list_owners"": {""categories"": 1, ""coordinates"": 4, ""samples"": 900}, ""list_vets"": {""categories"": 1, ""coordinates"": 3, ""samples"": 900}, ""owner_details_with_visits"": {""categories"": 5, ""coordinates"": 10, ""samples"": 900}}",2.219415390999984,"{""maximum_rss_bytes"": 250114048.0, ""path"": ""process-resource-usage.txt"", ""system_seconds"": 0.12, ""user_seconds"": 2.69, ""wall_seconds"": 2.2}"
spring_petclinic_microservices,2,4,full_e,E,qualified,0,"[""full_e"", ""full_r"", ""projected_r"", ""direct_r""]",14400,139856,6.168007015,6.751987,642.80859375,5.301381913,0.00193109800000002,0.03562776600000461,3.460044775995925,0.0,1.1567585310000084,0.6317828450040395,0.0008069739999996273,0.8810550250000224,"[""requests.json"", ""native.json"", ""declarations.json"", ""probes.json"", ""manifest.json""]","{""create_visit"": {""categories"": 6, ""coordinates"": 8, ""samples"": 3600}, ""list_owners"": {""categories"": 1, ""coordinates"": 4, ""samples"": 3600}, ""list_vets"": {""categories"": 1, ""coordinates"": 3, ""samples"": 3600}, ""owner_details_with_visits"": {""categories"": 5, ""coordinates"": 10, ""samples"": 3600}}",6.52790619000001,"{""maximum_rss_bytes"": 674033664.0, ""path"": ""process-resource-usage.txt"", ""system_seconds"": 0.31, ""user_seconds"": 6.76, ""wall_seconds"": 6.49}"
spring_petclinic_microservices,2,4,full_r,R,qualified,1,"[""full_e"", ""full_r"", ""projected_r"", ""direct_r""]",14400,139856,6.193155797,6.790317999999999,643.29296875,5.332703576,0.00019519299999615214,0.036013784999994414,3.4779733720023103,0.0,1.1595512819999954,0.6435054349977065,0.0008097590000204491,0.875106970999977,"[""requests.json"", ""native.json"", ""declarations.json"", ""probes.json"", ""manifest.json""]","{""create_visit"": {""categories"": 6, ""coordinates"": 8, ""samples"": 3600}, ""list_owners"": {""categories"": 1, ""coordinates"": 4, ""samples"": 3600}, ""list_vets"": {""categories"": 1, ""coordinates"": 3, ""samples"": 3600}, ""owner_details_with_visits"": {""categories"": 5, ""coordinates"": 10, ""samples"": 3600}}",6.4788363170000025,"{""maximum_rss_bytes"": 674541568.0, ""path"": ""process-resource-usage.txt"", ""system_seconds"": 0.3, ""user_seconds"": 6.76, ""wall_seconds"": 6.46}"
spring_petclinic_microservices,2,4,projected_r,R,qualified,2,"[""full_e"", ""full_r"", ""projected_r"", ""direct_r""]",14400,139856,6.153857658,6.778129,643.0703125,5.304309933999974,0.00012100400002168499,0.03572754399996825,3.4450250780016347,0.0001962049999804094,1.1648319539999932,0.6435178869984384,0.0004338289999736844,0.8640041569999894,"[""requests.json"", ""native.json"", ""declarations.json"", ""probes.json"", ""manifest.json""]","{""create_visit"": {""categories"": 3, ""coordinates"": 2, ""samples"": 3600}, ""list_owners"": {""categories"": 1, ""coordinates"": 2, ""samples"": 3600}, ""list_vets"": {""categories"": 1, ""coordinates"": 2, ""samples"": 3600}, ""owner_details_with_visits"": {""categories"": 3, ""coordinates"": 2, ""samples"": 3600}}",6.4781195489999845,"{""maximum_rss_bytes"": 674308096.0, ""path"": ""process-resource-usage.txt"", ""system_seconds"": 0.3, ""user_seconds"": 6.75, ""wall_seconds"": 6.42}"
spring_petclinic_microservices,2,4,direct_r,R,qualified,3,"[""full_e"", ""full_r"", ""projected_r"", ""direct_r""]",14400,139856,5.48605602,6.089743,643.4765625,4.624939026000021,0.00012422100002140724,0.02504252100001736,2.963041292000355,0.0,1.1651517070000068,0.46720417099959377,0.0005473399999971207,0.8649447680000089,"[""requests.json"", ""native.json"", ""declarations.json""]","{""create_visit"": {""categories"": 3, ""coordinates"": 2, ""samples"": 3600}, ""list_owners"": {""categories"": 1, ""coordinates"": 2, ""samples"": 3600}, ""list_vets"": {""categories"": 1, ""coordinates"": 2, ""samples"": 3600}, ""owner_details_with_visits"": {""categories"": 3, ""coordinates"": 2, ""samples"": 3600}}",5.777955591999984,"{""maximum_rss_bytes"": 674734080.0, ""path"": ""process-resource-usage.txt"", ""system_seconds"": 0.31, ""user_seconds"": 6.05, ""wall_seconds"": 5.76}"
spring_petclinic_microservices,2,1,projected_r,R,qualified,0,"[""projected_r"", ""direct_r"", ""full_e"", ""full_r""]",3600,34964,2.028080606,2.65522,238.8984375,1.1815990260000149,0.00012340899999685462,0.00919984500001192,0.7449505559982583,0.00013632399998186884,0.2852105999999992,0.13842952600177227,0.00043626300001164964,0.849594082999968,"[""requests.json"", ""native.json"", ""declarations.json"", ""probes.json"", ""manifest.json""]","{""create_visit"": {""categories"": 3, ""coordinates"": 2, ""samples"": 900}, ""list_owners"": {""categories"": 1, ""coordinates"": 2, ""samples"": 900}, ""list_vets"": {""categories"": 1, ""coordinates"": 2, ""samples"": 900}, ""owner_details_with_visits"": {""categories"": 3, ""coordinates"": 2, ""samples"": 900}}",2.1683942070000057,"{""maximum_rss_bytes"": 250503168.0, ""path"": ""process-resource-usage.txt"", ""system_seconds"": 0.14, ""user_seconds"": 2.63, ""wall_seconds"": 2.14}"
spring_petclinic_microservices,2,1,direct_r,R,qualified,1,"[""projected_r"", ""direct_r"", ""full_e"", ""full_r""]",3600,34964,1.903847884,2.528612,238.296875,1.0509411909999926,0.00010686799998893548,0.006199793999996928,0.6973641200024474,0.0,0.28148691000001236,0.06482242599756205,0.0004464820000009695,0.8534212839999913,"[""requests.json"", ""native.json"", ""declarations.json""]","{""create_visit"": {""categories"": 3, ""coordinates"": 2, ""samples"": 900}, ""list_owners"": {""categories"": 1, ""coordinates"": 2, ""samples"": 900}, ""list_vets"": {""categories"": 1, ""coordinates"": 2, ""samples"": 900}, ""owner_details_with_visits"": {""categories"": 3, ""coordinates"": 2, ""samples"": 900}}",2.069563271999982,"{""maximum_rss_bytes"": 249872384.0, ""path"": ""process-resource-usage.txt"", ""system_seconds"": 0.15, ""user_seconds"": 2.49, ""wall_seconds"": 2.02}"
spring_petclinic_microservices,2,1,full_e,E,qualified,2,"[""projected_r"", ""direct_r"", ""full_e"", ""full_r""]",3600,34964,2.024248048,2.649336,238.671875,1.179572995000001,0.0018234180000433753,0.00927040900000975,0.7682861510010355,0.0,0.2838264070000207,0.11261186299898895,0.0007713569999907577,0.847658442999911,"[""requests.json"", ""native.json"", ""declarations.json"", ""probes.json"", ""manifest.json""]","{""create_visit"": {""categories"": 6, ""coordinates"": 8, ""samples"": 900}, ""list_owners"": {""categories"": 1, ""coordinates"": 4, ""samples"": 900}, ""list_vets"": {""categories"": 1, ""coordinates"": 3, ""samples"": 900}, ""owner_details_with_visits"": {""categories"": 5, ""coordinates"": 10, ""samples"": 900}}",2.2187909200000036,"{""maximum_rss_bytes"": 250265600.0, ""path"": ""process-resource-usage.txt"", ""system_seconds"": 0.16, ""user_seconds"": 2.65, ""wall_seconds"": 2.19}"
spring_petclinic_microservices,2,1,full_r,R,qualified,3,"[""projected_r"", ""direct_r"", ""full_e"", ""full_r""]",3600,34964,2.050958414,2.684945,238.65234375,1.1963975299999845,0.00016462700000374753,0.009121088999961557,0.7681260660003488,0.0,0.27821258499997725,0.13715476099969237,0.000779493000010234,0.8573997930000061,"[""requests.json"", ""native.json"", ""declarations.json"", ""probes.json"", ""manifest.json""]","{""create_visit"": {""categories"": 6, ""coordinates"": 8, ""samples"": 900}, ""list_owners"": {""categories"": 1, ""coordinates"": 4, ""samples"": 900}, ""list_vets"": {""categories"": 1, ""coordinates"": 3, ""samples"": 900}, ""owner_details_with_visits"": {""categories"": 5, ""coordinates"": 10, ""samples"": 900}}",2.220267676999981,"{""maximum_rss_bytes"": 250245120.0, ""path"": ""process-resource-usage.txt"", ""system_seconds"": 0.11, ""user_seconds"": 2.68, ""wall_seconds"": 2.17}"
spring_petclinic_microservices,2,2,direct_r,R,qualified,0,"[""direct_r"", ""full_e"", ""full_r"", ""projected_r""]",7200,69928,3.183119859,3.81459,373.2890625,2.3326674609999998,0.00011424199999510165,0.012552893999981052,1.3897680910002066,0.0,0.5835108769999806,0.3446962309998014,0.0005432030000065424,0.8519343210000287,"[""requests.json"", ""native.json"", ""declarations.json""]","{""create_visit"": {""categories"": 3, ""coordinates"": 2, ""samples"": 1800}, ""list_owners"": {""categories"": 1, ""coordinates"": 2, ""samples"": 1800}, ""list_vets"": {""categories"": 1, ""coordinates"": 2, ""samples"": 1800}, ""owner_details_with_visits"": {""categories"": 3, ""coordinates"": 2, ""samples"": 1800}}",3.4236074470000233,"{""maximum_rss_bytes"": 391421952.0, ""path"": ""process-resource-usage.txt"", ""system_seconds"": 0.18, ""user_seconds"": 3.84, ""wall_seconds"": 3.38}"
spring_petclinic_microservices,2,2,full_e,E,qualified,1,"[""direct_r"", ""full_e"", ""full_r"", ""projected_r""]",7200,69928,3.380549822,4.014599,373.48046875,2.5265779089999967,0.0018088310000052843,0.01789686300000426,1.619601893003363,0.0,0.5713087909999786,0.30865308099657796,0.0007394579999981943,0.8605409050000725,"[""requests.json"", ""native.json"", ""declarations.json"", ""probes.json"", ""manifest.json""]","{""create_visit"": {""categories"": 6, ""coordinates"": 8, ""samples"": 1800}, ""list_owners"": {""categories"": 1, ""coordinates"": 4, ""samples"": 1800}, ""list_vets"": {""categories"": 1, ""coordinates"": 3, ""samples"": 1800}, ""owner_details_with_visits"": {""categories"": 5, ""coordinates"": 10, ""samples"": 1800}}",3.622554373000014,"{""maximum_rss_bytes"": 391622656.0, ""path"": ""process-resource-usage.txt"", ""system_seconds"": 0.19, ""user_seconds"": 4.04, ""wall_seconds"": 3.6}"
spring_petclinic_microservices,2,2,full_r,R,qualified,2,"[""direct_r"", ""full_e"", ""full_r"", ""projected_r""]",7200,69928,3.36153298,3.9891959999999997,373.296875,2.512415243999982,0.00017049799998858362,0.017861879999969688,1.60694259099796,0.0,0.5777585310000006,0.30222742200203356,0.0007237589999817828,0.8558482990000655,"[""requests.json"", ""native.json"", ""declarations.json"", ""probes.json"", ""manifest.json""]","{""create_visit"": {""categories"": 6, ""coordinates"": 8, ""samples"": 1800}, ""list_owners"": {""categories"": 1, ""coordinates"": 4, ""samples"": 1800}, ""list_vets"": {""categories"": 1, ""coordinates"": 3, ""samples"": 1800}, ""owner_details_with_visits"": {""categories"": 5, ""coordinates"": 10, ""samples"": 1800}}",3.5728113199999996,"{""maximum_rss_bytes"": 391430144.0, ""path"": ""process-resource-usage.txt"", ""system_seconds"": 0.19, ""user_seconds"": 3.95, ""wall_seconds"": 3.53}"
spring_petclinic_microservices,2,2,projected_r,R,qualified,3,"[""direct_r"", ""full_e"", ""full_r"", ""projected_r""]",7200,69928,3.371387273,4.003166,373.296875,2.52233246199998,0.00011039700004289443,0.017961816000024555,1.6123536690016635,0.0001505810000139718,0.583922470999994,0.3009290109983169,0.00044280500000581924,0.8555165229999382,"[""requests.json"", ""native.json"", ""declarations.json"", ""probes.json"", ""manifest.json""]","{""create_visit"": {""categories"": 3, ""coordinates"": 2, ""samples"": 1800}, ""list_owners"": {""categories"": 1, ""coordinates"": 2, ""samples"": 1800}, ""list_vets"": {""categories"": 1, ""coordinates"": 2, ""samples"": 1800}, ""owner_details_with_visits"": {""categories"": 3, ""coordinates"": 2, ""samples"": 1800}}",3.5729214090000028,"{""maximum_rss_bytes"": 391430144.0, ""path"": ""process-resource-usage.txt"", ""system_seconds"": 0.2, ""user_seconds"": 3.96, ""wall_seconds"": 3.54}"
