profile,phase,method,planned,qualified,failed,total_median_ms,cpu_median_ms,key_check_median_ms,construction_median_ms,data_update_median_ms,inference_median_ms,reconstructed_records,fully_paired_cases,other_over_prepared_median
deathstarbench_social_network,initial,prepared_specialized,66,66,0,1.786388,1.7918634999999998,0.049487500000000004,1.2128335,0.0,0.4878225,66,0,
deathstarbench_social_network,initial,cudd_controls_first,66,66,0,5.6666165,5.674383,0.054863,5.0553125,0.0,0.571569,66,22,3.185117662823086
deathstarbench_social_network,initial,cudd_sift_once,66,66,0,6.958959,6.960300500000001,0.055970000000000006,6.245203,0.0,0.5448744999999999,66,22,3.8866000125695415
deathstarbench_social_network,initial,agrum_lazy,66,66,0,21.088375,21.094822,0.0530745,5.901,0.0072185,15.0817965,66,22,11.795897534007661
deathstarbench_social_network,initial,storm_exact,66,66,0,4.1979995,4.203253999999999,0.057346999999999995,2.372339,0.0024445,1.7663905,66,22,3.472668337926966
deathstarbench_social_network,repeat,prepared_specialized,66,66,0,0.472419,0.4744215,0.033938499999999996,0.0,0.0,0.42235449999999997,0,0,
deathstarbench_social_network,repeat,cudd_controls_first,66,66,0,0.5266005,0.5290585,0.0394035,0.0,0.0,0.45996499999999996,0,22,1.1007966425283595
deathstarbench_social_network,repeat,cudd_sift_once,66,66,0,0.5351215,0.537324,0.0413325,0.0,0.0,0.4651555,0,22,1.1053448916290163
deathstarbench_social_network,repeat,agrum_lazy,66,66,0,14.989154500000001,14.992575,0.039549,0.0,0.0095225,14.9247745,0,22,31.229034141764792
deathstarbench_social_network,repeat,storm_exact,66,66,0,1.5327875,1.5354645,0.0387275,0.0,0.00262,1.4912805,0,22,2.5276855554625515
deathstarbench_social_network,counts,prepared_specialized,66,66,0,0.463106,0.465119,0.032240000000000005,0.0,0.0,0.4004145,0,0,
deathstarbench_social_network,counts,cudd_controls_first,66,66,0,0.5066174999999999,0.5086554999999999,0.033557500000000004,0.0,0.0,0.44651050000000003,0,22,1.0699287844678407
deathstarbench_social_network,counts,cudd_sift_once,66,66,0,0.5037925000000001,0.5058655,0.0340635,0.0,0.0,0.4344435,0,22,1.0851312855099637
deathstarbench_social_network,counts,agrum_lazy,66,66,0,15.022719,15.0257015,0.037876,0.0,0.1968835,14.769835,0,22,30.92211703498998
deathstarbench_social_network,counts,storm_exact,66,66,0,1.65648,1.659095,0.03485,0.0,0.1418,1.4833565,0,22,2.6392281137517584
deathstarbench_social_network,masks,prepared_specialized,66,66,0,0.456819,0.458647,0.031825,0.0,0.0,0.3981445,0,0,
deathstarbench_social_network,masks,cudd_controls_first,66,66,0,0.533418,0.5353749999999999,0.033693,0.0,0.0,0.47502849999999996,0,22,1.1476315963214492
deathstarbench_social_network,masks,cudd_sift_once,66,66,0,0.51816,0.5200715,0.0344895,0.0,0.0,0.4761205,0,22,1.1333581693115005
deathstarbench_social_network,masks,agrum_lazy,66,66,0,16.354785999999997,16.357631,0.038542,0.0,1.6366525,14.664468,0,22,34.40081179570181
deathstarbench_social_network,masks,storm_exact,66,66,0,3.3534355,3.3561104999999998,0.037179500000000004,0.0,1.914722,1.4067029999999998,0,22,9.41728456179457
deathstarbench_social_network,metadata,prepared_specialized,66,66,0,0.4601355,0.4620785,0.029580000000000002,0.0,0.0,0.4133135,0,0,
deathstarbench_social_network,metadata,cudd_controls_first,66,66,0,0.4965095,0.49837149999999997,0.033326999999999996,0.0,0.0,0.4313725,0,22,1.0855522340500072
deathstarbench_social_network,metadata,cudd_sift_once,66,66,0,0.4976915,0.4996035,0.03227,0.0,0.0,0.4467705,0,22,1.0883292530042603
deathstarbench_social_network,metadata,agrum_lazy,66,66,0,14.8453695,14.848195,0.038036,0.0,0.009132000000000001,14.791329,0,22,32.3756549062127
deathstarbench_social_network,metadata,storm_exact,66,66,0,1.426404,1.4289450000000001,0.0346095,0.0,0.0019684999999999998,1.3872505,0,22,3.8366060617683195
deathstarbench_social_network,structure,prepared_specialized,66,66,0,1.208106,1.2101709999999999,0.0296755,0.7293085,0.0,0.40839400000000003,66,0,
deathstarbench_social_network,structure,cudd_controls_first,66,66,0,5.5187315,5.521387000000001,0.031884499999999996,5.028701,0.0,0.4625555,66,22,4.535585780941412
deathstarbench_social_network,structure,cudd_sift_once,66,66,0,6.72068,6.723478,0.030712,6.126317500000001,0.0,0.4822015,66,22,5.500138208173184
deathstarbench_social_network,structure,agrum_lazy,66,66,0,9.5013585,9.5041095,0.0371545,2.782977,0.007389,6.607737,66,22,7.569674682213547
deathstarbench_social_network,structure,storm_exact,66,66,0,3.0474765,3.0500939999999996,0.0348455,1.7898589999999999,0.002079,1.2401404999999999,66,22,4.011720639966898
deathstarbench_social_network,restore,prepared_specialized,66,66,0,1.564352,1.566452,0.02923,1.118622,0.0,0.4149665,66,0,
deathstarbench_social_network,restore,cudd_controls_first,66,66,0,5.1914134999999995,5.1936595,0.033502500000000004,4.745179,0.0,0.47806899999999997,66,22,3.3701851997418517
deathstarbench_social_network,restore,cudd_sift_once,66,66,0,6.3409735000000005,6.344165,0.0344145,5.8985009999999996,0.0,0.479487,66,22,4.053264377189866
deathstarbench_social_network,restore,agrum_lazy,66,66,0,20.0236825,20.022198000000003,0.037415000000000004,5.1770025,0.0064069999999999995,14.7911275,66,22,14.404655964623588
deathstarbench_social_network,restore,storm_exact,66,66,0,3.3383125,3.335452,0.032796000000000006,1.7984855,0.002124,1.5062025,66,22,3.1725963002641917
opentelemetry_demo,initial,prepared_specialized,72,72,0,2.6828279999999998,2.6878045,0.0643865,1.388379,0.0,1.0973935,72,0,
opentelemetry_demo,initial,cudd_controls_first,72,72,0,6.3114105,6.319015,0.0695905,5.006995,0.0,1.2921885,72,24,2.360220921012705
opentelemetry_demo,initial,cudd_sift_once,72,72,0,7.4689835,7.484351,0.06963050000000001,6.1855905,0.0,1.252524,72,24,2.772006227865326
opentelemetry_demo,initial,agrum_lazy,72,72,0,50.935504,50.942082,0.0974435,10.8518535,0.0088665,39.6963675,72,24,18.99645083688886
opentelemetry_demo,initial,storm_exact,72,72,0,8.1444285,8.1495475,0.070698,4.3450645,0.0039975,3.724147,72,24,3.0384176102650073
opentelemetry_demo,repeat,prepared_specialized,72,72,0,1.0908105000000001,1.074928,0.04494,0.0,0.0,1.017858,0,0,
opentelemetry_demo,repeat,cudd_controls_first,72,72,0,1.152431,1.1549420000000001,0.061646,0.0,0.0,1.0899685,0,24,1.0991121094002512
opentelemetry_demo,repeat,cudd_sift_once,72,72,0,1.1721125,1.1744335,0.054357,0.0,0.0,1.10956,0,24,1.1017649476254423
opentelemetry_demo,repeat,agrum_lazy,72,72,0,39.3603315,39.3638915,0.0547275,0.0,0.0129045,39.274721,0,24,36.580567316178076
opentelemetry_demo,repeat,storm_exact,72,72,0,3.436356,3.4389114999999997,0.0540065,0.0,0.003667,3.3731925,0,24,3.2991886109730286
opentelemetry_demo,counts,prepared_specialized,72,72,0,1.0814270000000001,1.083514,0.0416525,0.0,0.0,1.0306009999999999,0,0,
opentelemetry_demo,counts,cudd_controls_first,72,72,0,1.1358445000000001,1.138385,0.043046,0.0,0.0,1.078792,0,24,1.0847128763413654
opentelemetry_demo,counts,cudd_sift_once,72,72,0,1.131116,1.1335115,0.043427,0.0,0.0,1.0765685,0,24,1.0785767833496214
opentelemetry_demo,counts,agrum_lazy,72,72,0,39.3343595,39.3375165,0.0509405,0.0,0.2439885,39.0257145,0,24,36.64353909008035
opentelemetry_demo,counts,storm_exact,72,72,0,3.7100635000000004,3.7125375,0.047824500000000006,0.0,0.19203550000000003,3.476985,0,24,3.647236239171308
opentelemetry_demo,masks,prepared_specialized,72,72,0,1.069039,1.0711255,0.044909500000000005,0.0,0.0,1.0153780000000001,0,0,
opentelemetry_demo,masks,cudd_controls_first,72,72,0,1.200307,1.2023854999999999,0.046968499999999996,0.0,0.0,1.146275,0,24,1.1549667792267917
opentelemetry_demo,masks,cudd_sift_once,72,72,0,1.1958175,1.1983825000000001,0.046868,0.0,0.0,1.1341225,0,24,1.1205293737457378
opentelemetry_demo,masks,agrum_lazy,72,72,0,44.0369525,44.0400635,0.0508405,0.0,5.318030500000001,38.698155,0,24,41.01670583761446
opentelemetry_demo,masks,storm_exact,72,72,0,7.234113000000001,7.2366535,0.046246499999999996,0.0,3.830846,3.327048,0,24,7.7747203491046175
opentelemetry_demo,metadata,prepared_specialized,72,72,0,1.0872035,1.0891885,0.04269,0.0,0.0,1.01369,0,0,
opentelemetry_demo,metadata,cudd_controls_first,72,72,0,1.143759,1.146466,0.0419135,0.0,0.0,1.08828,0,24,1.068283873293214
opentelemetry_demo,metadata,cudd_sift_once,72,72,0,1.1316275,1.1336915,0.042074,0.0,0.0,1.0776664999999999,0,24,1.0754002936676261
opentelemetry_demo,metadata,agrum_lazy,72,72,0,39.0684655,39.071094,0.051858,0.0,0.0134055,38.988665499999996,0,24,36.54016613418287
opentelemetry_demo,metadata,storm_exact,72,72,0,3.4007515,3.396026,0.0460815,0.0,0.002946,3.3431480000000002,0,24,3.245777027031063
opentelemetry_demo,structure,prepared_specialized,72,72,0,1.908106,1.9102625,0.0421995,0.790956,0.0,1.0243,72,0,
opentelemetry_demo,structure,cudd_controls_first,72,72,0,6.2030425000000005,6.2060735000000005,0.042571,5.0519745,0.0,1.099306,72,24,3.2643340560350635
opentelemetry_demo,structure,cudd_sift_once,72,72,0,7.3611245,7.3439239999999995,0.0459365,6.130451,0.0,1.1163745,72,24,3.8522960282724146
opentelemetry_demo,structure,agrum_lazy,72,72,0,21.970699,21.9742035,0.053751,4.3066465,0.0099085,17.565554499999998,72,24,10.925274605596057
opentelemetry_demo,structure,storm_exact,72,72,0,7.223712,7.2263839999999995,0.045134999999999995,4.0050095,0.003251,3.1468895000000003,72,24,3.7646912137596984
opentelemetry_demo,restore,prepared_specialized,72,72,0,2.481153,2.483262,0.047409,1.268585,0.0,1.011466,72,0,
opentelemetry_demo,restore,cudd_controls_first,72,72,0,6.008862499999999,6.011540500000001,0.0442635,4.773345,0.0,1.1617285,72,24,2.408906210678387
opentelemetry_demo,restore,cudd_sift_once,72,72,0,6.9956375,6.998358,0.0449795,5.958658,0.0,1.1352185000000001,72,24,2.921632412390471
opentelemetry_demo,restore,agrum_lazy,72,72,0,49.605177999999995,49.6036875,0.053395,10.0467815,0.008666,39.3697135,72,24,20.155259224859307
opentelemetry_demo,restore,storm_exact,72,72,0,7.530358,7.526975500000001,0.046062,4.0316695,0.0031755,3.4633515,72,24,3.122445703351402
spring_petclinic_microservices,initial,prepared_specialized,96,96,0,1.2945925,1.301634,0.06411549999999999,0.681165,0.0,0.5188024999999999,96,0,
spring_petclinic_microservices,initial,cudd_controls_first,96,96,0,5.771262,5.780093000000001,0.061056,4.978892,0.0,0.6710590000000001,96,32,6.455459801487662
spring_petclinic_microservices,initial,cudd_sift_once,96,96,0,6.838313,6.8478390000000005,0.0603345,6.1543375000000005,0.0,0.6473745,96,32,7.789300609939662
spring_petclinic_microservices,initial,agrum_lazy,96,96,0,17.4504005,17.458524,0.058292,4.215469499999999,0.007401,13.189258,96,32,12.708435456839485
spring_petclinic_microservices,initial,storm_exact,96,96,0,3.90694,3.9137,0.059928999999999996,2.4676850000000004,0.003175,1.382855,96,32,3.5468999086878332
spring_petclinic_microservices,repeat,prepared_specialized,96,96,0,0.5031950000000001,0.505146,0.033955,0.0,0.0,0.46120249999999996,0,0,
spring_petclinic_microservices,repeat,cudd_controls_first,96,96,0,0.538907,0.541254,0.037906499999999996,0.0,0.0,0.493996,0,32,1.1134745141602886
spring_petclinic_microservices,repeat,cudd_sift_once,96,96,0,0.545142,0.547749,0.038272,0.0,0.0,0.508087,0,32,1.1274953621326822
spring_petclinic_microservices,repeat,agrum_lazy,96,96,0,12.9552845,12.952148999999999,0.0394235,0.0,0.010866,12.9063415,0,32,22.03084405231388
spring_petclinic_microservices,repeat,storm_exact,96,96,0,1.122056,1.124481,0.036449,0.0,0.002624,1.083278,0,32,2.179623579598167
spring_petclinic_microservices,counts,prepared_specialized,96,96,0,0.4568955,0.4586515,0.0296895,0.0,0.0,0.42753700000000006,0,0,
spring_petclinic_microservices,counts,cudd_controls_first,96,96,0,0.51688,0.519391,0.0319575,0.0,0.0,0.4815515,0,32,1.0945889209677109
spring_petclinic_microservices,counts,cudd_sift_once,96,96,0,0.4934055,0.49553149999999996,0.031772499999999995,0.0,0.0,0.4611775,0,32,1.0944905318946496
spring_petclinic_microservices,counts,agrum_lazy,96,96,0,12.9914035,12.994787,0.039309,0.0,0.107335,12.8338035,0,32,23.081495921277092
spring_petclinic_microservices,counts,storm_exact,96,96,0,1.1862075,1.1887765,0.0331545,0.0,0.08646899999999999,1.0584215,0,32,2.284264778939594
spring_petclinic_microservices,masks,prepared_specialized,96,96,0,0.45462749999999996,0.4566335,0.030199999999999998,0.0,0.0,0.42288950000000003,0,0,
spring_petclinic_microservices,masks,cudd_controls_first,96,96,0,0.5496380000000001,0.5519705,0.030225000000000002,0.0,0.0,0.5106955,0,32,1.3630419469792732
spring_petclinic_microservices,masks,cudd_sift_once,96,96,0,0.5659730000000001,0.5683845,0.031417,0.0,0.0,0.5365489999999999,0,32,1.3923142473722119
spring_petclinic_microservices,masks,agrum_lazy,96,96,0,14.3092695,14.3126105,0.039653999999999995,0.0,1.3984435000000002,12.867569000000001,0,32,26.179515310017628
spring_petclinic_microservices,masks,storm_exact,96,96,0,3.0111535,3.013833,0.0334345,0.0,1.789895,1.2171585,0,32,8.90355458636995
spring_petclinic_microservices,metadata,prepared_specialized,96,96,0,0.442168,0.443845,0.026549,0.0,0.0,0.414262,0,0,
spring_petclinic_microservices,metadata,cudd_controls_first,96,96,0,0.5027185000000001,0.504985,0.030696,0.0,0.0,0.4733645,0,32,1.1155130068897163
spring_petclinic_microservices,metadata,cudd_sift_once,96,96,0,0.4931295,0.49482499999999996,0.0318575,0.0,0.0,0.46097150000000003,0,32,1.1141419221690279
spring_petclinic_microservices,metadata,agrum_lazy,96,96,0,12.906677,12.9109925,0.037611000000000006,0.0,0.0102205,12.857168,0,32,23.349336929828716
spring_petclinic_microservices,metadata,storm_exact,96,96,0,1.1999325,1.202667,0.0345515,0.0,0.002013,1.163058,0,32,2.874303364852477
spring_petclinic_microservices,structure,prepared_specialized,96,96,0,0.8604769999999999,0.8623865000000001,0.0268,0.40550400000000003,0.0,0.433776,96,0,
spring_petclinic_microservices,structure,cudd_controls_first,96,96,0,5.806900499999999,5.8094915,0.028978,5.027373000000001,0.0,0.5174405,96,32,12.131697162163501
spring_petclinic_microservices,structure,cudd_sift_once,96,96,0,6.7865795,6.7900434999999995,0.028617999999999998,6.202114,0.0,0.509704,96,32,14.605159959325336
spring_petclinic_microservices,structure,agrum_lazy,96,96,0,8.375651,8.378458,0.0395335,1.7717079999999998,0.0065795,6.5595915,96,32,8.083240716206365
spring_petclinic_microservices,structure,storm_exact,96,96,0,2.833034,2.83709,0.0321125,1.668214,0.002173,1.151541,96,32,5.133918587214803
spring_petclinic_microservices,restore,prepared_specialized,96,96,0,1.0695670000000002,1.0716575,0.0273805,0.5879055,0.0,0.449584,96,0,
spring_petclinic_microservices,restore,cudd_controls_first,96,96,0,5.0810165000000005,5.085611500000001,0.032804,4.703431500000001,0.0,0.5154225,96,32,11.164791810310952
spring_petclinic_microservices,restore,cudd_sift_once,96,96,0,6.370785,6.3748515,0.033549999999999996,5.9611350000000005,0.0,0.549188,96,32,12.31297377170371
spring_petclinic_microservices,restore,agrum_lazy,96,96,0,16.165917,16.1704755,0.036088999999999996,3.4140405,0.005578,12.738165500000001,96,32,14.909438358853116
spring_petclinic_microservices,restore,storm_exact,96,96,0,2.808058,2.810766,0.0331645,1.6958760000000002,0.002203,1.093844,96,32,4.195935293256614
synthetic,initial,prepared_specialized,81,81,0,77.691829,77.696157,0.087423,76.835981,0.0,0.503892,81,0,
synthetic,initial,cudd_controls_first,81,81,0,5.866797,5.871051,0.091381,5.117443,0.0,0.611653,81,27,0.0945442425322824
synthetic,initial,cudd_sift_once,81,81,0,7.641234,7.648026,0.092542,6.867389,0.0,0.602755,81,27,0.12069860728231403
synthetic,initial,agrum_lazy,81,78,3,42.275755000000004,42.2756975,0.090279,17.5307085,0.007894499999999999,25.2227325,78,26,0.5391622986356
synthetic,initial,storm_exact,81,81,0,9.04714,9.052506,0.095028,6.306428,0.002534,3.639104,81,27,0.11069960966370565
synthetic,repeat,prepared_specialized,81,81,0,0.516294,0.518647,0.0696,0.0,0.0,0.429361,0,0,
synthetic,repeat,cudd_controls_first,81,81,0,0.565015,0.567378,0.077665,0.0,0.0,0.489804,0,27,1.1026008239183862
synthetic,repeat,cudd_sift_once,81,81,0,0.572609,0.575042,0.076974,0.0,0.0,0.49236,0,27,1.0973001752176954
synthetic,repeat,agrum_lazy,81,78,3,25.010994,25.0135285,0.073793,0.0,0.010048999999999999,24.9210855,0,26,47.653347020252724
synthetic,repeat,storm_exact,81,81,0,3.39577,3.398349,0.065402,0.0,0.003106,3.324687,0,27,6.732235514757051
synthetic,counts,prepared_specialized,81,81,0,0.488202,0.490215,0.060282,0.0,0.0,0.424823,0,0,
synthetic,counts,cudd_controls_first,81,81,0,0.542905,0.545026,0.066053,0.0,0.0,0.460029,0,27,1.0988317325046
synthetic,counts,cudd_sift_once,81,81,0,0.539727,0.541961,0.065232,0.0,0.0,0.466151,0,27,1.1149887247703647
synthetic,counts,agrum_lazy,81,78,3,24.903022,24.905922,0.06654399999999999,0.0,0.3484305,24.427735,0,26,48.111936293432194
synthetic,counts,storm_exact,81,81,0,3.5171,3.519726,0.063789,0.0,0.129362,3.304644,0,27,7.3413808528392135
synthetic,masks,prepared_specialized,81,81,0,0.490926,0.49322,0.063769,0.0,0.0,0.418892,0,0,
synthetic,masks,cudd_controls_first,81,81,0,0.569123,0.571245,0.066455,0.0,0.0,0.493211,0,27,1.1577788003436287
synthetic,masks,cudd_sift_once,81,81,0,0.557431,0.559483,0.063148,0.0,0.0,0.483573,0,27,1.1371788185389937
synthetic,masks,agrum_lazy,81,78,3,26.731095,26.733647,0.067246,0.0,4.178558000000001,22.506017,0,26,54.141564615055955
synthetic,masks,storm_exact,81,81,0,7.9336,7.936073,0.06434,0.0,4.906681,3.320101,0,27,15.822014920928607
synthetic,metadata,prepared_specialized,81,81,0,0.501496,0.503519,0.064941,0.0,0.0,0.424542,0,0,
synthetic,metadata,cudd_controls_first,81,81,0,0.545039,0.547141,0.065522,0.0,0.0,0.465108,0,27,1.09786188762801
synthetic,metadata,cudd_sift_once,81,81,0,0.542813,0.545007,0.064951,0.0,0.0,0.467743,0,27,1.107650625286948
synthetic,metadata,agrum_lazy,81,78,3,23.056829,23.059428,0.0851035,0.0,0.009367,22.9824645,0,26,46.80656263269009
synthetic,metadata,storm_exact,81,81,0,3.418654,3.421111,0.066444,0.0,0.002084,3.337613,0,27,6.839441905874633
synthetic,structure,prepared_specialized,81,81,0,49.884249,49.87368,0.062075,49.403271,0.0,0.435153,81,0,
synthetic,structure,cudd_controls_first,81,81,0,5.628368,5.630643,0.064671,5.053605,0.0,0.476159,81,27,0.1312660710012265
synthetic,structure,cudd_sift_once,81,81,0,7.062644,7.065039,0.065673,6.439681,0.0,0.55154,81,27,0.16489953180300276
synthetic,structure,agrum_lazy,81,78,3,21.046021,21.044449,0.071879,7.437168,0.008165,12.9211575,78,26,0.4544426102618263
synthetic,structure,storm_exact,81,81,0,7.684452,7.686879,0.063018,4.451516,0.002224,3.202309,81,27,0.14275717841307098
synthetic,restore,prepared_specialized,81,81,0,76.061896,76.064163,0.070241,75.262885,0.0,0.43932,81,0,
synthetic,restore,cudd_controls_first,81,81,0,5.304498,5.306619,0.063929,4.671942,0.0,0.49865,81,27,0.07966696786146388
synthetic,restore,cudd_sift_once,81,81,0,7.066603,7.060761,0.063398,6.495745,0.0,0.501015,81,27,0.11325936110768123
synthetic,restore,agrum_lazy,81,78,3,39.884201000000004,39.886675499999996,0.0726205,16.103751000000003,0.007534,24.5670555,78,26,0.5282437870300204
synthetic,restore,storm_exact,81,81,0,7.988763,7.991487,0.064841,5.608831,0.002284,3.398729,81,27,0.1040178308445965
