case_id,axis,parameters,representation,phase,ours_direct_median_ms,ours_direct_qualified_rounds,ours_prepared_median_ms,ours_prepared_qualified_rounds,cudd_fixed_median_ms,cudd_fixed_qualified_rounds,cudd_sift_median_ms,cudd_sift_qualified_rounds,agrum_conditioned_median_ms,agrum_conditioned_qualified_rounds,agrum_joint_median_ms,agrum_joint_qualified_rounds,storm_sparse_median_ms,storm_sparse_qualified_rounds,storm_compact_median_ms,storm_compact_qualified_rounds
00-graph_nodes,graph_nodes,"{""nodes"": 4}",original,initial,1.204262,3,42.099633,3,3.842957,3,4.575293,3,17.036419,3,12.194543,3,5.752785,3,4.918713,3
00-graph_nodes,graph_nodes,"{""nodes"": 4}",original,repeat,0.93861,3,0.447817,3,0.52151,3,0.577083,3,8.845376,3,2.162903,3,2.142922,3,0.934744,3
00-graph_nodes,graph_nodes,"{""nodes"": 4}",original,counts,0.92467,3,0.411333,3,0.503311,3,0.559547,3,8.697253,3,2.102271,3,2.235242,3,1.083539,3
00-graph_nodes,graph_nodes,"{""nodes"": 4}",original,masks,0.970729,3,0.417091,3,0.508219,3,0.555251,3,11.204324,3,6.609342,3,3.976577,3,3.221635,3
00-graph_nodes,graph_nodes,"{""nodes"": 4}",original,metadata,0.956938,3,0.403801,3,0.569813,3,0.624455,3,8.512211,3,2.12088,3,2.042461,3,0.886301,3
00-graph_nodes,graph_nodes,"{""nodes"": 4}",original,structure,0.970119,3,44.598997,3,0.60089,3,1.000003,3,17.136721,3,11.963495,3,4.14323,3,3.204961,3
00-graph_nodes,graph_nodes,"{""nodes"": 4}",original,restore,0.8858,3,41.74667,3,0.546777,3,1.190943,3,16.217233,3,11.621636,3,3.912661,3,3.697535,3
00-graph_nodes,graph_nodes,"{""nodes"": 4}",completion_projected,initial,1.326808,3,39.553322,3,3.149827,3,4.609607,3,15.528882,3,11.133637,3,5.518131,3,4.65912,3
00-graph_nodes,graph_nodes,"{""nodes"": 4}",completion_projected,repeat,1.128809,3,0.574971,3,0.704937,3,0.797587,3,8.357478,3,2.276735,3,2.047208,3,0.987444,3
00-graph_nodes,graph_nodes,"{""nodes"": 4}",completion_projected,counts,1.02428,3,0.533347,3,0.598275,3,0.689503,3,8.264626,3,2.22636,3,2.186639,3,1.107335,3
00-graph_nodes,graph_nodes,"{""nodes"": 4}",completion_projected,masks,1.101727,3,0.50889,3,0.586578,3,0.657414,3,10.723006,3,6.110767,3,3.704937,3,2.941672,3
00-graph_nodes,graph_nodes,"{""nodes"": 4}",completion_projected,metadata,1.046273,3,0.520859,3,0.577534,3,0.673929,3,8.317776,3,2.249254,3,1.990202,3,0.920553,3
00-graph_nodes,graph_nodes,"{""nodes"": 4}",completion_projected,structure,1.054476,3,42.362733,3,0.689784,3,1.015597,3,15.905539,3,11.129794,3,3.830857,3,2.97388,3
00-graph_nodes,graph_nodes,"{""nodes"": 4}",completion_projected,restore,0.990839,3,38.816577,3,0.638867,3,1.13011,3,14.957504,3,10.503906,3,3.721142,3,3.493688,3
01-graph_nodes,graph_nodes,"{""nodes"": 8}",original,initial,1.32199,3,54.208252,3,3.848233,3,4.70513,3,20.515869,3,15.505072,3,6.520036,3,5.717903,3
01-graph_nodes,graph_nodes,"{""nodes"": 8}",original,repeat,1.139584,3,0.460788,3,0.635271,3,0.696113,3,9.274136,3,2.182363,3,2.387423,3,1.067946,3
01-graph_nodes,graph_nodes,"{""nodes"": 8}",original,counts,1.109459,3,0.430571,3,0.522701,3,0.597214,3,9.278953,3,2.144035,3,2.561997,3,1.208819,3
01-graph_nodes,graph_nodes,"{""nodes"": 8}",original,masks,1.183601,3,0.444422,3,0.547068,3,0.630013,3,13.054203,3,7.860134,3,4.751299,3,3.994725,3
01-graph_nodes,graph_nodes,"{""nodes"": 8}",original,metadata,1.171883,3,0.428909,3,0.540197,3,0.584545,3,9.311622,3,2.132517,3,2.338108,3,1.017981,3
01-graph_nodes,graph_nodes,"{""nodes"": 8}",original,structure,1.199445,3,57.056351,3,0.655522,3,1.111632,3,22.180724,3,16.41293,3,4.934347,3,4.516354,3
01-graph_nodes,graph_nodes,"{""nodes"": 8}",original,restore,1.109579,3,54.205773,3,0.608751,3,1.409312,3,21.040302,3,15.846068,3,4.681604,3,3.784347,3
01-graph_nodes,graph_nodes,"{""nodes"": 8}",completion_projected,initial,1.443244,3,47.002363,3,3.308017,3,4.008166,3,17.301394,3,12.859509,3,5.783583,3,4.921779,3
01-graph_nodes,graph_nodes,"{""nodes"": 8}",completion_projected,repeat,1.2682,3,0.630154,3,0.685908,3,0.768974,3,8.441145,3,2.354263,3,2.10767,3,1.056909,3
01-graph_nodes,graph_nodes,"{""nodes"": 8}",completion_projected,counts,1.248649,3,0.59446,3,0.659148,3,0.751347,3,8.37974,3,2.307702,3,2.239399,3,1.151943,3
01-graph_nodes,graph_nodes,"{""nodes"": 8}",completion_projected,masks,1.297253,3,0.579037,3,0.667841,3,0.74017,3,11.156051,3,6.749153,3,4.029427,3,3.274224,3
01-graph_nodes,graph_nodes,"{""nodes"": 8}",completion_projected,metadata,1.281729,3,0.57469,3,0.664315,3,0.718257,3,8.353292,3,2.2928,3,2.059947,3,0.97857,3
01-graph_nodes,graph_nodes,"{""nodes"": 8}",completion_projected,structure,1.302521,3,49.945707,3,0.756675,3,1.082438,3,17.503059,3,12.747649,3,4.133436,3,3.256237,3
01-graph_nodes,graph_nodes,"{""nodes"": 8}",completion_projected,restore,1.215699,3,46.340102,3,0.716734,3,1.220638,3,16.918044,3,12.458655,3,3.910878,3,3.764878,3
02-graph_nodes,graph_nodes,"{""nodes"": 16}",original,initial,1.740394,3,80.868366,3,4.1633,3,5.224225,3,29.720786,3,22.761268,3,8.201543,3,7.148607,3
02-graph_nodes,graph_nodes,"{""nodes"": 16}",original,repeat,1.568574,3,0.511113,3,0.6278,3,0.698216,3,11.435697,3,2.194361,3,2.926809,3,1.420449,3
02-graph_nodes,graph_nodes,"{""nodes"": 16}",original,counts,1.537978,3,0.497373,3,0.602532,3,0.668392,3,11.186029,3,2.166078,3,3.091008,3,1.461482,3
02-graph_nodes,graph_nodes,"{""nodes"": 16}",original,masks,1.659101,3,0.537264,3,0.650364,3,0.7139,3,16.902992,3,9.908736,3,6.342448,3,5.905266,3
02-graph_nodes,graph_nodes,"{""nodes"": 16}",original,metadata,1.627172,3,0.471343,3,0.625216,3,0.682443,3,11.072405,3,2.19391,3,2.864596,3,1.247138,3
02-graph_nodes,graph_nodes,"{""nodes"": 16}",original,structure,1.699292,3,84.021768,3,0.837578,3,1.425127,3,31.628293,3,24.85797,3,7.026874,3,5.349647,3
02-graph_nodes,graph_nodes,"{""nodes"": 16}",original,restore,1.555174,3,80.602636,3,0.751366,3,1.889509,3,31.031303,3,24.029978,3,6.253774,3,5.269665,3
02-graph_nodes,graph_nodes,"{""nodes"": 16}",completion_projected,initial,1.887237,3,64.596152,3,4.315411,3,4.980767,3,21.278003,3,16.491898,3,6.361527,3,5.516798,3
02-graph_nodes,graph_nodes,"{""nodes"": 16}",completion_projected,repeat,1.700043,3,0.749003,3,0.785529,3,0.880803,3,8.888621,3,2.423307,3,2.196704,3,1.217553,3
02-graph_nodes,graph_nodes,"{""nodes"": 16}",completion_projected,counts,1.700213,3,0.719659,3,0.757436,3,0.844718,3,8.815852,3,2.367012,3,2.356657,3,1.26861,3
02-graph_nodes,graph_nodes,"{""nodes"": 16}",completion_projected,masks,1.758611,3,0.750887,3,0.760671,3,0.840722,3,12.13769,3,7.445999,3,4.697289,3,3.708773,3
02-graph_nodes,graph_nodes,"{""nodes"": 16}",completion_projected,metadata,1.820124,3,0.717626,3,0.742704,3,0.81942,3,8.929935,3,2.404088,3,2.149032,3,1.13655,3
02-graph_nodes,graph_nodes,"{""nodes"": 16}",completion_projected,structure,1.78386,3,67.069935,3,0.9379,3,1.286597,3,22.584311,3,17.542408,3,4.675035,3,3.715633,3
02-graph_nodes,graph_nodes,"{""nodes"": 16}",completion_projected,restore,1.699281,3,63.926719,3,0.939251,3,1.416624,3,21.812502,3,16.913776,3,4.624939,3,4.289252,3
03-graph_nodes,graph_nodes,"{""nodes"": 32}",original,initial,2.547805,3,131.208348,3,3.749044,3,4.935179,3,47.61205,3,40.146994,3,11.646546,3,10.971665,3
03-graph_nodes,graph_nodes,"{""nodes"": 32}",original,repeat,2.370918,3,0.649232,3,0.763205,3,0.827893,3,12.883569,3,2.262314,3,3.983578,3,1.880015,3
03-graph_nodes,graph_nodes,"{""nodes"": 32}",original,counts,2.364669,3,0.593589,3,0.723315,3,0.794852,3,12.783225,3,2.194481,3,4.268119,3,1.985715,3
03-graph_nodes,graph_nodes,"{""nodes"": 32}",original,masks,2.620756,3,0.566567,3,1.358296,3,1.442293,3,22.166684,3,14.038235,3,10.329402,3,8.667527,3
03-graph_nodes,graph_nodes,"{""nodes"": 32}",original,metadata,2.55723,3,0.573238,3,0.778769,3,0.864057,3,12.79283,3,2.217135,3,3.83855,3,1.825673,3
03-graph_nodes,graph_nodes,"{""nodes"": 32}",original,structure,2.532814,3,133.528488,3,1.269221,3,2.261282,3,55.34357,3,46.045189,3,9.882857,3,8.682879,3
03-graph_nodes,graph_nodes,"{""nodes"": 32}",original,restore,2.360622,3,130.480758,3,1.183441,3,2.615558,3,53.582735,3,45.208106,3,9.715002,3,8.565513,3
03-graph_nodes,graph_nodes,"{""nodes"": 32}",completion_projected,initial,2.752535,3,95.162924,3,4.783689,3,5.440273,3,30.213877,3,24.985032,3,8.087109,3,7.204773,3
03-graph_nodes,graph_nodes,"{""nodes"": 32}",completion_projected,repeat,2.622729,3,0.99822,3,0.995056,3,1.088196,3,9.720312,3,2.711754,3,2.43834,3,1.356443,3
03-graph_nodes,graph_nodes,"{""nodes"": 32}",completion_projected,counts,2.583129,3,0.921495,3,0.946563,3,1.042707,3,9.344753,3,2.627307,3,2.519423,3,1.464105,3
03-graph_nodes,graph_nodes,"{""nodes"": 32}",completion_projected,masks,2.772927,3,0.93837,3,1.036129,3,1.090961,3,14.213408,3,8.97403,3,6.212733,3,5.533283,3
03-graph_nodes,graph_nodes,"{""nodes"": 32}",completion_projected,metadata,2.725695,3,0.952071,3,0.963959,3,1.03723,3,9.53518,3,2.646626,3,2.376376,3,1.329151,3
03-graph_nodes,graph_nodes,"{""nodes"": 32}",completion_projected,structure,2.790974,3,98.263746,3,1.468202,3,1.809278,3,32.162915,3,27.026201,3,6.369029,3,6.008011,3
03-graph_nodes,graph_nodes,"{""nodes"": 32}",completion_projected,restore,3.415909,3,94.222911,3,1.421121,3,1.893836,3,31.373647,3,26.344967,3,6.870877,3,5.39833,3
04-graph_nodes,graph_nodes,"{""nodes"": 48}",original,initial,3.377872,3,180.436412,3,5.070324,3,7.221699,3,70.380331,3,60.992534,3,16.179407,3,15.419844,3
04-graph_nodes,graph_nodes,"{""nodes"": 48}",original,repeat,3.193694,3,0.755083,3,0.914264,3,0.980914,3,14.685894,3,2.314552,3,5.046266,3,2.362305,3
04-graph_nodes,graph_nodes,"{""nodes"": 48}",original,counts,3.20487,3,0.683064,3,0.854093,3,0.924699,3,14.44593,3,2.261332,3,5.157434,3,2.473603,3
04-graph_nodes,graph_nodes,"{""nodes"": 48}",original,masks,3.487819,3,0.666048,3,0.986232,3,1.057991,3,27.518495,3,18.677297,3,13.675044,3,12.763006,3
04-graph_nodes,graph_nodes,"{""nodes"": 48}",original,metadata,3.471073,3,0.694541,3,0.960584,3,1.01088,3,14.47124,3,2.298488,3,4.913797,3,2.24695,3
04-graph_nodes,graph_nodes,"{""nodes"": 48}",original,structure,4.213787,3,180.991272,3,1.931403,3,3.201074,3,83.638997,3,73.169592,3,13.842941,3,13.237712,3
04-graph_nodes,graph_nodes,"{""nodes"": 48}",original,restore,3.177979,3,179.480075,3,1.76429,3,3.732649,3,82.668518,3,73.187499,3,13.628015,3,13.552008,3
04-graph_nodes,graph_nodes,"{""nodes"": 48}",completion_projected,initial,3.718888,3,128.791609,3,5.335345,3,5.25295,3,39.744437,3,35.283156,3,10.161818,3,9.357862,3
04-graph_nodes,graph_nodes,"{""nodes"": 48}",completion_projected,repeat,3.505546,3,1.219165,3,1.199064,3,1.296382,3,9.541318,3,2.887409,3,2.677923,3,1.5661,3
04-graph_nodes,graph_nodes,"{""nodes"": 48}",completion_projected,counts,3.458133,3,1.153475,3,1.154607,3,1.231163,3,9.427606,3,2.810153,3,2.774609,3,1.669597,3
04-graph_nodes,graph_nodes,"{""nodes"": 48}",completion_projected,masks,3.742614,3,2.114169,3,1.16914,3,1.234929,3,15.728995,3,10.58472,3,8.493683,3,8.144316,3
04-graph_nodes,graph_nodes,"{""nodes"": 48}",completion_projected,metadata,4.40763,3,1.172654,3,1.220547,3,1.32157,3,9.523862,3,2.876784,3,2.595297,3,1.543366,3
04-graph_nodes,graph_nodes,"{""nodes"": 48}",completion_projected,structure,3.708233,3,130.354877,3,2.07482,3,2.415695,3,43.988904,3,38.898381,3,9.056725,3,7.606942,3
04-graph_nodes,graph_nodes,"{""nodes"": 48}",completion_projected,restore,3.518525,3,126.269956,3,2.095621,3,2.55007,3,42.881736,3,38.36161,3,8.426642,3,7.428241,3
05-completions,completions,"{""completions"": 4, ""nodes"": 4}",original,initial,1.224323,3,44.179863,3,3.877097,3,4.456615,3,17.14646,3,12.184139,3,5.75533,3,4.86306,3
05-completions,completions,"{""completions"": 4, ""nodes"": 4}",original,repeat,0.942496,3,0.448869,3,0.512526,3,0.581551,3,8.815291,3,2.204186,3,2.109453,3,0.945,3
05-completions,completions,"{""completions"": 4, ""nodes"": 4}",original,counts,0.907373,3,0.417341,3,0.507398,3,0.557444,3,8.661749,3,2.129182,3,2.268573,3,1.065233,3
05-completions,completions,"{""completions"": 4, ""nodes"": 4}",original,masks,0.962207,3,0.415288,3,0.518985,3,0.554229,3,11.324628,3,6.695983,3,4.0373,3,3.202957,3
05-completions,completions,"{""completions"": 4, ""nodes"": 4}",original,metadata,0.954024,3,0.400726,3,0.569872,3,0.621861,3,8.551751,3,2.114189,3,2.037423,3,0.897598,3
05-completions,completions,"{""completions"": 4, ""nodes"": 4}",original,structure,0.995406,3,46.113579,3,0.582001,3,0.992883,3,17.020469,3,11.997516,3,4.164683,3,3.193183,3
05-completions,completions,"{""completions"": 4, ""nodes"": 4}",original,restore,0.901785,3,42.98893,3,0.553909,3,1.184232,3,16.338498,3,11.476438,3,3.890969,3,3.671776,3
05-completions,completions,"{""completions"": 4, ""nodes"": 4}",completion_projected,initial,1.305465,3,38.429279,3,3.975487,3,4.601955,3,15.588853,3,11.171516,3,5.44529,3,4.670398,3
05-completions,completions,"{""completions"": 4, ""nodes"": 4}",completion_projected,repeat,1.071472,3,0.567259,3,0.715553,3,0.789735,3,8.389157,3,2.317267,3,2.111085,3,1.036659,3
05-completions,completions,"{""completions"": 4, ""nodes"": 4}",completion_projected,counts,1.009458,3,0.535571,3,0.609423,3,0.683124,3,8.375346,3,2.248232,3,2.174911,3,1.113195,3
05-completions,completions,"{""completions"": 4, ""nodes"": 4}",completion_projected,masks,1.048387,3,0.508399,3,0.592397,3,0.681692,3,10.746314,3,6.13877,3,3.70042,3,2.970756,3
05-completions,completions,"{""completions"": 4, ""nodes"": 4}",completion_projected,metadata,1.066463,3,0.511043,3,0.588311,3,0.665517,3,8.460914,3,2.265078,3,1.98935,3,0.928235,3
05-completions,completions,"{""completions"": 4, ""nodes"": 4}",completion_projected,structure,1.071642,3,41.172782,3,0.695522,3,1.005501,3,15.708991,3,11.101269,3,3.777066,3,3.024948,3
05-completions,completions,"{""completions"": 4, ""nodes"": 4}",completion_projected,restore,0.990679,3,37.573234,3,0.641791,3,1.111903,3,14.942242,3,10.617459,3,3.715142,3,3.474438,3
06-completions,completions,"{""completions"": 8, ""nodes"": 4}",original,initial,1.210852,3,57.073353,3,3.092109,3,3.795304,3,21.329961,3,15.843657,3,6.550894,3,5.613745,3
06-completions,completions,"{""completions"": 8, ""nodes"": 4}",original,repeat,1.057531,3,0.450872,3,0.560589,3,0.616022,3,9.853531,3,2.161622,3,2.410247,3,1.031561,3
06-completions,completions,"{""completions"": 8, ""nodes"": 4}",original,counts,1.016638,3,0.445193,3,0.612777,3,0.684045,3,10.020445,3,2.128581,3,2.550009,3,1.143821,3
06-completions,completions,"{""completions"": 8, ""nodes"": 4}",original,masks,1.078642,3,0.416901,3,0.553638,3,0.624054,3,13.426809,3,7.838462,3,4.71127,3,3.876927,3
06-completions,completions,"{""completions"": 8, ""nodes"": 4}",original,metadata,1.072923,3,0.417663,3,0.540598,3,0.613688,3,9.776555,3,2.10789,3,2.314934,3,0.96469,3
06-completions,completions,"{""completions"": 8, ""nodes"": 4}",original,structure,1.084792,3,59.152976,3,0.647009,3,1.138103,3,22.678952,3,16.63272,3,4.839364,3,4.536806,3
06-completions,completions,"{""completions"": 8, ""nodes"": 4}",original,restore,0.990789,3,56.554834,3,0.594801,3,1.270423,3,22.042158,3,16.122189,3,4.646582,3,3.77285,3
06-completions,completions,"{""completions"": 8, ""nodes"": 4}",completion_projected,initial,1.320539,3,48.48328,3,4.121768,3,3.871089,3,18.092299,3,13.160757,3,5.791684,3,4.872394,3
06-completions,completions,"{""completions"": 8, ""nodes"": 4}",completion_projected,repeat,1.145584,3,0.615021,3,0.685217,3,0.761232,3,8.808982,3,2.321413,3,2.124315,3,0.983518,3
06-completions,completions,"{""completions"": 8, ""nodes"": 4}",completion_projected,counts,1.129008,3,0.580819,3,0.652317,3,0.731407,3,8.818114,3,2.276154,3,2.256144,3,1.113795,3
06-completions,completions,"{""completions"": 8, ""nodes"": 4}",completion_projected,masks,1.162399,3,0.572526,3,0.661822,3,0.738308,3,11.586695,3,6.688222,3,4.011201,3,3.182537,3
06-completions,completions,"{""completions"": 8, ""nodes"": 4}",completion_projected,metadata,1.144432,3,0.569983,3,0.652748,3,0.711767,3,8.746837,3,2.285379,3,2.075351,3,0.94521,3
06-completions,completions,"{""completions"": 8, ""nodes"": 4}",completion_projected,structure,1.192714,3,50.862706,3,0.743596,3,1.073084,3,18.223707,3,13.188738,3,4.115658,3,3.199742,3
06-completions,completions,"{""completions"": 8, ""nodes"": 4}",completion_projected,restore,1.107196,3,47.928395,3,0.699378,3,1.260999,3,17.692105,3,12.867031,3,3.936087,3,3.696183,3
07-completions,completions,"{""completions"": 16, ""nodes"": 4}",original,initial,1.398286,3,74.221723,3,4.06759,3,4.151021,3,27.533276,3,21.156584,3,7.780174,3,6.742653,3
07-completions,completions,"{""completions"": 16, ""nodes"": 4}",original,repeat,1.227998,3,0.50213,3,0.623393,3,0.690676,3,10.97591,3,2.197826,3,2.925316,3,1.274328,3
07-completions,completions,"{""completions"": 16, ""nodes"": 4}",original,counts,1.187067,3,0.481469,3,0.592526,3,0.666879,3,11.045926,3,2.16772,3,3.07939,3,1.400099,3
07-completions,completions,"{""completions"": 16, ""nodes"": 4}",original,masks,1.264774,3,0.471233,3,0.636052,3,0.717827,3,15.841293,3,9.433866,3,6.022404,3,5.593365,3
07-completions,completions,"{""completions"": 16, ""nodes"": 4}",original,metadata,1.258264,3,0.463041,3,0.645366,3,0.691227,3,10.93062,3,2.162683,3,2.838696,3,1.227739,3
07-completions,completions,"{""completions"": 16, ""nodes"": 4}",original,structure,1.258775,3,77.545309,3,0.765378,3,1.319848,3,29.827866,3,23.165846,3,6.615861,3,5.033337,3
07-completions,completions,"{""completions"": 16, ""nodes"": 4}",original,restore,1.18927,3,74.301591,3,0.675933,3,1.487231,3,28.625461,3,22.422399,3,5.960409,3,4.952154,3
07-completions,completions,"{""completions"": 16, ""nodes"": 4}",completion_projected,initial,1.537807,3,56.604935,3,3.401517,3,3.97178,3,19.740655,3,15.040231,3,6.113812,3,5.146498,3
07-completions,completions,"{""completions"": 16, ""nodes"": 4}",completion_projected,repeat,1.35407,3,0.694992,3,0.745128,3,0.842896,3,8.896333,3,2.437429,3,2.229123,3,1.082548,3
07-completions,completions,"{""completions"": 16, ""nodes"": 4}",completion_projected,counts,1.3214,3,0.670725,3,0.712227,3,0.805318,3,8.824763,3,2.390157,3,2.350637,3,1.187287,3
07-completions,completions,"{""completions"": 16, ""nodes"": 4}",completion_projected,masks,1.356432,3,0.659988,3,0.728173,3,0.787492,3,11.836834,3,6.995146,3,4.287448,3,3.45567,3
07-completions,completions,"{""completions"": 16, ""nodes"": 4}",completion_projected,metadata,1.360529,3,0.662312,3,0.717195,3,0.771217,3,8.820026,3,2.382145,3,2.177856,3,1.146255,3
07-completions,completions,"{""completions"": 16, ""nodes"": 4}",completion_projected,structure,1.376212,3,60.120825,3,0.838239,3,1.153746,3,20.832357,3,15.79213,3,4.376563,3,3.401958,3
07-completions,completions,"{""completions"": 16, ""nodes"": 4}",completion_projected,restore,1.343163,3,56.084126,3,0.798829,3,1.342822,3,19.920347,3,15.139592,3,4.239495,3,3.951811,3
08-completions,completions,"{""completions"": 32, ""nodes"": 4}",original,initial,1.734456,3,105.912961,3,4.372998,3,5.459002,3,40.210344,3,32.54694,3,10.433588,3,9.640869,3
08-completions,completions,"{""completions"": 32, ""nodes"": 4}",original,repeat,1.561715,3,0.657044,3,0.75329,3,0.821614,3,12.941245,3,2.2187,3,4.00905,3,1.838652,3
08-completions,completions,"{""completions"": 32, ""nodes"": 4}",original,counts,1.538959,3,0.606148,3,0.711857,3,0.77367,3,12.769166,3,2.170977,3,4.133255,3,1.98272,3
08-completions,completions,"{""completions"": 32, ""nodes"": 4}",original,masks,1.623066,3,0.569182,3,1.352156,3,1.366478,3,20.779255,3,13.055279,3,9.007802,3,7.278554,3
08-completions,completions,"{""completions"": 32, ""nodes"": 4}",original,metadata,1.650419,3,0.554559,3,0.77956,3,0.837277,3,12.785519,3,2.234562,3,3.807926,3,1.716958,3
08-completions,completions,"{""completions"": 32, ""nodes"": 4}",original,structure,1.701357,3,109.474204,3,0.921986,3,1.834837,3,44.960052,3,36.946711,3,8.468114,3,7.369412,3
08-completions,completions,"{""completions"": 32, ""nodes"": 4}",original,restore,1.540241,3,106.154433,3,0.842987,3,1.904171,3,44.198398,3,36.486602,3,8.353069,3,7.194757,3
08-completions,completions,"{""completions"": 32, ""nodes"": 4}",completion_projected,initial,1.894627,3,69.65736,3,4.464236,3,4.946927,3,23.183782,3,18.520037,3,6.679908,3,5.754828,3
08-completions,completions,"{""completions"": 32, ""nodes"": 4}",completion_projected,repeat,1.754346,3,0.934586,3,0.931331,3,1.006113,3,8.935631,3,2.594869,3,2.402906,3,1.245005,3
08-completions,completions,"{""completions"": 32, ""nodes"": 4}",completion_projected,counts,1.686893,3,0.850788,3,0.874875,3,0.968877,3,8.835369,3,2.518514,3,2.487444,3,1.382682,3
08-completions,completions,"{""completions"": 32, ""nodes"": 4}",completion_projected,masks,1.785061,3,0.846782,3,0.929237,3,0.965731,3,12.487239,3,7.668324,3,4.92622,3,4.037794,3
08-completions,completions,"{""completions"": 32, ""nodes"": 4}",completion_projected,metadata,1.811491,3,0.829465,3,0.884879,3,0.934115,3,9.029772,3,2.616519,3,2.313261,3,1.223212,3
08-completions,completions,"{""completions"": 32, ""nodes"": 4}",completion_projected,structure,1.794105,3,72.560206,3,1.082388,3,1.420521,3,25.129722,3,19.927284,3,4.958098,3,4.630868,3
08-completions,completions,"{""completions"": 32, ""nodes"": 4}",completion_projected,restore,1.670288,3,69.877103,3,1.046345,3,1.53962,3,23.865179,3,19.613622,3,4.775015,3,3.90586,3
09-completions,completions,"{""completions"": 48, ""nodes"": 4}",original,initial,2.159989,3,140.37308,3,4.540731,3,6.092248,3,54.766754,3,45.835567,3,13.297931,3,12.496798,3
09-completions,completions,"{""completions"": 48, ""nodes"": 4}",original,repeat,1.955892,3,0.670555,3,0.869596,3,0.940573,3,15.306054,3,2.267644,3,5.064995,3,2.257936,3
09-completions,completions,"{""completions"": 48, ""nodes"": 4}",original,counts,1.910891,3,0.640119,3,0.826901,3,1.456864,3,14.948739,3,2.223847,3,5.137383,3,2.452281,3
09-completions,completions,"{""completions"": 48, ""nodes"": 4}",original,masks,2.069662,3,0.626348,3,1.492258,3,0.982636,3,26.294737,3,16.78028,3,10.873302,3,9.878538,3
09-completions,completions,"{""completions"": 48, ""nodes"": 4}",original,metadata,2.101962,3,0.63449,3,0.919592,3,0.985451,3,15.02319,3,2.287181,3,4.928086,3,2.18567,3
09-completions,completions,"{""completions"": 48, ""nodes"": 4}",original,structure,2.06102,3,145.004818,3,1.184292,3,2.318197,3,64.456629,3,54.333236,3,10.845964,3,10.204954,3
09-completions,completions,"{""completions"": 48, ""nodes"": 4}",original,restore,1.873035,3,139.55488,3,0.991289,3,2.354592,3,63.270393,3,53.720009,3,10.782218,3,10.624379,3
09-completions,completions,"{""completions"": 48, ""nodes"": 4}",completion_projected,initial,2.291288,3,83.304208,3,4.56038,3,5.191886,3,27.519257,3,22.501596,3,7.264955,3,6.394906,3
09-completions,completions,"{""completions"": 48, ""nodes"": 4}",completion_projected,repeat,2.135851,3,1.077681,3,1.120215,3,1.165273,3,9.56193,3,2.80679,3,2.57686,3,1.40037,3
09-completions,completions,"{""completions"": 48, ""nodes"": 4}",completion_projected,counts,2.065185,3,1.020634,3,1.059814,3,1.11087,3,9.420956,3,2.702519,3,2.696003,3,1.489655,3
09-completions,completions,"{""completions"": 48, ""nodes"": 4}",completion_projected,masks,2.173539,3,1.026873,3,1.120826,3,1.167016,3,13.496647,3,8.33418,3,5.573152,3,5.226149,3
09-completions,completions,"{""completions"": 48, ""nodes"": 4}",completion_projected,metadata,2.168532,3,1.952825,3,1.055838,3,1.10362,3,9.590743,3,2.716681,3,2.496207,3,1.423766,3
09-completions,completions,"{""completions"": 48, ""nodes"": 4}",completion_projected,structure,2.183507,3,86.381114,3,1.242481,3,1.547041,3,29.623652,3,24.323963,3,6.150274,3,4.626349,3
09-completions,completions,"{""completions"": 48, ""nodes"": 4}",completion_projected,restore,2.780999,3,83.023106,3,1.187687,3,1.707604,3,28.503006,3,23.530282,3,5.372982,3,4.50033,3
10-unknown_controls,unknown_controls,"{""nodes"": 8, ""unknown"": 0}",original,initial,0.767231,3,54.99607,3,3.073841,3,3.82715,3,20.608248,3,15.272489,3,4.423124,3,3.895544,3
10-unknown_controls,unknown_controls,"{""nodes"": 8, ""unknown"": 0}",original,repeat,0.620008,3,0.45638,3,0.629142,3,0.708452,3,9.401478,3,2.138276,3,1.624097,3,0.855544,3
10-unknown_controls,unknown_controls,"{""nodes"": 8, ""unknown"": 0}",original,counts,0.603813,3,0.45006,3,0.529211,3,0.618926,3,9.303909,3,2.10152,3,1.718752,3,1.00463,3
10-unknown_controls,unknown_controls,"{""nodes"": 8, ""unknown"": 0}",original,masks,0.657815,3,0.433707,3,0.569181,3,0.632537,3,12.996277,3,7.805893,3,2.709491,3,2.288442,3
10-unknown_controls,unknown_controls,"{""nodes"": 8, ""unknown"": 0}",original,metadata,0.641861,3,0.432164,3,0.551083,3,0.618446,3,9.262807,3,2.134991,3,1.556034,3,0.841403,3
10-unknown_controls,unknown_controls,"{""nodes"": 8, ""unknown"": 0}",original,structure,0.649933,3,57.340529,3,0.666599,3,1.129128,3,22.024288,3,16.365165,3,2.716962,3,2.182012,3
10-unknown_controls,unknown_controls,"{""nodes"": 8, ""unknown"": 0}",original,restore,0.572577,3,55.264927,3,0.608731,3,1.421011,3,20.979428,3,15.670383,3,2.676681,3,2.175732,3
10-unknown_controls,unknown_controls,"{""nodes"": 8, ""unknown"": 0}",completion_projected,initial,0.909536,3,47.915782,3,3.338342,3,4.803168,3,17.591311,3,12.974975,3,4.015197,3,3.655742,3
10-unknown_controls,unknown_controls,"{""nodes"": 8, ""unknown"": 0}",completion_projected,repeat,0.758017,3,0.630144,3,0.68739,3,0.793121,3,8.576169,3,2.340161,3,1.587552,3,0.930608,3
10-unknown_controls,unknown_controls,"{""nodes"": 8, ""unknown"": 0}",completion_projected,counts,0.755273,3,0.599838,3,0.668522,3,0.763706,3,8.460394,3,2.297226,3,1.623156,3,1.034375,3
10-unknown_controls,unknown_controls,"{""nodes"": 8, ""unknown"": 0}",completion_projected,masks,0.672006,3,0.52217,3,0.582201,3,0.664265,3,14.924583,3,11.511311,3,2.129663,3,1.817069,3
10-unknown_controls,unknown_controls,"{""nodes"": 8, ""unknown"": 0}",completion_projected,metadata,0.68043,3,0.523342,3,0.571855,3,0.648381,3,6.894762,3,1.932224,3,1.280728,3,0.892991,3
10-unknown_controls,unknown_controls,"{""nodes"": 8, ""unknown"": 0}",completion_projected,structure,0.689773,3,50.495559,3,0.697916,3,1.002928,3,15.624984,3,12.219139,3,2.124556,3,1.853785,3
10-unknown_controls,unknown_controls,"{""nodes"": 8, ""unknown"": 0}",completion_projected,restore,0.727821,3,47.661263,3,0.72707,3,1.208899,3,17.027497,3,12.413807,3,2.28665,3,1.8175,3
11-unknown_controls,unknown_controls,"{""nodes"": 8, ""unknown"": 2}",original,initial,0.864068,3,56.210911,3,3.891121,3,4.59913,3,20.542827,3,15.437705,3,5.268163,3,4.575845,3
11-unknown_controls,unknown_controls,"{""nodes"": 8, ""unknown"": 2}",original,repeat,0.717405,3,0.463832,3,0.642954,3,0.704035,3,9.334256,3,2.163656,3,1.997593,3,1.034926,3
11-unknown_controls,unknown_controls,"{""nodes"": 8, ""unknown"": 2}",original,counts,0.681742,3,0.441078,3,0.540639,3,0.602511,3,9.315597,3,2.119828,3,2.12096,3,1.162749,3
11-unknown_controls,unknown_controls,"{""nodes"": 8, ""unknown"": 2}",original,masks,0.764246,3,0.427367,3,0.553658,3,0.626118,3,13.094157,3,7.802768,3,3.48871,3,2.888421,3
11-unknown_controls,unknown_controls,"{""nodes"": 8, ""unknown"": 2}",original,metadata,0.754211,3,0.440757,3,0.544754,3,0.610074,3,9.305253,3,2.122863,3,1.935969,3,0.967674,3
11-unknown_controls,unknown_controls,"{""nodes"": 8, ""unknown"": 2}",original,structure,0.764257,3,58.702682,3,0.669653,3,1.115318,3,22.065172,3,16.264252,3,3.555311,3,2.8872,3
11-unknown_controls,unknown_controls,"{""nodes"": 8, ""unknown"": 2}",original,restore,0.668401,3,55.927259,3,0.613108,3,1.409854,3,21.040768,3,15.720639,3,3.341727,3,3.373004,3
11-unknown_controls,unknown_controls,"{""nodes"": 8, ""unknown"": 2}",completion_projected,initial,1.031261,3,46.626298,3,3.3111,3,4.720513,3,17.411743,3,13.05941,3,4.469203,3,4.00512,3
11-unknown_controls,unknown_controls,"{""nodes"": 8, ""unknown"": 2}",completion_projected,repeat,0.880662,3,0.619498,3,0.685377,3,0.770997,3,8.555957,3,2.363276,3,1.641314,3,1.01088,3
11-unknown_controls,unknown_controls,"{""nodes"": 8, ""unknown"": 2}",completion_projected,counts,0.842206,3,0.577844,3,0.662933,3,0.742874,3,8.4803,3,2.3131,3,1.740233,3,1.118893,3
11-unknown_controls,unknown_controls,"{""nodes"": 8, ""unknown"": 2}",completion_projected,masks,0.895115,3,0.578125,3,0.660489,3,0.734973,3,11.252268,3,6.797107,3,2.736541,3,2.335204,3
11-unknown_controls,unknown_controls,"{""nodes"": 8, ""unknown"": 2}",completion_projected,metadata,0.884158,3,0.573608,3,0.680079,3,0.722494,3,8.489017,3,2.312049,3,1.569686,3,0.965601,3
11-unknown_controls,unknown_controls,"{""nodes"": 8, ""unknown"": 2}",completion_projected,structure,0.904158,3,49.259001,3,0.800402,3,1.08338,3,17.507198,3,12.948433,3,2.717292,3,2.274151,3
11-unknown_controls,unknown_controls,"{""nodes"": 8, ""unknown"": 2}",completion_projected,restore,0.827983,3,46.127483,3,0.723415,3,1.20875,3,17.011465,3,12.612755,3,2.746897,3,2.266019,3
12-unknown_controls,unknown_controls,"{""nodes"": 8, ""unknown"": 4}",original,initial,1.34152,3,54.729739,3,3.907012,3,4.624066,3,20.655443,3,15.358589,3,6.510921,3,5.578671,3
12-unknown_controls,unknown_controls,"{""nodes"": 8, ""unknown"": 4}",original,repeat,1.175831,3,0.467698,3,0.636324,3,0.695513,3,9.297057,3,2.169963,3,2.382665,3,1.062298,3
12-unknown_controls,unknown_controls,"{""nodes"": 8, ""unknown"": 4}",original,counts,1.120606,3,0.438684,3,0.532376,3,0.589642,3,9.297318,3,2.104056,3,2.517692,3,1.176922,3
12-unknown_controls,unknown_controls,"{""nodes"": 8, ""unknown"": 4}",original,masks,1.20271,3,0.427728,3,0.559317,3,0.608561,3,13.059861,3,7.741683,3,4.675955,3,3.936787,3
12-unknown_controls,unknown_controls,"{""nodes"": 8, ""unknown"": 4}",original,metadata,1.18938,3,0.445183,3,0.531615,3,0.591075,3,9.311028,3,2.112819,3,2.303815,3,1.018431,3
12-unknown_controls,unknown_controls,"{""nodes"": 8, ""unknown"": 4}",original,structure,1.220127,3,57.315844,3,0.666018,3,1.105743,3,22.223997,3,16.190226,3,4.812667,3,4.45201,3
12-unknown_controls,unknown_controls,"{""nodes"": 8, ""unknown"": 4}",original,restore,1.103231,3,54.387432,3,0.603674,3,1.424065,3,21.111644,3,15.709756,3,4.581107,3,3.736278,3
12-unknown_controls,unknown_controls,"{""nodes"": 8, ""unknown"": 4}",completion_projected,initial,1.441573,3,47.33556,3,4.226055,3,3.938059,3,17.391545,3,12.872367,3,5.821875,3,4.94383,3
12-unknown_controls,unknown_controls,"{""nodes"": 8, ""unknown"": 4}",completion_projected,repeat,1.286948,3,0.616763,3,0.681551,3,0.768764,3,8.479478,3,2.350216,3,2.159187,3,1.044732,3
12-unknown_controls,unknown_controls,"{""nodes"": 8, ""unknown"": 4}",completion_projected,counts,1.238975,3,0.579448,3,0.658546,3,0.743775,3,8.448272,3,2.329875,3,2.277729,3,1.217472,3
12-unknown_controls,unknown_controls,"{""nodes"": 8, ""unknown"": 4}",completion_projected,masks,1.289661,3,0.580718,3,0.66653,3,0.755784,3,11.149671,3,6.684854,3,3.967523,3,3.245441,3
12-unknown_controls,unknown_controls,"{""nodes"": 8, ""unknown"": 4}",completion_projected,metadata,1.381821,3,0.58058,3,0.680519,3,0.719418,3,8.390374,3,2.294301,3,2.05348,3,0.994245,3
12-unknown_controls,unknown_controls,"{""nodes"": 8, ""unknown"": 4}",completion_projected,structure,1.380849,3,49.456881,3,0.76649,3,1.074547,3,17.504416,3,12.778845,3,4.126395,3,3.233185,3
12-unknown_controls,unknown_controls,"{""nodes"": 8, ""unknown"": 4}",completion_projected,restore,1.287829,3,46.132079,3,0.715203,3,1.20283,3,17.00511,3,12.410668,3,3.879551,3,3.732317,3
13-unknown_controls,unknown_controls,"{""nodes"": 8, ""unknown"": 6}",original,initial,2.942623,3,55.325613,3,3.874704,3,4.583287,3,20.690937,3,15.281279,3,11.710339,3,9.453734,3
13-unknown_controls,unknown_controls,"{""nodes"": 8, ""unknown"": 6}",original,repeat,2.780797,3,0.456931,3,0.641481,3,0.684926,3,9.263521,3,2.173719,3,3.951621,3,1.10278,3
13-unknown_controls,unknown_controls,"{""nodes"": 8, ""unknown"": 6}",original,counts,2.684204,3,0.453736,3,0.539517,3,0.584224,3,9.337679,3,2.141221,3,4.057188,3,1.240669,3
13-unknown_controls,unknown_controls,"{""nodes"": 8, ""unknown"": 6}",original,masks,2.784503,3,0.445664,3,0.568891,3,0.603724,3,13.125611,3,7.793506,3,10.273058,3,8.180027,3
13-unknown_controls,unknown_controls,"{""nodes"": 8, ""unknown"": 6}",original,metadata,2.805445,3,0.441578,3,0.538375,3,0.59493,3,9.296171,3,2.131144,3,3.777296,3,1.052443,3
13-unknown_controls,unknown_controls,"{""nodes"": 8, ""unknown"": 6}",original,structure,2.854689,3,57.644802,3,0.688191,3,1.104351,3,22.147971,3,16.242376,3,10.111464,3,7.678748,3
13-unknown_controls,unknown_controls,"{""nodes"": 8, ""unknown"": 6}",original,restore,2.667156,3,54.948713,3,0.607349,3,1.439848,3,20.967066,3,15.634906,3,9.570411,3,7.61404,3
13-unknown_controls,unknown_controls,"{""nodes"": 8, ""unknown"": 6}",completion_projected,initial,3.003815,3,46.417955,3,4.070061,3,4.742005,3,17.430111,3,12.86736,3,10.520899,3,8.517307,3
13-unknown_controls,unknown_controls,"{""nodes"": 8, ""unknown"": 6}",completion_projected,repeat,2.797683,3,0.622832,3,0.680169,3,0.754312,3,8.510136,3,2.354564,3,3.672557,3,1.113485,3
13-unknown_controls,unknown_controls,"{""nodes"": 8, ""unknown"": 6}",completion_projected,counts,2.74224,3,0.586547,3,0.658045,3,0.718397,3,8.482555,3,2.29305,3,3.788322,3,1.2017,3
13-unknown_controls,unknown_controls,"{""nodes"": 8, ""unknown"": 6}",completion_projected,masks,2.804924,3,0.586368,3,0.685257,3,0.700329,3,11.310203,3,6.695764,3,8.581784,3,7.093532,3
13-unknown_controls,unknown_controls,"{""nodes"": 8, ""unknown"": 6}",completion_projected,metadata,2.786797,3,0.576332,3,0.672898,3,0.743235,3,8.486621,3,2.302144,3,3.506736,3,1.093855,3
13-unknown_controls,unknown_controls,"{""nodes"": 8, ""unknown"": 6}",completion_projected,structure,2.916984,3,49.111704,3,0.780751,3,1.087505,3,17.438875,3,12.81551,3,9.621929,3,6.611905,3
13-unknown_controls,unknown_controls,"{""nodes"": 8, ""unknown"": 6}",completion_projected,restore,2.7822,3,46.147807,3,0.725187,3,1.196881,3,16.917275,3,12.425036,3,8.589947,3,6.486785,3
14-unknown_controls,unknown_controls,"{""nodes"": 8, ""unknown"": 8}",original,initial,9.226461,3,54.659815,3,3.954355,3,4.708695,3,20.602148,3,15.327663,3,31.173069,3,24.566207,3
14-unknown_controls,unknown_controls,"{""nodes"": 8, ""unknown"": 8}",original,repeat,9.015791,3,0.467227,3,0.619618,3,0.686709,3,9.288346,3,2.16092,3,9.26263,3,1.125214,3
14-unknown_controls,unknown_controls,"{""nodes"": 8, ""unknown"": 8}",original,counts,8.726584,3,0.442921,3,0.517664,3,0.588801,3,9.297699,3,2.14134,3,9.456613,3,1.255189,3
14-unknown_controls,unknown_controls,"{""nodes"": 8, ""unknown"": 8}",original,masks,8.817175,3,0.447407,3,0.550263,3,0.608841,3,13.162747,3,7.862827,3,28.265459,3,21.703905,3
14-unknown_controls,unknown_controls,"{""nodes"": 8, ""unknown"": 8}",original,metadata,8.811486,3,0.432154,3,0.543983,3,0.601841,3,9.299684,3,2.132838,3,9.118772,3,1.067705,3
14-unknown_controls,unknown_controls,"{""nodes"": 8, ""unknown"": 8}",original,structure,9.868001,3,57.06392,3,0.666488,3,1.102117,3,22.057191,3,16.387286,3,29.46208,3,22.44662,3
14-unknown_controls,unknown_controls,"{""nodes"": 8, ""unknown"": 8}",original,restore,8.685873,3,54.288874,3,0.611876,3,1.453099,3,21.20175,3,15.718924,3,28.199566,3,21.269733,3
14-unknown_controls,unknown_controls,"{""nodes"": 8, ""unknown"": 8}",completion_projected,initial,8.820571,3,46.599521,3,3.292653,3,4.802998,3,17.390494,3,12.898577,3,28.526721,3,22.355294,3
14-unknown_controls,unknown_controls,"{""nodes"": 8, ""unknown"": 8}",completion_projected,repeat,8.53627,3,0.611345,3,0.671526,3,0.754763,3,8.468754,3,2.359109,3,8.994951,3,1.115729,3
14-unknown_controls,unknown_controls,"{""nodes"": 8, ""unknown"": 8}",completion_projected,counts,8.404521,3,0.584123,3,0.657455,3,0.730715,3,8.4308,3,2.309375,3,9.180401,3,1.394861,3
14-unknown_controls,unknown_controls,"{""nodes"": 8, ""unknown"": 8}",completion_projected,masks,8.446324,3,0.580068,3,0.66082,3,0.709313,3,11.237774,3,6.754032,3,25.640178,3,19.52325,3
14-unknown_controls,unknown_controls,"{""nodes"": 8, ""unknown"": 8}",completion_projected,metadata,9.268667,3,0.583724,3,0.666609,3,0.70709,3,8.356128,3,2.309184,3,8.832604,3,1.074857,3
14-unknown_controls,unknown_controls,"{""nodes"": 8, ""unknown"": 8}",completion_projected,structure,8.703583,3,49.097752,3,0.755103,3,1.068567,3,17.440637,3,12.773478,3,26.899973,3,20.447859,3
14-unknown_controls,unknown_controls,"{""nodes"": 8, ""unknown"": 8}",completion_projected,restore,8.323037,3,46.231395,3,0.718788,3,1.188178,3,16.77344,3,12.377691,3,25.633076,3,19.518112,3
15-unknown_controls,unknown_controls,"{""nodes"": 8, ""unknown"": 10}",original,initial,35.664074,3,55.159596,3,4.234454,3,4.863996,3,20.565849,3,15.345202,3,92.099599,3,74.7891,3
15-unknown_controls,unknown_controls,"{""nodes"": 8, ""unknown"": 10}",original,repeat,34.672903,3,0.453646,3,0.714391,3,0.748633,3,9.394084,3,2.172395,3,20.703016,3,1.337062,3
15-unknown_controls,unknown_controls,"{""nodes"": 8, ""unknown"": 10}",original,counts,34.431817,3,0.439205,3,0.745048,3,0.803305,3,9.323487,3,2.132568,3,20.967581,3,1.496234,3
15-unknown_controls,unknown_controls,"{""nodes"": 8, ""unknown"": 10}",original,masks,34.535044,3,0.439165,3,0.686258,3,0.743004,3,13.15849,3,7.748837,3,88.457318,3,72.666628,3
15-unknown_controls,unknown_controls,"{""nodes"": 8, ""unknown"": 10}",original,metadata,34.064778,3,0.424873,3,0.677786,3,0.725707,3,9.347945,3,2.144843,3,20.398436,3,1.274759,3
15-unknown_controls,unknown_controls,"{""nodes"": 8, ""unknown"": 10}",original,structure,35.585253,3,57.383298,3,0.794342,3,1.241628,3,22.164557,3,16.373856,3,99.527407,3,82.090168,3
15-unknown_controls,unknown_controls,"{""nodes"": 8, ""unknown"": 10}",original,restore,34.100282,3,55.141786,3,0.732328,3,1.54707,3,21.431924,3,15.77267,3,88.687595,3,71.61725,3
15-unknown_controls,unknown_controls,"{""nodes"": 8, ""unknown"": 10}",completion_projected,initial,33.451656,3,46.43319,3,4.415407,3,5.098484,3,17.326577,3,12.896034,3,80.889285,3,65.383608,3
15-unknown_controls,unknown_controls,"{""nodes"": 8, ""unknown"": 10}",completion_projected,repeat,32.476228,3,0.619027,3,0.808914,3,0.907373,3,8.451701,3,2.335004,3,20.260091,3,1.269751,3
15-unknown_controls,unknown_controls,"{""nodes"": 8, ""unknown"": 10}",completion_projected,counts,32.0346,3,0.581039,3,0.785328,3,0.871919,3,8.365772,3,2.283566,3,20.413111,3,1.377344,3
15-unknown_controls,unknown_controls,"{""nodes"": 8, ""unknown"": 10}",completion_projected,masks,32.041069,3,0.578545,3,0.792359,3,0.856595,3,11.229034,3,6.656474,3,77.198231,3,61.628709,3
15-unknown_controls,unknown_controls,"{""nodes"": 8, ""unknown"": 10}",completion_projected,metadata,32.250958,3,0.578225,3,0.781642,3,0.83937,3,8.449078,3,2.28725,3,20.119899,3,1.152625,3
15-unknown_controls,unknown_controls,"{""nodes"": 8, ""unknown"": 10}",completion_projected,structure,33.518265,3,48.648933,3,0.886491,3,1.216801,3,17.521596,3,12.688412,3,88.073182,3,71.718881,3
15-unknown_controls,unknown_controls,"{""nodes"": 8, ""unknown"": 10}",completion_projected,restore,31.995133,3,46.074856,3,0.851239,3,1.337353,3,16.798315,3,12.425883,3,77.288307,3,61.461465,3
16-categories,categories,"{""categories"": 5, ""completions"": 16, ""nodes"": 4}",original,initial,1.39526,3,75.106394,3,4.094112,3,4.997923,3,27.694737,3,20.892214,3,7.841919,3,6.703764,3
16-categories,categories,"{""categories"": 5, ""completions"": 16, ""nodes"": 4}",original,repeat,1.213426,3,0.50295,3,0.600658,3,0.698747,3,11.066426,3,2.188792,3,2.937875,3,1.274669,3
16-categories,categories,"{""categories"": 5, ""completions"": 16, ""nodes"": 4}",original,counts,1.190541,3,0.472635,3,0.57549,3,0.662683,3,11.087961,3,2.141241,3,3.075043,3,1.402303,3
16-categories,categories,"{""categories"": 5, ""completions"": 16, ""nodes"": 4}",original,masks,1.256882,3,0.474519,3,0.619427,3,0.698487,3,15.88627,3,9.501638,3,6.142115,3,5.541776,3
16-categories,categories,"{""categories"": 5, ""completions"": 16, ""nodes"": 4}",original,metadata,1.254228,3,0.459625,3,0.614079,3,0.695583,3,11.040777,3,2.171966,3,2.851716,3,1.234849,3
16-categories,categories,"{""categories"": 5, ""completions"": 16, ""nodes"": 4}",original,structure,1.258505,3,77.176036,3,0.725678,3,1.305776,3,29.891854,3,22.734898,3,6.63462,3,5.058245,3
16-categories,categories,"{""categories"": 5, ""completions"": 16, ""nodes"": 4}",original,restore,1.17665,3,73.692455,3,0.658346,3,1.470866,3,28.638175,3,21.957987,3,6.017536,3,4.923831,3
16-categories,categories,"{""categories"": 5, ""completions"": 16, ""nodes"": 4}",completion_projected,initial,1.519699,3,55.427493,3,4.186815,3,4.908357,3,19.601913,3,14.921309,3,6.103057,3,5.135631,3
16-categories,categories,"{""categories"": 5, ""completions"": 16, ""nodes"": 4}",completion_projected,repeat,1.346608,3,0.688572,3,0.756545,3,0.826982,3,8.853818,3,2.433052,3,2.205768,3,1.08361,3
16-categories,categories,"{""categories"": 5, ""completions"": 16, ""nodes"": 4}",completion_projected,counts,1.307819,3,0.663263,3,0.725758,3,0.80596,3,8.74987,3,2.383057,3,2.370668,3,1.188569,3
16-categories,categories,"{""categories"": 5, ""completions"": 16, ""nodes"": 4}",completion_projected,masks,1.351696,3,0.652177,3,0.742153,3,0.797898,3,11.805324,3,7.020183,3,4.269801,3,3.458133,3
16-categories,categories,"{""categories"": 5, ""completions"": 16, ""nodes"": 4}",completion_projected,metadata,1.368571,3,0.671956,3,0.718407,3,0.775484,3,8.816474,3,2.376876,3,2.151495,3,1.128168,3
16-categories,categories,"{""categories"": 5, ""completions"": 16, ""nodes"": 4}",completion_projected,structure,1.384345,3,58.157513,3,0.834011,3,1.194178,3,21.008571,3,15.62874,3,4.392887,3,3.382768,3
16-categories,categories,"{""categories"": 5, ""completions"": 16, ""nodes"": 4}",completion_projected,restore,1.332847,3,55.097393,3,0.816004,3,1.350534,3,19.850824,3,15.040991,3,4.225243,3,3.997018,3
17-categories,categories,"{""categories"": 16, ""completions"": 16, ""nodes"": 4}",original,initial,8.865486,3,74.612983,3,5.158076,3,5.226849,3,58.39147,3,32.251067,3,42.818214,3,31.206417,3
17-categories,categories,"{""categories"": 16, ""completions"": 16, ""nodes"": 4}",original,repeat,8.663107,3,1.187777,3,1.496034,3,1.646442,3,34.195596,3,6.335578,3,16.49209,3,1.497526,3
17-categories,categories,"{""categories"": 16, ""completions"": 16, ""nodes"": 4}",original,counts,8.545222,3,1.160727,3,1.522685,3,1.593822,3,33.811114,3,6.289658,3,16.716891,3,1.641484,3
17-categories,categories,"{""categories"": 16, ""completions"": 16, ""nodes"": 4}",original,masks,8.551932,3,1.19612,3,1.511668,3,1.655835,3,46.550933,3,20.602046,3,40.100461,3,28.985235,3
17-categories,categories,"{""categories"": 16, ""completions"": 16, ""nodes"": 4}",original,metadata,8.654087,3,1.15024,3,1.503105,3,1.620142,3,34.143057,3,6.27759,3,16.204822,3,1.402181,3
17-categories,categories,"{""categories"": 16, ""completions"": 16, ""nodes"": 4}",original,structure,8.832407,3,77.210651,3,1.676457,3,2.288423,3,60.86268,3,34.150757,3,40.303368,3,29.791335,3
17-categories,categories,"{""categories"": 16, ""completions"": 16, ""nodes"": 4}",original,restore,8.475958,3,73.67847,3,1.551889,3,2.430398,3,58.361295,3,33.110708,3,39.675218,3,36.144343,3
17-categories,categories,"{""categories"": 16, ""completions"": 16, ""nodes"": 4}",completion_projected,initial,1.687244,3,55.298961,3,4.375331,3,4.94204,3,19.685258,3,15.172864,3,6.309219,3,5.33344,3
17-categories,categories,"{""categories"": 16, ""completions"": 16, ""nodes"": 4}",completion_projected,repeat,1.514312,3,0.841683,3,0.897288,3,0.976898,3,8.903775,3,2.571722,3,2.369896,3,1.273647,3
17-categories,categories,"{""categories"": 16, ""completions"": 16, ""nodes"": 4}",completion_projected,counts,1.484756,3,0.813631,3,0.855495,3,0.933142,3,8.899328,3,2.501626,3,2.485632,3,1.309091,3
17-categories,categories,"{""categories"": 16, ""completions"": 16, ""nodes"": 4}",completion_projected,masks,1.527892,3,0.86566,3,0.882426,3,0.928425,3,11.811174,3,7.096108,3,4.534412,3,3.508901,3
17-categories,categories,"{""categories"": 16, ""completions"": 16, ""nodes"": 4}",completion_projected,metadata,1.540901,3,0.805529,3,0.858359,3,0.913252,3,8.888842,3,2.51807,3,2.292961,3,1.187227,3
17-categories,categories,"{""categories"": 16, ""completions"": 16, ""nodes"": 4}",completion_projected,structure,1.609977,3,58.144527,3,0.975927,3,1.319628,3,20.891089,3,15.90367,3,4.462734,3,3.527388,3
17-categories,categories,"{""categories"": 16, ""completions"": 16, ""nodes"": 4}",completion_projected,restore,1.490425,3,55.023654,3,0.946533,3,1.476244,3,20.070165,3,15.200195,3,4.536235,3,4.061507,3
18-categories,categories,"{""categories"": 64, ""completions"": 16, ""nodes"": 4}",original,initial,40.543824,3,76.90164,3,9.718959,3,9.633416,3,190.871338,3,79.840918,3,198.791604,3,140.642883,3
18-categories,categories,"{""categories"": 64, ""completions"": 16, ""nodes"": 4}",original,repeat,40.024758,3,5.003653,3,5.575178,3,6.011457,3,136.20579,3,24.568301,3,72.604457,3,1.617297,3
18-categories,categories,"{""categories"": 64, ""completions"": 16, ""nodes"": 4}",original,counts,40.048914,3,4.08416,3,5.495977,3,5.90736,3,135.764371,3,24.653079,3,73.048909,3,1.800695,3
18-categories,categories,"{""categories"": 64, ""completions"": 16, ""nodes"": 4}",original,masks,40.273505,3,4.094697,3,5.521066,3,5.89397,3,179.645346,3,68.749242,3,185.355593,3,128.821099,3
18-categories,categories,"{""categories"": 64, ""completions"": 16, ""nodes"": 4}",original,metadata,40.308277,3,4.16322,3,5.565592,3,5.984605,3,135.869259,3,24.592557,3,72.296601,3,1.562014,3
18-categories,categories,"{""categories"": 64, ""completions"": 16, ""nodes"": 4}",original,structure,40.912201,3,79.884603,3,5.965749,3,6.82585,3,196.979398,3,82.428184,3,186.414963,3,132.243472,3
18-categories,categories,"{""categories"": 64, ""completions"": 16, ""nodes"": 4}",original,restore,40.381468,3,77.441345,3,5.629788,3,7.006924,3,191.12196,3,80.788832,3,191.398305,3,136.696353,3
18-categories,categories,"{""categories"": 64, ""completions"": 16, ""nodes"": 4}",completion_projected,initial,2.276203,3,58.573774,3,4.866655,3,5.493043,3,20.291709,3,15.400692,3,6.916405,3,5.999676,3
18-categories,categories,"{""categories"": 64, ""completions"": 16, ""nodes"": 4}",completion_projected,repeat,2.130323,3,1.427901,3,1.488513,3,1.570517,3,9.568541,3,3.09901,3,2.937013,3,1.886915,3
18-categories,categories,"{""categories"": 64, ""completions"": 16, ""nodes"": 4}",completion_projected,counts,2.027528,3,1.403684,3,1.463094,3,1.527021,3,9.570574,3,3.089193,3,3.075683,3,1.920596,3
18-categories,categories,"{""categories"": 64, ""completions"": 16, ""nodes"": 4}",completion_projected,masks,2.142792,3,1.452889,3,1.555284,3,1.613743,3,12.420908,3,7.768142,3,5.055247,3,4.343383,3
18-categories,categories,"{""categories"": 64, ""completions"": 16, ""nodes"": 4}",completion_projected,metadata,2.114209,3,1.437505,3,1.498118,3,1.514772,3,9.615582,3,3.127622,3,3.026029,3,2.533784,3
18-categories,categories,"{""categories"": 64, ""completions"": 16, ""nodes"": 4}",completion_projected,structure,2.911776,3,61.982302,3,1.588124,3,1.914156,3,21.653528,3,16.456459,3,5.077511,3,4.307209,3
18-categories,categories,"{""categories"": 64, ""completions"": 16, ""nodes"": 4}",completion_projected,restore,2.065415,3,58.618841,3,1.654684,3,2.173879,3,20.622159,3,15.701383,3,5.783128,3,4.061203,3
19-categories,categories,"{""categories"": 128, ""completions"": 16, ""nodes"": 4}",original,initial,84.052444,3,82.708082,3,15.764472,3,15.890647,3,374.908116,3,144.100777,3,397.086613,3,276.993361,3
19-categories,categories,"{""categories"": 128, ""completions"": 16, ""nodes"": 4}",original,repeat,82.188386,3,8.10136,3,11.231357,3,11.844408,3,283.667768,3,49.342791,3,147.702167,3,1.741515,3
19-categories,categories,"{""categories"": 128, ""completions"": 16, ""nodes"": 4}",original,counts,82.816633,3,8.149635,3,10.983713,3,11.77492,3,282.642465,3,49.189939,3,148.605184,3,1.950962,3
19-categories,categories,"{""categories"": 128, ""completions"": 16, ""nodes"": 4}",original,masks,82.942394,3,8.128833,3,11.034028,3,11.836002,3,363.750857,3,132.297678,3,393.307753,3,271.406105,3
19-categories,categories,"{""categories"": 128, ""completions"": 16, ""nodes"": 4}",original,metadata,82.124799,3,8.140919,3,11.084214,3,12.016158,3,282.513956,3,49.009096,3,147.894699,3,1.75145,3
19-categories,categories,"{""categories"": 128, ""completions"": 16, ""nodes"": 4}",original,structure,83.725106,3,84.985775,3,11.768767,3,13.104441,3,383.207934,3,147.349855,3,394.315409,3,274.581291,3
19-categories,categories,"{""categories"": 128, ""completions"": 16, ""nodes"": 4}",original,restore,82.311678,3,83.124578,3,12.093855,3,14.130195,3,375.683107,3,145.314755,3,380.019792,3,259.605775,3
19-categories,categories,"{""categories"": 128, ""completions"": 16, ""nodes"": 4}",completion_projected,initial,3.149736,3,56.962892,3,4.960514,3,5.476879,3,21.189014,3,16.336676,3,7.508384,3,6.681651,3
19-categories,categories,"{""categories"": 128, ""completions"": 16, ""nodes"": 4}",completion_projected,repeat,2.904245,3,2.199077,3,2.261733,3,2.349224,3,10.709467,3,3.923678,3,3.720179,3,2.701438,3
19-categories,categories,"{""categories"": 128, ""completions"": 16, ""nodes"": 4}",completion_projected,counts,2.911366,3,2.172837,3,2.207571,3,2.305348,3,10.346428,3,3.906212,3,3.888955,3,2.72876,3
19-categories,categories,"{""categories"": 128, ""completions"": 16, ""nodes"": 4}",completion_projected,masks,2.984558,3,2.211245,3,2.361724,3,2.448676,3,13.412909,3,8.698144,3,5.904697,3,5.675169,3
19-categories,categories,"{""categories"": 128, ""completions"": 16, ""nodes"": 4}",completion_projected,metadata,2.971407,3,2.24079,3,2.281893,3,2.360742,3,10.38098,3,3.95823,3,3.705157,3,2.577191,3
19-categories,categories,"{""categories"": 128, ""completions"": 16, ""nodes"": 4}",completion_projected,structure,3.089887,3,59.905364,3,2.463999,3,2.821639,3,22.444457,3,17.414257,3,6.638726,3,4.979203,3
19-categories,categories,"{""categories"": 128, ""completions"": 16, ""nodes"": 4}",completion_projected,restore,2.90099,3,56.475335,3,2.378238,3,2.903131,3,21.402417,3,16.76283,3,5.844624,3,4.822588,3
20-graph_structure,graph_structure,"{""nodes"": 12, ""structure"": ""chain""}",original,initial,1.547311,3,66.743552,3,4.122639,3,5.041169,3,24.860366,3,18.874437,3,7.406678,3,6.332404,3
20-graph_structure,graph_structure,"{""nodes"": 12, ""structure"": ""chain""}",original,repeat,1.382412,3,0.50226,3,0.593428,3,0.655702,3,9.93088,3,2.17449,3,2.650851,3,1.175539,3
20-graph_structure,graph_structure,"{""nodes"": 12, ""structure"": ""chain""}",original,counts,1.320318,3,0.456701,3,0.56798,3,0.623473,3,9.860011,3,2.138667,3,2.826226,3,1.344024,3
20-graph_structure,graph_structure,"{""nodes"": 12, ""structure"": ""chain""}",original,masks,1.472698,3,0.453436,3,0.599737,3,0.6743,3,14.730415,3,8.73686,3,5.608628,3,5.316936,3
20-graph_structure,graph_structure,"{""nodes"": 12, ""structure"": ""chain""}",original,metadata,1.431606,3,0.460988,3,0.590183,3,0.66074,3,9.841795,3,2.148692,3,2.585323,3,1.126575,3
20-graph_structure,graph_structure,"{""nodes"": 12, ""structure"": ""chain""}",original,structure,1.441131,3,70.026824,3,0.723435,3,1.33451,3,26.828284,3,20.420236,3,5.687758,3,4.586419,3
20-graph_structure,graph_structure,"{""nodes"": 12, ""structure"": ""chain""}",original,restore,1.345627,3,66.98501,3,0.646739,3,1.644238,3,25.762331,3,19.640235,3,6.158731,3,4.455722,3
20-graph_structure,graph_structure,"{""nodes"": 12, ""structure"": ""chain""}",completion_projected,initial,1.684779,3,56.554358,3,4.219325,3,4.050519,3,19.310225,3,14.605315,3,6.135475,3,5.186089,3
20-graph_structure,graph_structure,"{""nodes"": 12, ""structure"": ""chain""}",completion_projected,repeat,1.504807,3,0.680831,3,0.741553,3,0.828024,3,8.891574,3,2.438591,3,2.171006,3,1.102879,3
20-graph_structure,graph_structure,"{""nodes"": 12, ""structure"": ""chain""}",completion_projected,counts,1.481893,3,0.64732,3,0.72025,3,0.794852,3,8.573762,3,2.346662,3,2.321532,3,1.272866,3
20-graph_structure,graph_structure,"{""nodes"": 12, ""structure"": ""chain""}",completion_projected,masks,1.544898,3,0.645006,3,0.723274,3,0.788423,3,11.662189,3,7.018719,3,4.286758,3,3.441618,3
20-graph_structure,graph_structure,"{""nodes"": 12, ""structure"": ""chain""}",completion_projected,metadata,1.516935,3,0.635732,3,0.714271,3,0.774281,3,8.414001,3,2.362165,3,2.173318,3,1.171033,3
20-graph_structure,graph_structure,"{""nodes"": 12, ""structure"": ""chain""}",completion_projected,structure,1.566521,3,57.637132,3,0.851188,3,1.185844,3,20.057216,3,15.375037,3,4.472857,3,3.39606,3
20-graph_structure,graph_structure,"{""nodes"": 12, ""structure"": ""chain""}",completion_projected,restore,1.507941,3,56.469379,3,0.806521,3,1.29571,3,19.314008,3,14.719211,3,4.198764,3,3.98535,3
21-graph_structure,graph_structure,"{""nodes"": 12, ""structure"": ""fanout""}",original,initial,1.736037,3,148.130348,3,4.184983,3,4.968579,3,52.827013,3,46.315197,3,10.323843,3,9.217808,3
21-graph_structure,graph_structure,"{""nodes"": 12, ""structure"": ""fanout""}",original,repeat,1.569204,3,0.595071,3,0.651806,3,0.728823,3,11.177112,3,2.214421,3,3.267184,3,1.495683,3
21-graph_structure,graph_structure,"{""nodes"": 12, ""structure"": ""fanout""}",original,counts,1.533541,3,0.516432,3,0.629633,3,0.708952,3,11.197656,3,2.144696,3,3.475711,3,1.604418,3
21-graph_structure,graph_structure,"{""nodes"": 12, ""structure"": ""fanout""}",original,masks,1.644438,3,0.503011,3,0.681271,3,0.765999,3,19.80213,3,13.200473,3,8.447285,3,8.016229,3
21-graph_structure,graph_structure,"{""nodes"": 12, ""structure"": ""fanout""}",original,metadata,1.660062,3,0.498675,3,0.669663,3,0.738217,3,11.512945,3,2.188392,3,3.186753,3,1.43406,3
21-graph_structure,graph_structure,"{""nodes"": 12, ""structure"": ""fanout""}",original,structure,1.676316,3,161.121054,3,1.349442,3,2.065255,3,64.167616,3,57.350277,3,9.367915,3,7.641583,3
21-graph_structure,graph_structure,"{""nodes"": 12, ""structure"": ""fanout""}",original,restore,1.555003,3,147.310023,3,1.105723,3,2.128351,3,60.719225,3,53.798834,3,8.295093,3,7.307998,3
21-graph_structure,graph_structure,"{""nodes"": 12, ""structure"": ""fanout""}",completion_projected,initial,1.88308,3,125.541786,3,4.334889,3,4.97506,3,40.118639,3,35.367284,3,7.900725,3,7.323632,3
21-graph_structure,graph_structure,"{""nodes"": 12, ""structure"": ""fanout""}",completion_projected,repeat,1.749958,3,0.793751,3,0.827132,3,0.916847,3,8.973838,3,2.479662,3,2.279199,3,1.170982,3
21-graph_structure,graph_structure,"{""nodes"": 12, ""structure"": ""fanout""}",completion_projected,counts,1.690148,3,0.756635,3,0.795985,3,0.878499,3,9.025169,3,2.439201,3,2.428014,3,1.284294,3
21-graph_structure,graph_structure,"{""nodes"": 12, ""structure"": ""fanout""}",completion_projected,masks,1.807805,3,0.75333,3,0.818379,3,0.877007,3,14.294439,3,9.429031,3,6.188445,3,5.347031,3
21-graph_structure,graph_structure,"{""nodes"": 12, ""structure"": ""fanout""}",completion_projected,metadata,1.809047,3,0.736975,3,0.797427,3,0.860963,3,8.91333,3,2.527355,3,2.256395,3,1.872974,3
21-graph_structure,graph_structure,"{""nodes"": 12, ""structure"": ""fanout""}",completion_projected,structure,1.809979,3,140.322859,3,0.923287,3,1.229491,3,48.222164,3,43.016727,3,6.381578,3,5.39271,3
21-graph_structure,graph_structure,"{""nodes"": 12, ""structure"": ""fanout""}",completion_projected,restore,1.674444,3,125.722465,3,0.94444,3,1.429704,3,44.307269,3,39.180702,3,6.830376,3,5.255503,3
22-graph_structure,graph_structure,"{""nodes"": 12, ""structure"": ""diamond""}",original,initial,1.746513,3,347.993393,3,4.316201,3,5.071774,3,,0,,0,14.200147,3,13.77905,3
22-graph_structure,graph_structure,"{""nodes"": 12, ""structure"": ""diamond""}",original,repeat,1.580732,3,0.578455,3,0.658837,3,0.756074,3,,0,,0,3.411602,3,1.522224,3
22-graph_structure,graph_structure,"{""nodes"": 12, ""structure"": ""diamond""}",original,counts,1.569114,3,0.524343,3,0.64086,3,0.763996,3,,0,,0,3.484473,3,1.696667,3
22-graph_structure,graph_structure,"{""nodes"": 12, ""structure"": ""diamond""}",original,masks,1.670227,3,1.449523,3,0.698207,3,0.790336,3,,0,,0,12.933391,3,11.373121,3
22-graph_structure,graph_structure,"{""nodes"": 12, ""structure"": ""diamond""}",original,metadata,1.674153,3,0.505785,3,0.669464,3,0.763465,3,,0,,0,3.197449,3,1.443374,3
22-graph_structure,graph_structure,"{""nodes"": 12, ""structure"": ""diamond""}",original,structure,1.781275,3,350.110788,3,1.395342,3,2.158907,3,,0,,0,12.607417,3,11.278046,3
22-graph_structure,graph_structure,"{""nodes"": 12, ""structure"": ""diamond""}",original,restore,1.562885,3,343.599054,3,0.771127,3,1.683938,3,,0,,0,12.31872,3,11.258596,3
22-graph_structure,graph_structure,"{""nodes"": 12, ""structure"": ""diamond""}",completion_projected,initial,1.913365,3,324.133213,3,4.323312,3,4.971102,3,,0,,0,11.932086,3,11.074588,3
22-graph_structure,graph_structure,"{""nodes"": 12, ""structure"": ""diamond""}",completion_projected,repeat,1.75136,3,1.787405,3,0.846111,3,0.924739,3,,0,,0,2.348353,3,1.201938,3
22-graph_structure,graph_structure,"{""nodes"": 12, ""structure"": ""diamond""}",completion_projected,counts,1.722426,3,0.779069,3,0.797947,3,0.879801,3,,0,,0,2.552503,3,1.343894,3
22-graph_structure,graph_structure,"{""nodes"": 12, ""structure"": ""diamond""}",completion_projected,masks,1.844451,3,0.767281,3,0.815904,3,0.878189,3,,0,,0,10.753632,3,9.746197,3
22-graph_structure,graph_structure,"{""nodes"": 12, ""structure"": ""diamond""}",completion_projected,metadata,1.866444,3,0.753691,3,0.810246,3,0.869776,3,,0,,0,2.215362,3,1.28272,3
22-graph_structure,graph_structure,"{""nodes"": 12, ""structure"": ""diamond""}",completion_projected,structure,1.856079,3,329.310278,3,0.973393,3,1.279987,3,,0,,0,10.100734,3,9.201724,3
22-graph_structure,graph_structure,"{""nodes"": 12, ""structure"": ""diamond""}",completion_projected,restore,1.709286,3,322.146072,3,0.98406,3,1.430755,3,,0,,0,10.007984,3,9.081162,3
23-graph_structure,graph_structure,"{""nodes"": 12, ""structure"": ""cyclic""}",original,initial,1.756648,3,196.817123,3,3.421286,3,5.271246,3,72.539529,3,61.650591,3,11.096592,3,10.523543,3
23-graph_structure,graph_structure,"{""nodes"": 12, ""structure"": ""cyclic""}",original,repeat,1.591689,3,0.556513,3,0.671066,3,0.751197,3,15.775911,3,2.206639,3,3.397551,3,1.516845,3
23-graph_structure,graph_structure,"{""nodes"": 12, ""structure"": ""cyclic""}",original,counts,1.564227,3,0.56179,3,0.639138,3,0.724166,3,15.546033,3,2.149182,3,3.529131,3,1.65164,3
23-graph_structure,graph_structure,"{""nodes"": 12, ""structure"": ""cyclic""}",original,masks,1.67186,3,0.524184,3,0.686759,3,1.278885,3,28.910304,3,18.627046,3,9.750705,3,8.305899,3
23-graph_structure,graph_structure,"{""nodes"": 12, ""structure"": ""cyclic""}",original,metadata,1.67256,3,0.497783,3,1.220487,3,0.742744,3,15.591012,3,2.204376,3,3.21207,3,1.454711,3
23-graph_structure,graph_structure,"{""nodes"": 12, ""structure"": ""cyclic""}",original,structure,1.761775,3,354.476803,3,0.97173,3,1.609897,3,,0,,0,12.382798,3,11.449755,3
23-graph_structure,graph_structure,"{""nodes"": 12, ""structure"": ""cyclic""}",original,restore,1.542143,3,194.603884,3,0.799039,3,1.768857,3,,0,,0,9.143209,3,8.094629,3
23-graph_structure,graph_structure,"{""nodes"": 12, ""structure"": ""cyclic""}",completion_projected,initial,1.928749,3,163.003427,3,4.335339,3,5.028188,3,57.919945,3,49.522423,3,8.662551,3,7.70585,3
23-graph_structure,graph_structure,"{""nodes"": 12, ""structure"": ""cyclic""}",completion_projected,repeat,1.739552,3,0.794653,3,0.83943,3,0.927894,3,13.119437,3,2.514755,3,2.330157,3,1.229942,3
23-graph_structure,graph_structure,"{""nodes"": 12, ""structure"": ""cyclic""}",completion_projected,counts,1.710809,3,0.807382,3,0.794783,3,0.898069,3,13.073737,3,2.471089,3,2.400203,3,1.353438,3
23-graph_structure,graph_structure,"{""nodes"": 12, ""structure"": ""cyclic""}",completion_projected,masks,1.828236,3,0.801803,3,0.815494,3,0.874553,3,23.842099,3,15.044836,3,6.95043,3,6.655771,3
23-graph_structure,graph_structure,"{""nodes"": 12, ""structure"": ""cyclic""}",completion_projected,metadata,1.848668,3,0.801794,3,0.807312,3,0.883587,3,13.193966,3,2.47757,3,2.264918,3,1.157241,3
23-graph_structure,graph_structure,"{""nodes"": 12, ""structure"": ""cyclic""}",completion_projected,structure,1.837871,3,310.421662,3,1.006312,3,1.403764,3,,0,,0,10.719004,3,8.915762,3
23-graph_structure,graph_structure,"{""nodes"": 12, ""structure"": ""cyclic""}",completion_projected,restore,1.702817,3,161.776935,3,1.008305,3,1.477997,3,,0,,0,6.738349,3,5.868161,3
24-fully_observed,fully_observed,"{""nodes"": 4}",original,initial,1.567722,3,32.036765,3,4.748225,3,4.461272,3,27.718803,3,15.942973,3,3.110888,3,3.053902,3
24-fully_observed,fully_observed,"{""nodes"": 4}",original,repeat,1.40109,3,1.086454,3,1.365226,3,1.579941,3,17.832252,3,4.925603,3,0.533097,3,0.210098,3
24-fully_observed,fully_observed,"{""nodes"": 4}",original,counts,1.35477,3,1.077861,3,1.34782,3,1.547552,3,17.112339,3,4.894856,3,0.685417,3,0.331622,3
24-fully_observed,fully_observed,"{""nodes"": 4}",original,masks,0.829255,3,0.596182,3,0.71396,3,0.777837,3,14.947608,3,9.998058,3,2.060078,3,1.936842,3
24-fully_observed,fully_observed,"{""nodes"": 4}",original,metadata,0.830577,3,0.586548,3,0.699528,3,0.765208,3,8.519902,3,2.541886,3,0.592927,3,0.246883,3
24-fully_observed,fully_observed,"{""nodes"": 4}",original,structure,0.842124,3,30.747703,3,0.758047,3,1.076829,3,15.118988,3,10.087818,3,1.539971,3,1.410705,3
24-fully_observed,fully_observed,"{""nodes"": 4}",original,restore,1.345406,3,31.245689,3,1.366838,3,1.810749,3,26.89088,3,15.300818,3,2.145337,3,2.613534,3
24-fully_observed,fully_observed,"{""nodes"": 4}",completion_projected,initial,0.596162,3,27.510998,3,2.93436,3,3.137498,3,6.623863,3,6.0933,3,1.733322,3,1.756668,3
24-fully_observed,fully_observed,"{""nodes"": 4}",completion_projected,repeat,0.490703,3,0.464593,3,0.534188,3,0.553187,3,2.442486,3,1.013865,3,0.465344,3,0.411703,3
24-fully_observed,fully_observed,"{""nodes"": 4}",completion_projected,counts,0.471504,3,0.418784,3,0.435609,3,0.450131,3,2.353601,3,0.969847,3,0.567679,3,0.509852,3
24-fully_observed,fully_observed,"{""nodes"": 4}",completion_projected,masks,0.393696,3,0.354937,3,0.374477,3,0.379234,3,3.433265,3,2.906918,3,1.411195,3,1.494271,3
24-fully_observed,fully_observed,"{""nodes"": 4}",completion_projected,metadata,0.39045,3,0.344912,3,0.356149,3,0.385623,3,2.301983,3,0.919661,3,0.507958,3,0.43613,3
24-fully_observed,fully_observed,"{""nodes"": 4}",completion_projected,structure,0.387877,3,26.997697,3,0.424402,3,0.625537,3,5.928951,3,5.428955,3,0.955786,3,0.870287,3
24-fully_observed,fully_observed,"{""nodes"": 4}",completion_projected,restore,0.449019,3,26.78502,3,0.480728,3,0.664816,3,5.972389,3,5.495385,3,0.795493,3,0.801112,3
25-fully_observed,fully_observed,"{""nodes"": 16}",original,initial,1.964132,3,46.704669,3,5.224385,3,5.824444,3,38.854907,3,23.197942,3,4.01833,3,3.89289,3
25-fully_observed,fully_observed,"{""nodes"": 16}",original,repeat,1.77803,3,1.199885,3,1.626392,3,1.613492,3,21.932198,3,4.888748,3,0.66072,3,0.25753,3
25-fully_observed,fully_observed,"{""nodes"": 16}",original,counts,1.760324,3,1.165173,3,1.60567,3,1.588925,3,21.944327,3,4.911552,3,0.802725,3,0.383821,3
25-fully_observed,fully_observed,"{""nodes"": 16}",original,masks,1.208288,3,0.665337,3,0.877849,3,0.873182,3,22.448781,3,15.589921,3,2.653936,3,2.482317,3
25-fully_observed,fully_observed,"{""nodes"": 16}",original,metadata,1.191433,3,0.695092,3,0.869886,3,0.844969,3,11.117235,3,2.565441,3,0.709574,3,0.284971,3
25-fully_observed,fully_observed,"{""nodes"": 16}",original,structure,1.283392,3,45.977269,3,1.020665,3,1.593651,3,22.800135,3,15.658467,3,2.256775,3,2.474585,3
25-fully_observed,fully_observed,"{""nodes"": 16}",original,restore,1.759483,3,46.55418,3,1.728896,3,2.29307,3,38.831867,3,23.140004,3,3.582371,3,2.884114,3
25-fully_observed,fully_observed,"{""nodes"": 16}",completion_projected,initial,0.854723,3,28.272216,3,4.133085,3,4.375431,3,6.867823,3,6.348507,3,2.122683,3,2.167921,3
25-fully_observed,fully_observed,"{""nodes"": 16}",completion_projected,repeat,0.715283,3,0.6611,3,0.659728,3,0.651576,3,2.607736,3,1.192685,3,0.705318,3,0.617875,3
25-fully_observed,fully_observed,"{""nodes"": 16}",completion_projected,counts,0.704496,3,0.643093,3,0.626838,3,0.625877,3,2.554786,3,1.162339,3,0.757827,3,0.7072,3
25-fully_observed,fully_observed,"{""nodes"": 16}",completion_projected,masks,0.630454,3,0.52915,3,0.532806,3,0.523983,3,3.617845,3,3.135936,3,1.785542,3,1.754495,3
25-fully_observed,fully_observed,"{""nodes"": 16}",completion_projected,metadata,0.646008,3,0.589322,3,0.546777,3,0.527818,3,2.517861,3,1.081917,3,0.668281,3,0.596763,3
25-fully_observed,fully_observed,"{""nodes"": 16}",completion_projected,structure,0.676484,3,27.216896,3,0.688161,3,0.853612,3,6.296578,3,5.719045,3,1.218184,3,1.201037,3
25-fully_observed,fully_observed,"{""nodes"": 16}",completion_projected,restore,0.71308,3,27.236536,3,0.821193,3,0.998051,3,6.317801,3,5.740026,3,1.165914,3,1.156189,3
26-fully_observed,fully_observed,"{""nodes"": 48}",original,initial,2.963534,3,86.016938,3,5.703682,3,7.582004,3,74.964182,3,46.825989,3,6.70073,3,6.675312,3
26-fully_observed,fully_observed,"{""nodes"": 48}",original,repeat,2.71545,3,1.435823,3,2.848831,3,2.803733,3,35.730741,3,5.018745,3,0.920003,3,0.38369,3
26-fully_observed,fully_observed,"{""nodes"": 48}",original,counts,2.714859,3,1.383063,3,2.20649,3,2.189954,3,35.845254,3,4.963131,3,1.048647,3,0.472415,3
26-fully_observed,fully_observed,"{""nodes"": 48}",original,masks,2.111646,3,0.871378,3,1.265325,3,1.262621,3,47.484874,3,34.650154,3,5.441435,3,4.550146,3
26-fully_observed,fully_observed,"{""nodes"": 48}",original,metadata,2.119748,3,0.864979,3,1.273137,3,1.246546,3,18.118138,3,2.704522,3,0.989057,3,0.408568,3
26-fully_observed,fully_observed,"{""nodes"": 48}",original,structure,2.100038,3,84.139107,3,2.155351,3,3.29755,3,48.888352,3,36.0547,3,4.384184,3,4.031882,3
26-fully_observed,fully_observed,"{""nodes"": 48}",original,restore,2.639184,3,84.828871,3,3.016585,3,4.159054,3,77.340537,3,49.752836,3,5.627566,3,5.671693,3
26-fully_observed,fully_observed,"{""nodes"": 48}",completion_projected,initial,1.516395,3,30.264793,3,5.305879,3,4.663949,3,8.799766,3,8.210956,3,3.955255,3,3.960433,3
26-fully_observed,fully_observed,"{""nodes"": 48}",completion_projected,repeat,1.327659,3,1.210642,3,1.187056,3,1.167827,3,3.131399,3,1.720984,3,1.197843,3,1.137071,3
26-fully_observed,fully_observed,"{""nodes"": 48}",completion_projected,counts,1.296112,3,1.155949,3,1.12301,3,1.146976,3,3.087733,3,1.644088,3,1.234498,3,1.224572,3
26-fully_observed,fully_observed,"{""nodes"": 48}",completion_projected,masks,1.226496,3,1.844662,3,0.954174,3,0.954314,3,4.140515,3,3.609062,3,3.486837,3,3.482089,3
26-fully_observed,fully_observed,"{""nodes"": 48}",completion_projected,metadata,1.899515,3,1.005622,3,1.028306,3,1.039493,3,2.916644,3,1.545169,3,1.160617,3,1.102348,3
26-fully_observed,fully_observed,"{""nodes"": 48}",completion_projected,structure,1.198714,3,29.178719,3,1.769698,3,1.960517,3,7.998244,3,7.521412,3,2.989464,3,2.966038,3
26-fully_observed,fully_observed,"{""nodes"": 48}",completion_projected,restore,1.327509,3,29.241194,3,2.011033,3,2.185648,3,8.106888,3,7.591689,3,3.639228,3,3.661592,3
