campaign_id,job_role,attempt_id,model_id,variant,extraction_status,status,repetition,load_solve_elapsed_nanoseconds,evaluated_physical_states,total_physical_states
v3-preflight-771605/deathstarbench_social_network/colocated/NCD/0,pmx,1,campaign-130530d3914626352e55--compose_post--conditional_local,conditional_local,prepared,solved,0,11049277518,1,1
v3-preflight-771605/deathstarbench_social_network/colocated/NCD/0,pmx,1,campaign-130530d3914626352e55--compose_post--conditional_local,conditional_local,prepared,solved,1,245940024,1,1
v3-preflight-771605/deathstarbench_social_network/colocated/NCD/0,pmx,1,campaign-130530d3914626352e55--compose_post--inclusive,inclusive,prepared,solved,0,404739264,1,1
v3-preflight-771605/deathstarbench_social_network/colocated/NCD/0,pmx,1,campaign-130530d3914626352e55--compose_post--inclusive,inclusive,prepared,solved,1,176208053,1,1
v3-preflight-771605/deathstarbench_social_network/colocated/NCD/0,pmx,1,campaign-130530d3914626352e55--read_home_timeline--conditional_local,conditional_local,prepared,solved,0,80523273,1,1
v3-preflight-771605/deathstarbench_social_network/colocated/NCD/0,pmx,1,campaign-130530d3914626352e55--read_home_timeline--conditional_local,conditional_local,prepared,solved,1,40790475,1,1
v3-preflight-771605/deathstarbench_social_network/colocated/NCD/0,pmx,1,campaign-130530d3914626352e55--read_home_timeline--inclusive,inclusive,prepared,solved,0,82217797,1,1
v3-preflight-771605/deathstarbench_social_network/colocated/NCD/0,pmx,1,campaign-130530d3914626352e55--read_home_timeline--inclusive,inclusive,prepared,solved,1,39277710,1,1
v3-preflight-771605/deathstarbench_social_network/colocated/NCD/0,pmx,1,campaign-130530d3914626352e55--read_user_timeline--conditional_local,conditional_local,prepared,solved,0,175565356,1,1
v3-preflight-771605/deathstarbench_social_network/colocated/NCD/0,pmx,1,campaign-130530d3914626352e55--read_user_timeline--conditional_local,conditional_local,prepared,solved,1,85863088,1,1
v3-preflight-771605/deathstarbench_social_network/colocated/NCD/0,pmx,1,campaign-130530d3914626352e55--read_user_timeline--inclusive,inclusive,prepared,solved,0,155512681,1,1
v3-preflight-771605/deathstarbench_social_network/colocated/NCD/0,pmx,1,campaign-130530d3914626352e55--read_user_timeline--inclusive,inclusive,prepared,solved,1,85032884,1,1
v3-preflight-771605/deathstarbench_social_network/split/NCD/0,pmx,1,campaign-333deda1819d98533f77--compose_post--conditional_local,conditional_local,prepared,solved,0,295817187,1,1
v3-preflight-771605/deathstarbench_social_network/split/NCD/0,pmx,1,campaign-333deda1819d98533f77--compose_post--conditional_local,conditional_local,prepared,solved,1,151202292,1,1
v3-preflight-771605/deathstarbench_social_network/split/NCD/0,pmx,1,campaign-333deda1819d98533f77--compose_post--inclusive,inclusive,prepared,solved,0,254219827,1,1
v3-preflight-771605/deathstarbench_social_network/split/NCD/0,pmx,1,campaign-333deda1819d98533f77--compose_post--inclusive,inclusive,prepared,solved,1,146234306,1,1
v3-preflight-771605/deathstarbench_social_network/split/NCD/0,pmx,1,campaign-333deda1819d98533f77--read_home_timeline--conditional_local,conditional_local,prepared,solved,0,63478859,1,1
v3-preflight-771605/deathstarbench_social_network/split/NCD/0,pmx,1,campaign-333deda1819d98533f77--read_home_timeline--conditional_local,conditional_local,prepared,solved,1,39836276,1,1
v3-preflight-771605/deathstarbench_social_network/split/NCD/0,pmx,1,campaign-333deda1819d98533f77--read_home_timeline--inclusive,inclusive,prepared,solved,0,60434642,1,1
v3-preflight-771605/deathstarbench_social_network/split/NCD/0,pmx,1,campaign-333deda1819d98533f77--read_home_timeline--inclusive,inclusive,prepared,solved,1,34943916,1,1
v3-preflight-771605/deathstarbench_social_network/split/NCD/0,pmx,1,campaign-333deda1819d98533f77--read_user_timeline--conditional_local,conditional_local,prepared,solved,0,103974357,1,1
v3-preflight-771605/deathstarbench_social_network/split/NCD/0,pmx,1,campaign-333deda1819d98533f77--read_user_timeline--conditional_local,conditional_local,prepared,solved,1,57126025,1,1
v3-preflight-771605/deathstarbench_social_network/split/NCD/0,pmx,1,campaign-333deda1819d98533f77--read_user_timeline--inclusive,inclusive,prepared,solved,0,100357837,1,1
v3-preflight-771605/deathstarbench_social_network/split/NCD/0,pmx,1,campaign-333deda1819d98533f77--read_user_timeline--inclusive,inclusive,prepared,solved,1,74198375,1,1
v3-preflight-771605/opentelemetry_demo/colocated/NCD/0,pmx,1,campaign-c51bfb8bf19fd99bb061--add_to_cart--conditional_local,conditional_local,unsupported_conditional_propagation_or_positivity,no_solver_timing,,,,
v3-preflight-771605/opentelemetry_demo/colocated/NCD/0,pmx,1,campaign-c51bfb8bf19fd99bb061--add_to_cart--inclusive,inclusive,prepared,solved,0,394211111,1,1
v3-preflight-771605/opentelemetry_demo/colocated/NCD/0,pmx,1,campaign-c51bfb8bf19fd99bb061--add_to_cart--inclusive,inclusive,prepared,solved,1,236359580,1,1
v3-preflight-771605/opentelemetry_demo/colocated/NCD/0,pmx,1,campaign-c51bfb8bf19fd99bb061--browse_product--conditional_local,conditional_local,unsupported_conditional_propagation_or_positivity,no_solver_timing,,,,
v3-preflight-771605/opentelemetry_demo/colocated/NCD/0,pmx,1,campaign-c51bfb8bf19fd99bb061--browse_product--inclusive,inclusive,prepared,solved,0,176630868,1,1
v3-preflight-771605/opentelemetry_demo/colocated/NCD/0,pmx,1,campaign-c51bfb8bf19fd99bb061--browse_product--inclusive,inclusive,prepared,solved,1,100702823,1,1
v3-preflight-771605/opentelemetry_demo/colocated/NCD/0,pmx,1,campaign-c51bfb8bf19fd99bb061--checkout--conditional_local,conditional_local,unsupported_conditional_propagation_or_positivity,no_solver_timing,,,,
v3-preflight-771605/opentelemetry_demo/colocated/NCD/0,pmx,1,campaign-c51bfb8bf19fd99bb061--checkout--inclusive,inclusive,prepared,solved,0,1471884117,1,1
v3-preflight-771605/opentelemetry_demo/colocated/NCD/0,pmx,1,campaign-c51bfb8bf19fd99bb061--checkout--inclusive,inclusive,prepared,solved,1,1153469083,1,1
v3-preflight-771605/opentelemetry_demo/split/NCD/0,pmx,1,campaign-359ffa201dfd7057d942--add_to_cart--conditional_local,conditional_local,unsupported_conditional_propagation_or_positivity,no_solver_timing,,,,
v3-preflight-771605/opentelemetry_demo/split/NCD/0,pmx,1,campaign-359ffa201dfd7057d942--add_to_cart--inclusive,inclusive,prepared,solved,0,7168584260,1,1
v3-preflight-771605/opentelemetry_demo/split/NCD/0,pmx,1,campaign-359ffa201dfd7057d942--add_to_cart--inclusive,inclusive,prepared,solved,1,305028235,1,1
v3-preflight-771605/opentelemetry_demo/split/NCD/0,pmx,1,campaign-359ffa201dfd7057d942--browse_product--conditional_local,conditional_local,unsupported_conditional_propagation_or_positivity,no_solver_timing,,,,
v3-preflight-771605/opentelemetry_demo/split/NCD/0,pmx,1,campaign-359ffa201dfd7057d942--browse_product--inclusive,inclusive,prepared,solved,0,260211164,1,1
v3-preflight-771605/opentelemetry_demo/split/NCD/0,pmx,1,campaign-359ffa201dfd7057d942--browse_product--inclusive,inclusive,prepared,solved,1,130088486,1,1
v3-preflight-771605/opentelemetry_demo/split/NCD/0,pmx,1,campaign-359ffa201dfd7057d942--checkout--conditional_local,conditional_local,unsupported_conditional_propagation_or_positivity,no_solver_timing,,,,
v3-preflight-771605/opentelemetry_demo/split/NCD/0,pmx,1,campaign-359ffa201dfd7057d942--checkout--inclusive,inclusive,prepared,solved,0,1784704215,1,1
v3-preflight-771605/opentelemetry_demo/split/NCD/0,pmx,1,campaign-359ffa201dfd7057d942--checkout--inclusive,inclusive,prepared,solved,1,1148944278,1,1
v3-preflight-771605/spring_petclinic_microservices/colocated/NCD/0,pmx,1,campaign-7739060435df49e7c2f2--create_visit--conditional_local,conditional_local,prepared,solved,0,245985263,1,1
v3-preflight-771605/spring_petclinic_microservices/colocated/NCD/0,pmx,1,campaign-7739060435df49e7c2f2--create_visit--conditional_local,conditional_local,prepared,solved,1,161219743,1,1
v3-preflight-771605/spring_petclinic_microservices/colocated/NCD/0,pmx,1,campaign-7739060435df49e7c2f2--create_visit--inclusive,inclusive,prepared,solved,0,220608639,1,1
v3-preflight-771605/spring_petclinic_microservices/colocated/NCD/0,pmx,1,campaign-7739060435df49e7c2f2--create_visit--inclusive,inclusive,prepared,solved,1,160276968,1,1
v3-preflight-771605/spring_petclinic_microservices/colocated/NCD/0,pmx,1,campaign-7739060435df49e7c2f2--list_owners--conditional_local,conditional_local,prepared,solved,0,95874781,1,1
v3-preflight-771605/spring_petclinic_microservices/colocated/NCD/0,pmx,1,campaign-7739060435df49e7c2f2--list_owners--conditional_local,conditional_local,prepared,solved,1,73833623,1,1
v3-preflight-771605/spring_petclinic_microservices/colocated/NCD/0,pmx,1,campaign-7739060435df49e7c2f2--list_owners--inclusive,inclusive,prepared,solved,0,94784060,1,1
v3-preflight-771605/spring_petclinic_microservices/colocated/NCD/0,pmx,1,campaign-7739060435df49e7c2f2--list_owners--inclusive,inclusive,prepared,solved,1,63360148,1,1
v3-preflight-771605/spring_petclinic_microservices/colocated/NCD/0,pmx,1,campaign-7739060435df49e7c2f2--list_vets--conditional_local,conditional_local,prepared,solved,0,64768860,1,1
v3-preflight-771605/spring_petclinic_microservices/colocated/NCD/0,pmx,1,campaign-7739060435df49e7c2f2--list_vets--conditional_local,conditional_local,prepared,solved,1,48175003,1,1
v3-preflight-771605/spring_petclinic_microservices/colocated/NCD/0,pmx,1,campaign-7739060435df49e7c2f2--list_vets--inclusive,inclusive,prepared,solved,0,65309356,1,1
v3-preflight-771605/spring_petclinic_microservices/colocated/NCD/0,pmx,1,campaign-7739060435df49e7c2f2--list_vets--inclusive,inclusive,prepared,solved,1,47694638,1,1
v3-preflight-771605/spring_petclinic_microservices/colocated/NCD/0,pmx,1,campaign-7739060435df49e7c2f2--owner_details_with_visits--conditional_local,conditional_local,prepared,solved,0,143193829,1,1
v3-preflight-771605/spring_petclinic_microservices/colocated/NCD/0,pmx,1,campaign-7739060435df49e7c2f2--owner_details_with_visits--conditional_local,conditional_local,prepared,solved,1,113989188,1,1
v3-preflight-771605/spring_petclinic_microservices/colocated/NCD/0,pmx,1,campaign-7739060435df49e7c2f2--owner_details_with_visits--inclusive,inclusive,prepared,solved,0,130632959,1,1
v3-preflight-771605/spring_petclinic_microservices/colocated/NCD/0,pmx,1,campaign-7739060435df49e7c2f2--owner_details_with_visits--inclusive,inclusive,prepared,solved,1,102270385,1,1
v3-preflight-771605/spring_petclinic_microservices/split/NCD/0,pmx,1,campaign-001054cf3308a797b3e3--create_visit--conditional_local,conditional_local,prepared,solved,0,8588475892,1,1
v3-preflight-771605/spring_petclinic_microservices/split/NCD/0,pmx,1,campaign-001054cf3308a797b3e3--create_visit--conditional_local,conditional_local,prepared,solved,1,171491973,1,1
v3-preflight-771605/spring_petclinic_microservices/split/NCD/0,pmx,1,campaign-001054cf3308a797b3e3--create_visit--inclusive,inclusive,prepared,solved,0,416499640,1,1
v3-preflight-771605/spring_petclinic_microservices/split/NCD/0,pmx,1,campaign-001054cf3308a797b3e3--create_visit--inclusive,inclusive,prepared,solved,1,174286515,1,1
v3-preflight-771605/spring_petclinic_microservices/split/NCD/0,pmx,1,campaign-001054cf3308a797b3e3--list_owners--conditional_local,conditional_local,prepared,solved,0,133263031,1,1
v3-preflight-771605/spring_petclinic_microservices/split/NCD/0,pmx,1,campaign-001054cf3308a797b3e3--list_owners--conditional_local,conditional_local,prepared,solved,1,80472451,1,1
v3-preflight-771605/spring_petclinic_microservices/split/NCD/0,pmx,1,campaign-001054cf3308a797b3e3--list_owners--inclusive,inclusive,prepared,solved,0,135764611,1,1
v3-preflight-771605/spring_petclinic_microservices/split/NCD/0,pmx,1,campaign-001054cf3308a797b3e3--list_owners--inclusive,inclusive,prepared,solved,1,72107811,1,1
v3-preflight-771605/spring_petclinic_microservices/split/NCD/0,pmx,1,campaign-001054cf3308a797b3e3--list_vets--conditional_local,conditional_local,prepared,solved,0,94080120,1,1
v3-preflight-771605/spring_petclinic_microservices/split/NCD/0,pmx,1,campaign-001054cf3308a797b3e3--list_vets--conditional_local,conditional_local,prepared,solved,1,52021412,1,1
v3-preflight-771605/spring_petclinic_microservices/split/NCD/0,pmx,1,campaign-001054cf3308a797b3e3--list_vets--inclusive,inclusive,prepared,solved,0,86711704,1,1
v3-preflight-771605/spring_petclinic_microservices/split/NCD/0,pmx,1,campaign-001054cf3308a797b3e3--list_vets--inclusive,inclusive,prepared,solved,1,49059619,1,1
v3-preflight-771605/spring_petclinic_microservices/split/NCD/0,pmx,1,campaign-001054cf3308a797b3e3--owner_details_with_visits--conditional_local,conditional_local,prepared,solved,0,157718436,1,1
v3-preflight-771605/spring_petclinic_microservices/split/NCD/0,pmx,1,campaign-001054cf3308a797b3e3--owner_details_with_visits--conditional_local,conditional_local,prepared,solved,1,108218817,1,1
v3-preflight-771605/spring_petclinic_microservices/split/NCD/0,pmx,1,campaign-001054cf3308a797b3e3--owner_details_with_visits--inclusive,inclusive,prepared,solved,0,157579887,1,1
v3-preflight-771605/spring_petclinic_microservices/split/NCD/0,pmx,1,campaign-001054cf3308a797b3e3--owner_details_with_visits--inclusive,inclusive,prepared,solved,1,115030035,1,1
