application,repetition,multiplier,method,stage,outer_command_wall_seconds,exit_code,path,wall_seconds,user_seconds,system_seconds,maximum_rss_bytes
deathstarbench_social_network,0,1,graph,build,2.4716544799999838,0,graph-build-resource-usage.txt,2.42,2.73,0.15,216035328.0
deathstarbench_social_network,0,1,pmx,extract,83.96039219800002,0,pmx-extract-resource-usage.txt,83.93,61.87,2.96,2380328960.0
deathstarbench_social_network,0,1,pmx,collect,0.9167009509999389,0,pmx-collect-resource-usage.txt,0.9,1.44,0.08,110583808.0
deathstarbench_social_network,0,1,pmx,solve,86.75427448799996,0,pmx-solve-resource-usage.txt,86.74,177.78,3.77,1744969728.0
deathstarbench_social_network,0,1,pmx,save,0.21515639599999759,0,pmx-save-resource-usage.txt,0.17,0.44,0.03,41992192.0
deathstarbench_social_network,0,2,graph,build,4.173992882999983,0,graph-build-resource-usage.txt,4.16,4.55,0.22,321712128.0
deathstarbench_social_network,0,2,pmx,extract,106.78965265199997,0,pmx-extract-resource-usage.txt,106.72999999999999,94.98,4.4,3752681472.0
deathstarbench_social_network,0,2,pmx,collect,0.9162712380000357,0,pmx-collect-resource-usage.txt,0.9,1.45,0.07,110661632.0
deathstarbench_social_network,0,2,pmx,solve,83.93221073900008,0,pmx-solve-resource-usage.txt,83.89,175.02,3.72,2349010944.0
deathstarbench_social_network,0,2,pmx,save,0.21481690999996772,0,pmx-save-resource-usage.txt,0.16,0.45,0.01,42037248.0
deathstarbench_social_network,0,4,graph,build,8.033431051999969,0,graph-build-resource-usage.txt,7.98,8.27,0.32,534151168.0
deathstarbench_social_network,0,4,pmx,extract,166.32526872699998,0,pmx-extract-resource-usage.txt,166.32,186.23,6.51,4591755264.0
deathstarbench_social_network,0,4,pmx,collect,0.9171703450001587,0,pmx-collect-resource-usage.txt,0.91,1.44,0.08,110596096.0
deathstarbench_social_network,0,4,pmx,solve,82.22387837399992,0,pmx-solve-resource-usage.txt,82.19,175.78,3.74,1955962880.0
deathstarbench_social_network,0,4,pmx,save,0.21471224000015354,0,pmx-save-resource-usage.txt,0.16,0.45,0.02,42000384.0
deathstarbench_social_network,1,2,graph,build,4.124681817999999,0,graph-build-resource-usage.txt,4.11,4.48,0.21,321531904.0
deathstarbench_social_network,1,2,pmx,extract,106.43279767000013,0,pmx-extract-resource-usage.txt,106.41,93.04,4.25,3783426048.0
deathstarbench_social_network,1,2,pmx,collect,0.9164182429999528,0,pmx-collect-resource-usage.txt,0.9,1.44,0.08,110653440.0
deathstarbench_social_network,1,2,pmx,solve,84.73480801999995,0,pmx-solve-resource-usage.txt,84.68,176.5,3.7,1646227456.0
deathstarbench_social_network,1,2,pmx,save,0.21489599099982115,0,pmx-save-resource-usage.txt,0.16,0.45,0.02,42110976.0
deathstarbench_social_network,1,4,graph,build,7.883223598000086,0,graph-build-resource-usage.txt,7.84,8.1,0.34,546344960.0
deathstarbench_social_network,1,4,pmx,extract,168.12350363300015,0,pmx-extract-resource-usage.txt,168.11,186.94,6.83,4592553984.0
deathstarbench_social_network,1,4,pmx,collect,0.9190450869998585,0,pmx-collect-resource-usage.txt,0.91,1.44,0.08,110309376.0
deathstarbench_social_network,1,4,pmx,solve,81.35616282599995,0,pmx-solve-resource-usage.txt,81.3,173.93,3.77,1310027776.0
deathstarbench_social_network,1,4,pmx,save,0.21480103999988387,0,pmx-save-resource-usage.txt,0.16,0.45,0.02,42102784.0
deathstarbench_social_network,1,1,graph,build,2.3698957589999736,0,graph-build-resource-usage.txt,2.35,2.79,0.16,218337280.0
deathstarbench_social_network,1,1,pmx,extract,84.12008841099987,0,pmx-extract-resource-usage.txt,84.11,62.19,3.13,2551844864.0
deathstarbench_social_network,1,1,pmx,collect,0.9170363460000317,0,pmx-collect-resource-usage.txt,0.9,1.44,0.08,110428160.0
deathstarbench_social_network,1,1,pmx,solve,81.66683282300005,0,pmx-solve-resource-usage.txt,81.65,174.8,3.72,1276624896.0
deathstarbench_social_network,1,1,pmx,save,0.21509495600002992,0,pmx-save-resource-usage.txt,0.16,0.44,0.03,42115072.0
deathstarbench_social_network,2,4,graph,build,7.833218090999935,0,graph-build-resource-usage.txt,7.79,8.08,0.32,546775040.0
deathstarbench_social_network,2,4,pmx,extract,166.09616633300016,0,pmx-extract-resource-usage.txt,166.07,187.51,6.48,4599750656.0
deathstarbench_social_network,2,4,pmx,collect,0.9184101979999468,0,pmx-collect-resource-usage.txt,0.9,1.41,0.09,110735360.0
deathstarbench_social_network,2,4,pmx,solve,81.32856924800012,0,pmx-solve-resource-usage.txt,81.31,173.79,3.66,2095484928.0
deathstarbench_social_network,2,4,pmx,save,0.21700516199985032,0,pmx-save-resource-usage.txt,0.16,0.46,0.01,41967616.0
deathstarbench_social_network,2,1,graph,build,2.420088009999972,0,graph-build-resource-usage.txt,2.39,2.86,0.13,218873856.0
deathstarbench_social_network,2,1,pmx,extract,84.28516528699993,0,pmx-extract-resource-usage.txt,84.27,62.71,3.16,2505895936.0
deathstarbench_social_network,2,1,pmx,collect,0.9678170890001638,0,pmx-collect-resource-usage.txt,0.91,1.43,0.09,110596096.0
deathstarbench_social_network,2,1,pmx,solve,82.42968333999988,0,pmx-solve-resource-usage.txt,82.4,173.35,3.67,2106937344.0
deathstarbench_social_network,2,1,pmx,save,0.21469835999960196,0,pmx-save-resource-usage.txt,0.17,0.45,0.02,42119168.0
deathstarbench_social_network,2,2,graph,build,4.124804486000357,0,graph-build-resource-usage.txt,4.09,4.49,0.21,321277952.0
deathstarbench_social_network,2,2,pmx,extract,106.72408782100001,0,pmx-extract-resource-usage.txt,106.69,95.14,4.22,3823247360.0
deathstarbench_social_network,2,2,pmx,collect,0.9194077160000234,0,pmx-collect-resource-usage.txt,0.9,1.43,0.08,110501888.0
deathstarbench_social_network,2,2,pmx,solve,82.16992992399992,0,pmx-solve-resource-usage.txt,82.15,172.13,3.65,2040045568.0
deathstarbench_social_network,2,2,pmx,save,0.21419110100032412,0,pmx-save-resource-usage.txt,0.17,0.45,0.02,42315776.0
opentelemetry_demo,0,1,graph,build,3.1722774249999475,0,graph-build-resource-usage.txt,3.16,3.42,0.2,463622144.0
opentelemetry_demo,0,1,pmx,extract,106.880498472,0,pmx-extract-resource-usage.txt,106.87,99.99,2.78,1711800320.0
opentelemetry_demo,0,1,pmx,collect,0.6655171520000067,0,pmx-collect-resource-usage.txt,0.62,1.17,0.04,109150208.0
opentelemetry_demo,0,1,pmx,solve,70.99439593299996,0,pmx-solve-resource-usage.txt,70.98,129.43,2.54,2301546496.0
opentelemetry_demo,0,1,pmx,save,0.16702479599996423,0,pmx-save-resource-usage.txt,0.11,0.33,0.01,40357888.0
opentelemetry_demo,0,2,graph,build,5.982492095999987,0,graph-build-resource-usage.txt,5.96,6.09,0.37,825958400.0
opentelemetry_demo,0,2,pmx,extract,193.7692499540001,0,pmx-extract-resource-usage.txt,193.72,257.65,4.7,2717474816.0
opentelemetry_demo,0,2,pmx,collect,0.7152147279998644,0,pmx-collect-resource-usage.txt,0.67,1.23,0.05,109096960.0
opentelemetry_demo,0,2,pmx,solve,69.49160615699998,0,pmx-solve-resource-usage.txt,69.45,130.84,2.47,2049044480.0
opentelemetry_demo,0,2,pmx,save,0.16401205900001514,0,pmx-save-resource-usage.txt,0.11,0.33,0.0,40407040.0
opentelemetry_demo,0,4,graph,build,11.98928737999995,0,graph-build-resource-usage.txt,11.95,11.74,0.71,1545285632.0
opentelemetry_demo,0,4,pmx,extract,515.4570543359998,0,pmx-extract-resource-usage.txt,515.42,859.35,9.69,4574978048.0
opentelemetry_demo,0,4,pmx,collect,0.6653442719998566,0,pmx-collect-resource-usage.txt,0.61,1.15,0.04,109400064.0
opentelemetry_demo,0,4,pmx,solve,69.58663909999996,0,pmx-solve-resource-usage.txt,69.57,131.43,2.32,1939894272.0
opentelemetry_demo,0,4,pmx,save,0.166607188999933,0,pmx-save-resource-usage.txt,0.11,0.33,0.01,40366080.0
opentelemetry_demo,1,2,graph,build,5.97990085299989,0,graph-build-resource-usage.txt,5.93,6.06,0.38,826359808.0
opentelemetry_demo,1,2,pmx,extract,195.34656055000005,0,pmx-extract-resource-usage.txt,195.34,261.07,4.62,2852524032.0
opentelemetry_demo,1,2,pmx,collect,0.6695193299999573,0,pmx-collect-resource-usage.txt,0.61,1.16,0.05,109236224.0
opentelemetry_demo,1,2,pmx,solve,69.9522864779999,0,pmx-solve-resource-usage.txt,69.92,134.0,2.36,1998430208.0
opentelemetry_demo,1,2,pmx,save,0.1649368369999138,0,pmx-save-resource-usage.txt,0.11,0.32,0.01,40370176.0
opentelemetry_demo,1,4,graph,build,12.09162828799981,0,graph-build-resource-usage.txt,12.08,11.87,0.71,1545445376.0
opentelemetry_demo,1,4,pmx,extract,519.32986656,0,pmx-extract-resource-usage.txt,519.3,866.18,9.87,4567490560.0
opentelemetry_demo,1,4,pmx,collect,0.6649519420002434,0,pmx-collect-resource-usage.txt,0.63,1.17,0.04,109219840.0
opentelemetry_demo,1,4,pmx,solve,69.55513364599983,0,pmx-solve-resource-usage.txt,69.52,129.79,2.28,1821474816.0
opentelemetry_demo,1,4,pmx,save,0.16417265800009773,0,pmx-save-resource-usage.txt,0.11,0.33,0.0,40443904.0
opentelemetry_demo,1,1,graph,build,3.323471884000355,0,graph-build-resource-usage.txt,3.3,3.59,0.21,466882560.0
opentelemetry_demo,1,1,pmx,extract,107.56185034300006,0,pmx-extract-resource-usage.txt,107.53999999999999,101.77,2.87,1739902976.0
opentelemetry_demo,1,1,pmx,collect,0.6651992810002412,0,pmx-collect-resource-usage.txt,0.64,1.17,0.04,109096960.0
opentelemetry_demo,1,1,pmx,solve,70.28053091400034,0,pmx-solve-resource-usage.txt,70.27,130.81,2.28,1624334336.0
opentelemetry_demo,1,1,pmx,save,0.1641445290001684,0,pmx-save-resource-usage.txt,0.11,0.34,0.01,40472576.0
opentelemetry_demo,2,4,graph,build,12.098074294999606,0,graph-build-resource-usage.txt,12.07,11.86,0.72,1545220096.0
opentelemetry_demo,2,4,pmx,extract,516.6608037619999,0,pmx-extract-resource-usage.txt,516.63,860.93,10.01,4553842688.0
opentelemetry_demo,2,4,pmx,collect,0.6650425359998735,0,pmx-collect-resource-usage.txt,0.65,1.15,0.04,108949504.0
opentelemetry_demo,2,4,pmx,solve,68.52182571999992,0,pmx-solve-resource-usage.txt,68.48,126.27,2.28,2071191552.0
opentelemetry_demo,2,4,pmx,save,0.16448093700000754,0,pmx-save-resource-usage.txt,0.11,0.32,0.01,40382464.0
opentelemetry_demo,2,1,graph,build,3.1218249130001823,0,graph-build-resource-usage.txt,3.07,3.38,0.19,466292736.0
opentelemetry_demo,2,1,pmx,extract,105.924114508,0,pmx-extract-resource-usage.txt,105.89,97.71,2.71,1754275840.0
opentelemetry_demo,2,1,pmx,collect,0.6657762039999398,0,pmx-collect-resource-usage.txt,0.61,1.16,0.05,109293568.0
opentelemetry_demo,2,1,pmx,solve,68.33403729300016,0,pmx-solve-resource-usage.txt,68.28999999999999,127.56,2.33,1942454272.0
opentelemetry_demo,2,1,pmx,save,0.16430940800000826,0,pmx-save-resource-usage.txt,0.11,0.32,0.01,40394752.0
opentelemetry_demo,2,2,graph,build,5.882803239999703,0,graph-build-resource-usage.txt,5.85,5.95,0.38,826142720.0
opentelemetry_demo,2,2,pmx,extract,193.94798377400002,0,pmx-extract-resource-usage.txt,193.94,258.06,4.62,2667171840.0
opentelemetry_demo,2,2,pmx,collect,0.6660334590001185,0,pmx-collect-resource-usage.txt,0.66,1.23,0.04,108978176.0
opentelemetry_demo,2,2,pmx,solve,70.04479957199965,0,pmx-solve-resource-usage.txt,69.99,132.32,2.31,1375645696.0
opentelemetry_demo,2,2,pmx,save,0.16427943400003642,0,pmx-save-resource-usage.txt,0.11,0.32,0.01,40718336.0
spring_petclinic_microservices,0,1,graph,build,1.8186607630000253,0,graph-build-resource-usage.txt,1.76,2.25,0.12,246886400.0
spring_petclinic_microservices,0,1,pmx,extract,102.06742727,0,pmx-extract-resource-usage.txt,102.03,59.96,2.91,1574625280.0
spring_petclinic_microservices,0,1,pmx,collect,0.765954109000063,0,pmx-collect-resource-usage.txt,0.72,1.26,0.07,108892160.0
spring_petclinic_microservices,0,1,pmx,solve,77.03197316,0,pmx-solve-resource-usage.txt,77.02,138.43,3.0,1682014208.0
spring_petclinic_microservices,0,1,pmx,save,0.1650170130000106,0,pmx-save-resource-usage.txt,0.13,0.36,0.01,40316928.0
spring_petclinic_microservices,0,2,graph,build,2.974276499000098,0,graph-build-resource-usage.txt,2.92,3.27,0.19,384434176.0
spring_petclinic_microservices,0,2,pmx,extract,121.96314698200001,0,pmx-extract-resource-usage.txt,121.95,91.29,4.08,2679508992.0
spring_petclinic_microservices,0,2,pmx,collect,0.7660695349999287,0,pmx-collect-resource-usage.txt,0.72,1.26,0.07,108486656.0
spring_petclinic_microservices,0,2,pmx,solve,72.406511981,0,pmx-solve-resource-usage.txt,72.4,137.27,2.99,1395699712.0
spring_petclinic_microservices,0,2,pmx,save,0.1646542439999621,0,pmx-save-resource-usage.txt,0.13,0.36,0.01,40333312.0
spring_petclinic_microservices,0,4,graph,build,5.275947268999971,0,graph-build-resource-usage.txt,5.26,5.49,0.32,660406272.0
spring_petclinic_microservices,0,4,pmx,extract,177.15962323100007,0,pmx-extract-resource-usage.txt,177.15,179.26,6.48,4076720128.0
spring_petclinic_microservices,0,4,pmx,collect,0.7656517309999344,0,pmx-collect-resource-usage.txt,0.72,1.27,0.07,108838912.0
spring_petclinic_microservices,0,4,pmx,solve,73.34775524300005,0,pmx-solve-resource-usage.txt,73.3,136.81,2.9,1865900032.0
spring_petclinic_microservices,0,4,pmx,save,0.16430597199996555,0,pmx-save-resource-usage.txt,0.13,0.36,0.01,40361984.0
spring_petclinic_microservices,1,2,graph,build,2.9211908240001776,0,graph-build-resource-usage.txt,2.9,3.25,0.18,383991808.0
spring_petclinic_microservices,1,2,pmx,extract,121.41072513500012,0,pmx-extract-resource-usage.txt,121.37,89.97,3.97,2405142528.0
spring_petclinic_microservices,1,2,pmx,collect,0.766476116999911,0,pmx-collect-resource-usage.txt,0.72,1.25,0.08,108937216.0
spring_petclinic_microservices,1,2,pmx,solve,73.02434459200003,0,pmx-solve-resource-usage.txt,73.0,133.84,2.94,1341431808.0
spring_petclinic_microservices,1,2,pmx,save,0.16480149600010918,0,pmx-save-resource-usage.txt,0.13,0.35,0.02,40341504.0
spring_petclinic_microservices,1,4,graph,build,5.176651828000104,0,graph-build-resource-usage.txt,5.16,5.39,0.28,661311488.0
spring_petclinic_microservices,1,4,pmx,extract,177.21797131900007,0,pmx-extract-resource-usage.txt,177.21,179.28,6.42,3983343616.0
spring_petclinic_microservices,1,4,pmx,collect,0.7669701459999487,0,pmx-collect-resource-usage.txt,0.72,1.28,0.06,108818432.0
spring_petclinic_microservices,1,4,pmx,solve,73.20927022299998,0,pmx-solve-resource-usage.txt,73.19,136.41,2.94,1974968320.0
spring_petclinic_microservices,1,4,pmx,save,0.1649548739999318,0,pmx-save-resource-usage.txt,0.13,0.37,0.01,40419328.0
spring_petclinic_microservices,1,1,graph,build,1.769109096000193,0,graph-build-resource-usage.txt,1.75,2.15,0.13,245579776.0
spring_petclinic_microservices,1,1,pmx,extract,101.70932017300015,0,pmx-extract-resource-usage.txt,101.67,59.69,3.08,1520087040.0
spring_petclinic_microservices,1,1,pmx,collect,0.7668727440000112,0,pmx-collect-resource-usage.txt,0.71,1.27,0.05,108998656.0
spring_petclinic_microservices,1,1,pmx,solve,75.06975742200007,0,pmx-solve-resource-usage.txt,75.05,138.01,3.05,1378164736.0
spring_petclinic_microservices,1,1,pmx,save,0.16401434299996254,0,pmx-save-resource-usage.txt,0.13,0.35,0.02,40292352.0
spring_petclinic_microservices,2,4,graph,build,5.277436155000032,0,graph-build-resource-usage.txt,5.23,5.48,0.29,672935936.0
spring_petclinic_microservices,2,4,pmx,extract,177.221633419,0,pmx-extract-resource-usage.txt,177.19,179.83,6.4,3904741376.0
spring_petclinic_microservices,2,4,pmx,collect,0.7654966259999583,0,pmx-collect-resource-usage.txt,0.72,1.27,0.07,108969984.0
spring_petclinic_microservices,2,4,pmx,solve,74.21317464499998,0,pmx-solve-resource-usage.txt,74.18,137.93,2.97,1665064960.0
spring_petclinic_microservices,2,4,pmx,save,0.16595276399993963,0,pmx-save-resource-usage.txt,0.13,0.35,0.02,40423424.0
spring_petclinic_microservices,2,1,graph,build,1.7716211530000692,0,graph-build-resource-usage.txt,1.73,2.14,0.11,245444608.0
spring_petclinic_microservices,2,1,pmx,extract,101.79136010799994,0,pmx-extract-resource-usage.txt,101.78,59.13,3.06,1790537728.0
spring_petclinic_microservices,2,1,pmx,collect,0.766250805999789,0,pmx-collect-resource-usage.txt,0.72,1.26,0.07,108675072.0
spring_petclinic_microservices,2,1,pmx,solve,74.8967219709998,0,pmx-solve-resource-usage.txt,74.86,140.38,2.98,2032701440.0
spring_petclinic_microservices,2,1,pmx,save,0.16534285199986698,0,pmx-save-resource-usage.txt,0.13,0.35,0.02,40378368.0
spring_petclinic_microservices,2,2,graph,build,2.9715102270001807,0,graph-build-resource-usage.txt,2.94,3.29,0.18,383815680.0
spring_petclinic_microservices,2,2,pmx,extract,121.25905546800004,0,pmx-extract-resource-usage.txt,121.25,90.22,3.95,2261344256.0
spring_petclinic_microservices,2,2,pmx,collect,0.7657491859999936,0,pmx-collect-resource-usage.txt,0.72,1.28,0.06,108904448.0
spring_petclinic_microservices,2,2,pmx,solve,73.52512107700022,0,pmx-solve-resource-usage.txt,73.52,137.05,2.88,1754820608.0
spring_petclinic_microservices,2,2,pmx,save,0.16401239900005748,0,pmx-save-resource-usage.txt,0.13,0.34,0.02,40366080.0
