profile,placement,failure_law,repetition,qualification_seconds,raw_telemetry_bytes,raw_request_bytes,raw_health_bytes,all_source_bytes,learner_request_rows,health_ticks
opentelemetry_demo,colocated,ND,28,4.987190303000261,226336480,3090432,1248716,238254954,3840,900
opentelemetry_demo,colocated,ND,27,3.3006916569997884,223350189,3091654,1252465,235212152,3840,900
opentelemetry_demo,colocated,N,29,3.8591310259998863,232036255,3068898,1243493,243985475,3840,900
opentelemetry_demo,split,N,4,4.290845544999684,234684277,2991448,1217787,246508738,3840,901
opentelemetry_demo,split,ND,26,4.944883686000139,227099365,3032655,1226204,238736455,3840,900
opentelemetry_demo,split,N,7,3.573298569000144,233520847,2993281,1216437,245261833,3840,900
opentelemetry_demo,split,N,11,4.8123682559999,233982832,3007017,1221640,245849064,3840,900
opentelemetry_demo,split,N,9,5.318837247999909,233358406,2993901,1216904,245099373,3840,900
opentelemetry_demo,colocated,N,6,5.14992948400004,235266765,3051035,1239380,247224824,3840,900
opentelemetry_demo,colocated,N,1,4.677295302999937,235688344,3050276,1238394,247684673,3840,901
opentelemetry_demo,colocated,N,8,5.381320181000319,234033619,3052981,1239181,245992757,3840,900
opentelemetry_demo,split,N,24,4.902289009000015,233033799,3007619,1222428,244891448,3840,900
opentelemetry_demo,colocated,N,26,4.896417980000024,234274238,3065297,1242583,246338569,3840,900
opentelemetry_demo,colocated,ND,13,3.595415186000082,225182063,3093267,1250119,237013753,3840,900
opentelemetry_demo,colocated,ND,22,4.466911810000056,224394633,3092441,1252961,236249361,3840,900
opentelemetry_demo,split,N,20,5.470445558999927,237117849,3002475,1223869,249074902,3840,901
opentelemetry_demo,split,N,26,5.133377546999782,231336033,3008231,1221946,243154639,3840,901
opentelemetry_demo,colocated,N,5,4.753122173000065,237286259,3047110,1241571,249379382,3840,901
opentelemetry_demo,split,N,17,4.406442883000182,233480918,3010833,1222719,245231854,3840,900
opentelemetry_demo,colocated,N,27,4.058670302999872,234947171,3063053,1243488,247047528,3840,900
opentelemetry_demo,colocated,ND,8,3.7722444229998473,219054408,3083591,1247512,230698173,3840,901
opentelemetry_demo,split,ND,18,4.520121335000113,226344945,3037257,1228230,237855562,3840,900
opentelemetry_demo,split,ND,21,5.005663194000135,227068120,3033649,1227680,238651975,3840,901
opentelemetry_demo,split,ND,10,4.530424120000134,224318351,3039525,1229587,235772527,3840,901
opentelemetry_demo,colocated,N,18,5.196929974999875,234996457,3066758,1247147,247029789,3840,901
opentelemetry_demo,split,ND,28,4.301991763999922,223998222,3038038,1227615,235502895,3840,900
opentelemetry_demo,split,N,18,5.0047583810001015,232832292,3008531,1220382,244648746,3840,900
opentelemetry_demo,split,ND,0,3.9810510180000165,223023770,3023906,1225934,234458227,3840,900
opentelemetry_demo,split,N,14,4.9546572760000345,235209361,3006303,1221673,247049752,3840,900
opentelemetry_demo,colocated,N,20,4.865908441999636,233852675,3066081,1244713,245909433,3840,900
opentelemetry_demo,colocated,N,15,2.7856052299998737,233765346,3065358,1245313,245793828,3840,901
opentelemetry_demo,colocated,N,12,4.787095218000104,235319864,3067612,1242584,247335066,3840,900
opentelemetry_demo,colocated,N,7,5.382222846999866,234181727,3052227,1239222,246136209,3840,900
opentelemetry_demo,colocated,ND,10,4.888835665999977,218340930,3097976,1251919,230076915,3840,900
opentelemetry_demo,split,N,10,4.586285214999862,232751196,3008711,1222021,244562228,3840,901
opentelemetry_demo,split,N,28,4.67039289899958,237275289,3003632,1225067,249216719,3840,900
opentelemetry_demo,split,N,2,5.026823795999917,235325756,2990448,1217020,247174522,3840,900
opentelemetry_demo,split,ND,19,3.436667534999742,226531201,3032300,1229419,238162302,3840,901
opentelemetry_demo,split,N,19,5.795238159999826,234265437,3005753,1223270,246135004,3840,901
opentelemetry_demo,colocated,ND,3,3.102418152000155,221768956,3080597,1246064,233480908,3840,900
opentelemetry_demo,colocated,N,23,4.32574062599997,234907396,3065862,1243151,246970249,3840,900
opentelemetry_demo,split,ND,16,4.447784532000242,225790027,3034813,1232567,237376198,3840,901
opentelemetry_demo,colocated,ND,1,4.1160071119998065,222991492,3078908,1245007,234768655,3840,900
opentelemetry_demo,split,ND,3,4.3097549529998105,224530769,3024678,1222005,235909345,3840,900
opentelemetry_demo,split,N,1,5.267661336999936,234781736,2989609,1217504,246645562,3840,900
opentelemetry_demo,colocated,N,22,4.282747346999713,235472729,3064552,1245265,247556109,3840,900
opentelemetry_demo,colocated,ND,25,3.4799733960003323,222082213,3094260,1251405,233851219,3840,900
opentelemetry_demo,split,ND,9,3.1993238889999702,224801114,3020563,1223895,236337951,3840,901
opentelemetry_demo,colocated,ND,21,4.686847267000303,226152199,3091367,1249898,238047161,3840,900
opentelemetry_demo,colocated,ND,6,5.049295284999971,221538296,3083178,1245869,233223313,3840,900
opentelemetry_demo,split,N,6,3.157207881999966,232656850,2993070,1216918,244435285,3840,900
opentelemetry_demo,colocated,ND,18,3.971999920000144,221363069,3096154,1250969,233144064,3840,900
opentelemetry_demo,colocated,N,21,4.750932851000016,236679164,3063897,1244676,248796809,3840,900
opentelemetry_demo,colocated,N,17,4.3534989640002095,235060753,3065813,1244580,247096930,3840,900
opentelemetry_demo,split,ND,17,4.294512434999888,225819312,3040021,1228916,237261306,3840,900
opentelemetry_demo,split,ND,11,4.7758603560000665,227306528,3033750,1227625,238895408,3840,900
opentelemetry_demo,split,ND,1,4.696031866999874,226704104,3020650,1220754,238220100,3840,900
opentelemetry_demo,split,N,25,5.329195168999831,233667368,3006892,1223762,245503989,3840,901
opentelemetry_demo,colocated,N,4,4.259361033999994,235288823,3049815,1238906,247319529,3840,900
opentelemetry_demo,split,N,27,5.241272112999923,236211802,3003781,1221489,248139542,3840,900
opentelemetry_demo,colocated,N,2,4.685731019999821,235014142,3051373,1238016,246987992,3840,900
opentelemetry_demo,split,ND,2,4.661883962000047,223002746,3022449,1223468,234469014,3840,900
opentelemetry_demo,colocated,ND,15,5.102969673000189,224631540,3094761,1251793,236454177,3840,900
opentelemetry_demo,colocated,N,19,4.088885757999833,235057418,3065115,1244793,247143242,3840,901
opentelemetry_demo,split,ND,12,4.231959280999945,223374293,3038659,1228576,234818178,3840,900
opentelemetry_demo,split,N,3,5.5822426959998666,232975746,2994272,1217677,244733079,3840,901
opentelemetry_demo,split,N,12,4.851428986999963,232705960,3008269,1221640,244510879,3840,900
opentelemetry_demo,split,N,5,2.8356044130000555,232623061,2992413,1216820,244433612,3840,901
opentelemetry_demo,colocated,ND,2,4.156539326999791,221907266,3084609,1244658,233550017,3840,900
opentelemetry_demo,colocated,ND,7,5.005828403000123,222034516,3081805,1244788,233757801,3840,900
opentelemetry_demo,colocated,ND,5,4.19159165200017,222696502,3079372,1246304,234473382,3840,900
opentelemetry_demo,colocated,ND,26,3.213385720000133,224867522,3093019,1251852,236706574,3840,901
opentelemetry_demo,split,ND,4,4.574804341999879,226483152,3020480,1221546,237974114,3840,900
opentelemetry_demo,split,ND,13,2.81319275199985,221916930,3041460,1227016,233293666,3840,900
opentelemetry_demo,split,ND,8,4.23836733600001,224023104,3022229,1223303,235511098,3840,901
opentelemetry_demo,split,ND,6,5.261757233000026,223770172,3023880,1222367,235183542,3840,900
opentelemetry_demo,split,N,15,4.160168570999758,234506700,3008151,1222645,246314562,3840,900
opentelemetry_demo,split,ND,23,4.332764285999929,223689032,3040196,1229031,235099123,3840,900
opentelemetry_demo,split,ND,15,3.0943407909999223,225401984,3035761,1230051,236943967,3840,900
opentelemetry_demo,split,N,23,4.305240235999918,236007086,3003655,1223644,247937496,3840,900
opentelemetry_demo,colocated,N,11,4.299102249000043,235819637,3064093,1243832,247909706,3840,900
opentelemetry_demo,split,N,8,3.055195215999902,232273657,2995346,1216091,243992733,3840,900
opentelemetry_demo,split,N,29,4.888293408000209,236317133,3004014,1221993,248239337,3840,900
opentelemetry_demo,colocated,N,13,5.225000336999983,234942445,3063938,1243382,247028812,3840,900
opentelemetry_demo,split,ND,24,4.284878718000073,224984269,3034157,1229414,236575834,3840,901
opentelemetry_demo,colocated,ND,4,3.977975097000126,221643458,3082505,1245143,233312697,3840,900
opentelemetry_demo,split,ND,29,5.208172887999808,227286171,3032939,1228372,238887695,3840,900
opentelemetry_demo,colocated,N,10,3.4314859659998547,235456864,3064621,1242916,247529427,3840,900
opentelemetry_demo,colocated,ND,12,4.350840337999671,224537302,3094373,1250626,236373701,3840,900
opentelemetry_demo,colocated,ND,23,4.082739727000444,222328709,3097911,1251135,234075319,3840,900
opentelemetry_demo,colocated,ND,16,4.9243377440002405,224296211,3094824,1251344,236080708,3840,901
opentelemetry_demo,colocated,N,25,4.115123823999966,236048596,3065830,1243635,248127959,3840,900
opentelemetry_demo,split,ND,22,4.4964680460002455,226420832,3034424,1227891,238007035,3840,900
opentelemetry_demo,colocated,ND,20,4.132799606999924,221560729,3097611,1252468,233319754,3840,901
opentelemetry_demo,colocated,N,28,3.6110571530002744,235054908,3065403,1245574,247131802,3840,900
opentelemetry_demo,colocated,ND,14,4.711807269000019,221971796,3095807,1252688,233727986,3840,900
opentelemetry_demo,colocated,ND,11,4.333483205999983,221402296,3097223,1251205,233156494,3840,901
opentelemetry_demo,colocated,N,16,5.550120732000323,231682403,3069117,1245713,243600514,3840,900
opentelemetry_demo,split,ND,25,4.535154145999968,224241390,3037354,1230271,235742517,3840,900
opentelemetry_demo,split,ND,20,2.9884991939998145,224375750,3036416,1230404,235914965,3840,900
opentelemetry_demo,colocated,ND,0,3.0096699740001895,221860027,3079714,1247139,233603925,3840,900
opentelemetry_demo,colocated,ND,17,3.2776844809995964,228258872,3087607,1252135,240216189,3840,900
opentelemetry_demo,split,N,13,3.673651816000074,235689019,3003217,1220192,247640006,3840,900
opentelemetry_demo,split,N,16,4.436560143999941,234941800,3003748,1220626,246870111,3840,900
opentelemetry_demo,colocated,N,24,5.180087440999614,235867220,3063093,1245248,247986192,3840,900
opentelemetry_demo,colocated,ND,9,3.996785942000315,222487035,3081110,1249754,234226201,3840,900
opentelemetry_demo,colocated,N,3,4.145288060999974,233686233,3051181,1237838,245685973,3840,901
opentelemetry_demo,split,ND,7,4.360382972000025,225403820,3021465,1223520,236887109,3840,901
opentelemetry_demo,colocated,N,9,4.415052174000266,236296022,3049185,1238602,248360174,3840,900
opentelemetry_demo,colocated,N,14,4.122916215000259,234349639,3069914,1245316,246318666,3840,900
opentelemetry_demo,colocated,ND,29,4.360776913000109,224505413,3092519,1249331,236346704,3840,900
opentelemetry_demo,colocated,ND,24,3.946946132999983,226497808,3091600,1251878,238382606,3840,901
opentelemetry_demo,split,N,22,4.261700709999786,235656672,3004701,1222605,247574123,3840,901
opentelemetry_demo,split,ND,27,4.330873929000063,224651359,3039257,1228115,236145229,3840,901
opentelemetry_demo,split,N,21,5.397749362999548,234047288,3008106,1225237,245864543,3840,900
opentelemetry_demo,split,ND,5,3.785580593999839,226757882,3020331,1222042,238286986,3840,900
opentelemetry_demo,split,N,0,5.236788696999611,233301139,2992827,1217394,245072394,3840,900
opentelemetry_demo,split,ND,14,4.158524141999806,224024851,3037981,1230033,235528799,3840,900
opentelemetry_demo,colocated,N,0,3.979191556999922,237564497,3046700,1238392,249654730,3840,900
opentelemetry_demo,colocated,ND,19,4.0130922190001,220295527,3096534,1251000,232029949,3840,901
