artifact_id,artifact_name,scope,measurement_present,wall_seconds,user_seconds,system_seconds,maximum_rss_bytes
10147301384,v3-comparison-pmx-extraction-controls-34465226083,timed extraction command/children; not total deployment resources,False,,,,
10165139821,v3-comparison-pmx-extraction-deathstarbench_social_network--colocated--N--r0-34465226083,timed extraction command/children; not total deployment resources,True,88.31,67.75,2.8,2277318656.0
10165144545,v3-comparison-pmx-extraction-deathstarbench_social_network--colocated--N--r1-34465226083,timed extraction command/children; not total deployment resources,True,86.7,67.94,2.94,1960206336.0
10165136177,v3-comparison-pmx-extraction-deathstarbench_social_network--colocated--N--r2-34465226083,timed extraction command/children; not total deployment resources,True,87.05,65.91,2.81,2171805696.0
10165145162,v3-comparison-pmx-extraction-deathstarbench_social_network--colocated--N--r3-34465226083,timed extraction command/children; not total deployment resources,True,87.61,68.49,2.87,1880104960.0
10165149396,v3-comparison-pmx-extraction-deathstarbench_social_network--colocated--N--r4-34465226083,timed extraction command/children; not total deployment resources,True,88.39,65.11,2.28,1299505152.0
10165135057,v3-comparison-pmx-extraction-deathstarbench_social_network--colocated--N--r5-34465226083,timed extraction command/children; not total deployment resources,True,83.08,56.85,1.87,1354903552.0
10165135159,v3-comparison-pmx-extraction-deathstarbench_social_network--colocated--N--r6-34465226083,timed extraction command/children; not total deployment resources,True,79.21000000000001,39.87,2.04,2442309632.0
10165130143,v3-comparison-pmx-extraction-deathstarbench_social_network--colocated--N--r7-34465226083,timed extraction command/children; not total deployment resources,True,82.1,56.83,2.03,1293574144.0
10165145302,v3-comparison-pmx-extraction-deathstarbench_social_network--colocated--N--r8-34465226083,timed extraction command/children; not total deployment resources,True,87.28,65.91,2.82,2131173376.0
10165146809,v3-comparison-pmx-extraction-deathstarbench_social_network--colocated--N--r9-34465226083,timed extraction command/children; not total deployment resources,True,88.92,68.9,2.83,2113265664.0
10165140746,v3-comparison-pmx-extraction-deathstarbench_social_network--colocated--NC--r0-34465226083,timed extraction command/children; not total deployment resources,True,86.25,65.47,2.87,2027532288.0
10165147749,v3-comparison-pmx-extraction-deathstarbench_social_network--colocated--NC--r1-34465226083,timed extraction command/children; not total deployment resources,True,91.71000000000001,79.09,3.11,1635459072.0
10165145063,v3-comparison-pmx-extraction-deathstarbench_social_network--colocated--NC--r2-34465226083,timed extraction command/children; not total deployment resources,True,89.13,68.52,2.81,2073391104.0
10165142868,v3-comparison-pmx-extraction-deathstarbench_social_network--colocated--NC--r3-34465226083,timed extraction command/children; not total deployment resources,True,87.1,67.15,2.78,1946054656.0
10165142973,v3-comparison-pmx-extraction-deathstarbench_social_network--colocated--NC--r4-34465226083,timed extraction command/children; not total deployment resources,True,83.21000000000001,51.21,2.54,2426187776.0
10165152416,v3-comparison-pmx-extraction-deathstarbench_social_network--colocated--NC--r5-34465226083,timed extraction command/children; not total deployment resources,True,88.1,63.45,3.18,2079879168.0
10165138262,v3-comparison-pmx-extraction-deathstarbench_social_network--colocated--NC--r6-34465226083,timed extraction command/children; not total deployment resources,True,85.58,64.8,2.3,1431822336.0
10165145854,v3-comparison-pmx-extraction-deathstarbench_social_network--colocated--NC--r7-34465226083,timed extraction command/children; not total deployment resources,True,87.21000000000001,66.58,3.04,2088497152.0
10165144855,v3-comparison-pmx-extraction-deathstarbench_social_network--colocated--NC--r8-34465226083,timed extraction command/children; not total deployment resources,True,87.13,68.62,2.79,1981067264.0
10165138582,v3-comparison-pmx-extraction-deathstarbench_social_network--colocated--NC--r9-34465226083,timed extraction command/children; not total deployment resources,True,81.33,49.66,2.41,2003496960.0
10165237077,v3-comparison-pmx-extraction-deathstarbench_social_network--colocated--NCD--r0-34465226083,timed extraction command/children; not total deployment resources,True,88.68,69.2,2.88,1806901248.0
10165230665,v3-comparison-pmx-extraction-deathstarbench_social_network--colocated--NCD--r1-34465226083,timed extraction command/children; not total deployment resources,True,86.15,68.49,2.79,1885188096.0
10165228712,v3-comparison-pmx-extraction-deathstarbench_social_network--colocated--NCD--r2-34465226083,timed extraction command/children; not total deployment resources,True,86.33,65.38,2.79,1790255104.0
10165233389,v3-comparison-pmx-extraction-deathstarbench_social_network--colocated--NCD--r3-34465226083,timed extraction command/children; not total deployment resources,True,86.39,66.19,2.61,2148102144.0
10165235888,v3-comparison-pmx-extraction-deathstarbench_social_network--colocated--NCD--r4-34465226083,timed extraction command/children; not total deployment resources,True,86.57,62.9,3.18,2573295616.0
10165226290,v3-comparison-pmx-extraction-deathstarbench_social_network--colocated--NCD--r5-34465226083,timed extraction command/children; not total deployment resources,True,85.81,64.21,3.26,2088558592.0
10165231756,v3-comparison-pmx-extraction-deathstarbench_social_network--colocated--NCD--r6-34465226083,timed extraction command/children; not total deployment resources,True,86.08,63.39,2.75,1880207360.0
10165230752,v3-comparison-pmx-extraction-deathstarbench_social_network--colocated--NCD--r7-34465226083,timed extraction command/children; not total deployment resources,True,85.78999999999999,62.86,2.68,1962483712.0
10165232788,v3-comparison-pmx-extraction-deathstarbench_social_network--colocated--NCD--r8-34465226083,timed extraction command/children; not total deployment resources,True,87.92,69.06,2.78,1974235136.0
10165243545,v3-comparison-pmx-extraction-deathstarbench_social_network--colocated--NCD--r9-34465226083,timed extraction command/children; not total deployment resources,True,85.6,62.48,2.96,2282037248.0
10165215238,v3-comparison-pmx-extraction-deathstarbench_social_network--colocated--ND--r0-34465226083,timed extraction command/children; not total deployment resources,True,85.73,64.23,2.3,1477033984.0
10165228275,v3-comparison-pmx-extraction-deathstarbench_social_network--colocated--ND--r1-34465226083,timed extraction command/children; not total deployment resources,True,83.86,52.66,2.58,2411307008.0
10165215024,v3-comparison-pmx-extraction-deathstarbench_social_network--colocated--ND--r2-34465226083,timed extraction command/children; not total deployment resources,True,84.53,57.14,2.93,2070663168.0
10165217820,v3-comparison-pmx-extraction-deathstarbench_social_network--colocated--ND--r3-34465226083,timed extraction command/children; not total deployment resources,True,86.15,64.6,3.09,2476937216.0
10165235094,v3-comparison-pmx-extraction-deathstarbench_social_network--colocated--ND--r4-34465226083,timed extraction command/children; not total deployment resources,True,91.24,74.77,3.12,1818734592.0
10165222858,v3-comparison-pmx-extraction-deathstarbench_social_network--colocated--ND--r5-34465226083,timed extraction command/children; not total deployment resources,True,82.28,51.2,2.02,1144459264.0
10165229812,v3-comparison-pmx-extraction-deathstarbench_social_network--colocated--ND--r6-34465226083,timed extraction command/children; not total deployment resources,True,88.6,70.03,3.03,1706590208.0
10165230637,v3-comparison-pmx-extraction-deathstarbench_social_network--colocated--ND--r7-34465226083,timed extraction command/children; not total deployment resources,True,88.33,67.76,2.91,1934155776.0
10165224807,v3-comparison-pmx-extraction-deathstarbench_social_network--colocated--ND--r8-34465226083,timed extraction command/children; not total deployment resources,True,82.43,50.64,2.53,2089373696.0
10165228803,v3-comparison-pmx-extraction-deathstarbench_social_network--colocated--ND--r9-34465226083,timed extraction command/children; not total deployment resources,True,89.15,72.54,3.7,2589818880.0
10165300286,v3-comparison-pmx-extraction-deathstarbench_social_network--split--N--r0-34465226083,timed extraction command/children; not total deployment resources,True,87.91,68.12,2.78,2064830464.0
10165308646,v3-comparison-pmx-extraction-deathstarbench_social_network--split--N--r1-34465226083,timed extraction command/children; not total deployment resources,True,90.56,72.55,2.89,1831145472.0
10165302219,v3-comparison-pmx-extraction-deathstarbench_social_network--split--N--r2-34465226083,timed extraction command/children; not total deployment resources,True,86.27,65.35,2.73,1903235072.0
10165311484,v3-comparison-pmx-extraction-deathstarbench_social_network--split--N--r3-34465226083,timed extraction command/children; not total deployment resources,True,86.49,66.07,2.8,1888731136.0
10165313125,v3-comparison-pmx-extraction-deathstarbench_social_network--split--N--r4-34465226083,timed extraction command/children; not total deployment resources,True,87.97,64.43,3.24,2275524608.0
10165306719,v3-comparison-pmx-extraction-deathstarbench_social_network--split--N--r5-34465226083,timed extraction command/children; not total deployment resources,True,81.41,51.39,2.56,2161664000.0
10165310238,v3-comparison-pmx-extraction-deathstarbench_social_network--split--N--r6-34465226083,timed extraction command/children; not total deployment resources,True,81.74,51.78,1.92,1077796864.0
10165315545,v3-comparison-pmx-extraction-deathstarbench_social_network--split--N--r7-34465226083,timed extraction command/children; not total deployment resources,True,84.41,61.2,2.17,1420255232.0
10165311077,v3-comparison-pmx-extraction-deathstarbench_social_network--split--N--r8-34465226083,timed extraction command/children; not total deployment resources,True,81.59,50.91,2.53,2268270592.0
10165317385,v3-comparison-pmx-extraction-deathstarbench_social_network--split--N--r9-34465226083,timed extraction command/children; not total deployment resources,True,87.97,66.5,2.7,2159460352.0
10165323930,v3-comparison-pmx-extraction-deathstarbench_social_network--split--NC--r0-34465226083,timed extraction command/children; not total deployment resources,True,88.3,67.46,2.71,2013114368.0
10165314874,v3-comparison-pmx-extraction-deathstarbench_social_network--split--NC--r1-34465226083,timed extraction command/children; not total deployment resources,True,88.55,67.92,2.91,1888739328.0
10165316583,v3-comparison-pmx-extraction-deathstarbench_social_network--split--NC--r2-34465226083,timed extraction command/children; not total deployment resources,True,81.58,51.03,2.59,2201837568.0
10165313823,v3-comparison-pmx-extraction-deathstarbench_social_network--split--NC--r3-34465226083,timed extraction command/children; not total deployment resources,True,86.25,65.79,2.71,1842479104.0
10165319350,v3-comparison-pmx-extraction-deathstarbench_social_network--split--NC--r4-34465226083,timed extraction command/children; not total deployment resources,True,83.87,51.26,1.98,1242202112.0
10165323277,v3-comparison-pmx-extraction-deathstarbench_social_network--split--NC--r5-34465226083,timed extraction command/children; not total deployment resources,True,86.56,65.27,2.71,1959829504.0
10165314697,v3-comparison-pmx-extraction-deathstarbench_social_network--split--NC--r6-34465226083,timed extraction command/children; not total deployment resources,True,85.02,64.14,2.77,1946587136.0
10165319741,v3-comparison-pmx-extraction-deathstarbench_social_network--split--NC--r7-34465226083,timed extraction command/children; not total deployment resources,True,78.97,41.92,2.08,2420441088.0
10165322808,v3-comparison-pmx-extraction-deathstarbench_social_network--split--NC--r8-34465226083,timed extraction command/children; not total deployment resources,True,79.5,42.39,2.09,2211934208.0
10165327261,v3-comparison-pmx-extraction-deathstarbench_social_network--split--NC--r9-34465226083,timed extraction command/children; not total deployment resources,True,83.44,58.11,1.95,1314226176.0
10165403319,v3-comparison-pmx-extraction-deathstarbench_social_network--split--NCD--r0-34465226083,timed extraction command/children; not total deployment resources,True,87.46000000000001,66.66,2.73,2132746240.0
10165393509,v3-comparison-pmx-extraction-deathstarbench_social_network--split--NCD--r1-34465226083,timed extraction command/children; not total deployment resources,True,79.74,49.15,2.5,2471256064.0
10165411503,v3-comparison-pmx-extraction-deathstarbench_social_network--split--NCD--r2-34465226083,timed extraction command/children; not total deployment resources,True,83.65,50.04,2.54,2156474368.0
10165397552,v3-comparison-pmx-extraction-deathstarbench_social_network--split--NCD--r3-34465226083,timed extraction command/children; not total deployment resources,True,82.7,56.04,2.05,1272995840.0
10165408047,v3-comparison-pmx-extraction-deathstarbench_social_network--split--NCD--r4-34465226083,timed extraction command/children; not total deployment resources,True,87.59,69.43,2.76,2064707584.0
10165409417,v3-comparison-pmx-extraction-deathstarbench_social_network--split--NCD--r5-34465226083,timed extraction command/children; not total deployment resources,True,87.25,66.43,2.81,1926365184.0
10165412075,v3-comparison-pmx-extraction-deathstarbench_social_network--split--NCD--r6-34465226083,timed extraction command/children; not total deployment resources,True,86.27,66.21,2.7,2031480832.0
10165415111,v3-comparison-pmx-extraction-deathstarbench_social_network--split--NCD--r7-34465226083,timed extraction command/children; not total deployment resources,True,87.0,66.52,2.76,1768050688.0
10165403621,v3-comparison-pmx-extraction-deathstarbench_social_network--split--NCD--r8-34465226083,timed extraction command/children; not total deployment resources,True,86.27,66.65,2.72,2106621952.0
10165415785,v3-comparison-pmx-extraction-deathstarbench_social_network--split--NCD--r9-34465226083,timed extraction command/children; not total deployment resources,True,84.66,60.13,2.25,1237602304.0
10165384487,v3-comparison-pmx-extraction-deathstarbench_social_network--split--ND--r0-34465226083,timed extraction command/children; not total deployment resources,True,88.37,68.52,2.72,1839128576.0
10165389209,v3-comparison-pmx-extraction-deathstarbench_social_network--split--ND--r1-34465226083,timed extraction command/children; not total deployment resources,True,87.6,66.59,2.73,2352807936.0
10165393709,v3-comparison-pmx-extraction-deathstarbench_social_network--split--ND--r2-34465226083,timed extraction command/children; not total deployment resources,True,88.51,72.37,2.54,1340809216.0
10165393896,v3-comparison-pmx-extraction-deathstarbench_social_network--split--ND--r3-34465226083,timed extraction command/children; not total deployment resources,True,86.88,64.8,3.2,2093850624.0
10165395063,v3-comparison-pmx-extraction-deathstarbench_social_network--split--ND--r4-34465226083,timed extraction command/children; not total deployment resources,True,86.46000000000001,66.8,2.82,2012504064.0
10165403477,v3-comparison-pmx-extraction-deathstarbench_social_network--split--ND--r5-34465226083,timed extraction command/children; not total deployment resources,True,87.8,65.35,2.74,2027352064.0
10165398027,v3-comparison-pmx-extraction-deathstarbench_social_network--split--ND--r6-34465226083,timed extraction command/children; not total deployment resources,True,87.2,69.56,2.83,1931214848.0
10165399661,v3-comparison-pmx-extraction-deathstarbench_social_network--split--ND--r7-34465226083,timed extraction command/children; not total deployment resources,True,87.03999999999999,64.22,3.19,2314391552.0
10165412161,v3-comparison-pmx-extraction-deathstarbench_social_network--split--ND--r8-34465226083,timed extraction command/children; not total deployment resources,True,87.99,66.28,2.92,2394869760.0
10165407582,v3-comparison-pmx-extraction-deathstarbench_social_network--split--ND--r9-34465226083,timed extraction command/children; not total deployment resources,True,87.51,64.43,3.25,2481954816.0
10165489469,v3-comparison-pmx-extraction-opentelemetry_demo--colocated--N--r0-34465226083,timed extraction command/children; not total deployment resources,True,112.1,103.42,4.55,3643899904.0
10165497053,v3-comparison-pmx-extraction-opentelemetry_demo--colocated--N--r1-34465226083,timed extraction command/children; not total deployment resources,True,117.0,116.14,3.13,1815261184.0
10165616967,v3-comparison-pmx-extraction-opentelemetry_demo--colocated--N--r2-34465226083,timed extraction command/children; not total deployment resources,True,104.35,86.78,3.68,3173838848.0
10165619733,v3-comparison-pmx-extraction-opentelemetry_demo--colocated--N--r3-34465226083,timed extraction command/children; not total deployment resources,True,114.82,111.75,3.98,3045466112.0
10165581069,v3-comparison-pmx-extraction-opentelemetry_demo--colocated--N--r4-34465226083,timed extraction command/children; not total deployment resources,True,113.99000000000001,111.68,4.01,3134078976.0
10165591089,v3-comparison-pmx-extraction-opentelemetry_demo--colocated--N--r5-34465226083,timed extraction command/children; not total deployment resources,True,115.91,114.31,3.84,3211874304.0
10165640945,v3-comparison-pmx-extraction-opentelemetry_demo--colocated--N--r6-34465226083,timed extraction command/children; not total deployment resources,True,105.86,86.46,3.57,3259416576.0
10165601370,v3-comparison-pmx-extraction-opentelemetry_demo--colocated--N--r7-34465226083,timed extraction command/children; not total deployment resources,True,118.92,123.38,4.42,2751918080.0
10165595425,v3-comparison-pmx-extraction-opentelemetry_demo--colocated--N--r8-34465226083,timed extraction command/children; not total deployment resources,True,113.43,108.87,3.74,2823192576.0
10165586592,v3-comparison-pmx-extraction-opentelemetry_demo--colocated--N--r9-34465226083,timed extraction command/children; not total deployment resources,True,105.14,87.03,3.74,3324399616.0
10165588224,v3-comparison-pmx-extraction-opentelemetry_demo--colocated--NC--r0-34465226083,timed extraction command/children; not total deployment resources,True,101.47,89.25,3.56,2508640256.0
10165610098,v3-comparison-pmx-extraction-opentelemetry_demo--colocated--NC--r1-34465226083,timed extraction command/children; not total deployment resources,True,121.89,122.5,3.21,2224279552.0
10165603307,v3-comparison-pmx-extraction-opentelemetry_demo--colocated--NC--r2-34465226083,timed extraction command/children; not total deployment resources,True,108.35,101.61,3.87,3077595136.0
10165644321,v3-comparison-pmx-extraction-opentelemetry_demo--colocated--NC--r3-34465226083,timed extraction command/children; not total deployment resources,True,107.53,102.49,2.82,1792266240.0
10165593637,v3-comparison-pmx-extraction-opentelemetry_demo--colocated--NC--r4-34465226083,timed extraction command/children; not total deployment resources,True,99.22,79.29,3.42,3344105472.0
10165598031,v3-comparison-pmx-extraction-opentelemetry_demo--colocated--NC--r5-34465226083,timed extraction command/children; not total deployment resources,True,108.5,102.22,3.81,3063205888.0
10165615102,v3-comparison-pmx-extraction-opentelemetry_demo--colocated--NC--r6-34465226083,timed extraction command/children; not total deployment resources,True,114.9,109.73,3.96,2847215616.0
10165608298,v3-comparison-pmx-extraction-opentelemetry_demo--colocated--NC--r7-34465226083,timed extraction command/children; not total deployment resources,True,106.92,98.76,3.43,2766970880.0
10165601481,v3-comparison-pmx-extraction-opentelemetry_demo--colocated--NC--r8-34465226083,timed extraction command/children; not total deployment resources,True,101.57,85.86,3.75,4070903808.0
10165643961,v3-comparison-pmx-extraction-opentelemetry_demo--colocated--NC--r9-34465226083,timed extraction command/children; not total deployment resources,True,93.36,70.54,3.08,2714353664.0
10165699610,v3-comparison-pmx-extraction-opentelemetry_demo--colocated--NCD--r0-34465226083,timed extraction command/children; not total deployment resources,True,105.9,97.17,3.61,2816061440.0
10165699291,v3-comparison-pmx-extraction-opentelemetry_demo--colocated--NCD--r1-34465226083,timed extraction command/children; not total deployment resources,True,104.41,95.25,3.57,2677219328.0
10165695485,v3-comparison-pmx-extraction-opentelemetry_demo--colocated--NCD--r2-34465226083,timed extraction command/children; not total deployment resources,True,94.22999999999999,79.56,3.31,2188840960.0
10165710799,v3-comparison-pmx-extraction-opentelemetry_demo--colocated--NCD--r3-34465226083,timed extraction command/children; not total deployment resources,True,112.47999999999999,106.62,3.82,3225247744.0
10165710163,v3-comparison-pmx-extraction-opentelemetry_demo--colocated--NCD--r4-34465226083,timed extraction command/children; not total deployment resources,True,104.33,94.38,3.5,2503159808.0
10165711049,v3-comparison-pmx-extraction-opentelemetry_demo--colocated--NCD--r5-34465226083,timed extraction command/children; not total deployment resources,True,111.13,106.44,2.96,1875554304.0
10165710720,v3-comparison-pmx-extraction-opentelemetry_demo--colocated--NCD--r6-34465226083,timed extraction command/children; not total deployment resources,True,103.42,96.63,3.57,2802610176.0
10165717924,v3-comparison-pmx-extraction-opentelemetry_demo--colocated--NCD--r7-34465226083,timed extraction command/children; not total deployment resources,True,104.35,95.21,3.64,2877767680.0
10165720579,v3-comparison-pmx-extraction-opentelemetry_demo--colocated--NCD--r8-34465226083,timed extraction command/children; not total deployment resources,True,112.55,111.66,3.02,1845739520.0
10165736733,v3-comparison-pmx-extraction-opentelemetry_demo--colocated--NCD--r9-34465226083,timed extraction command/children; not total deployment resources,True,100.50999999999999,86.43,3.44,2651004928.0
10165587726,v3-comparison-pmx-extraction-opentelemetry_demo--colocated--ND--r0-34465226083,timed extraction command/children; not total deployment resources,True,108.13,99.8,4.26,3426668544.0
10165603195,v3-comparison-pmx-extraction-opentelemetry_demo--colocated--ND--r1-34465226083,timed extraction command/children; not total deployment resources,True,109.9,104.35,3.85,2997772288.0
10165686137,v3-comparison-pmx-extraction-opentelemetry_demo--colocated--ND--r2-34465226083,timed extraction command/children; not total deployment resources,True,107.61,99.7,3.72,3311644672.0
10165689310,v3-comparison-pmx-extraction-opentelemetry_demo--colocated--ND--r3-34465226083,timed extraction command/children; not total deployment resources,True,109.09,100.16,3.82,3219988480.0
10165725193,v3-comparison-pmx-extraction-opentelemetry_demo--colocated--ND--r4-34465226083,timed extraction command/children; not total deployment resources,True,121.01,117.6,3.32,2024247296.0
10165684171,v3-comparison-pmx-extraction-opentelemetry_demo--colocated--ND--r5-34465226083,timed extraction command/children; not total deployment resources,True,107.89,101.79,2.82,2016632832.0
10165696106,v3-comparison-pmx-extraction-opentelemetry_demo--colocated--ND--r6-34465226083,timed extraction command/children; not total deployment resources,True,100.27000000000001,79.05,3.45,3415588864.0
10165690673,v3-comparison-pmx-extraction-opentelemetry_demo--colocated--ND--r7-34465226083,timed extraction command/children; not total deployment resources,True,109.25,100.31,4.2,3126317056.0
10165692259,v3-comparison-pmx-extraction-opentelemetry_demo--colocated--ND--r8-34465226083,timed extraction command/children; not total deployment resources,True,109.55,102.02,3.76,2569539584.0
10165695649,v3-comparison-pmx-extraction-opentelemetry_demo--colocated--ND--r9-34465226083,timed extraction command/children; not total deployment resources,True,109.99000000000001,102.83,3.9,3078737920.0
10165741881,v3-comparison-pmx-extraction-opentelemetry_demo--split--N--r0-34465226083,timed extraction command/children; not total deployment resources,True,102.02000000000001,82.54,3.5,2715348992.0
10165747778,v3-comparison-pmx-extraction-opentelemetry_demo--split--N--r1-34465226083,timed extraction command/children; not total deployment resources,True,110.47999999999999,99.68,4.43,4141096960.0
10165797445,v3-comparison-pmx-extraction-opentelemetry_demo--split--N--r2-34465226083,timed extraction command/children; not total deployment resources,True,113.95,107.42,3.92,3047591936.0
10165783059,v3-comparison-pmx-extraction-opentelemetry_demo--split--N--r3-34465226083,timed extraction command/children; not total deployment resources,True,111.97,105.49,3.96,3232907264.0
10165795476,v3-comparison-pmx-extraction-opentelemetry_demo--split--N--r4-34465226083,timed extraction command/children; not total deployment resources,True,116.11,113.55,2.96,1971232768.0
10165795928,v3-comparison-pmx-extraction-opentelemetry_demo--split--N--r5-34465226083,timed extraction command/children; not total deployment resources,True,121.31,129.53,3.3,2052063232.0
10165790551,v3-comparison-pmx-extraction-opentelemetry_demo--split--N--r6-34465226083,timed extraction command/children; not total deployment resources,True,111.95,105.62,4.61,3280441344.0
10165795653,v3-comparison-pmx-extraction-opentelemetry_demo--split--N--r7-34465226083,timed extraction command/children; not total deployment resources,True,110.03,98.72,2.77,1653735424.0
10165798440,v3-comparison-pmx-extraction-opentelemetry_demo--split--N--r8-34465226083,timed extraction command/children; not total deployment resources,True,116.81,112.76,4.02,3097317376.0
10165802041,v3-comparison-pmx-extraction-opentelemetry_demo--split--N--r9-34465226083,timed extraction command/children; not total deployment resources,True,120.91,126.69,3.31,2013696000.0
10165793711,v3-comparison-pmx-extraction-opentelemetry_demo--split--NC--r0-34465226083,timed extraction command/children; not total deployment resources,True,102.33,97.56,2.86,1561837568.0
10165795001,v3-comparison-pmx-extraction-opentelemetry_demo--split--NC--r1-34465226083,timed extraction command/children; not total deployment resources,True,91.05,62.84,2.74,3469570048.0
10165809416,v3-comparison-pmx-extraction-opentelemetry_demo--split--NC--r2-34465226083,timed extraction command/children; not total deployment resources,True,110.25,104.81,3.72,2991927296.0
10165804558,v3-comparison-pmx-extraction-opentelemetry_demo--split--NC--r3-34465226083,timed extraction command/children; not total deployment resources,True,108.97,102.75,4.58,3714863104.0
10165799302,v3-comparison-pmx-extraction-opentelemetry_demo--split--NC--r4-34465226083,timed extraction command/children; not total deployment resources,True,97.41,82.2,3.29,2552717312.0
10165806667,v3-comparison-pmx-extraction-opentelemetry_demo--split--NC--r5-34465226083,timed extraction command/children; not total deployment resources,True,107.14,97.83,3.58,2919256064.0
10165816261,v3-comparison-pmx-extraction-opentelemetry_demo--split--NC--r6-34465226083,timed extraction command/children; not total deployment resources,True,103.8,93.1,3.59,2909270016.0
10165817520,v3-comparison-pmx-extraction-opentelemetry_demo--split--NC--r7-34465226083,timed extraction command/children; not total deployment resources,True,103.16,90.35,3.34,2709045248.0
10165817981,v3-comparison-pmx-extraction-opentelemetry_demo--split--NC--r8-34465226083,timed extraction command/children; not total deployment resources,True,108.55,100.77,3.8,3112062976.0
10165834588,v3-comparison-pmx-extraction-opentelemetry_demo--split--NC--r9-34465226083,timed extraction command/children; not total deployment resources,True,112.31,105.95,3.91,3403341824.0
10165902224,v3-comparison-pmx-extraction-opentelemetry_demo--split--NCD--r0-34465226083,timed extraction command/children; not total deployment resources,True,106.78999999999999,97.83,3.8,3228483584.0
10165895367,v3-comparison-pmx-extraction-opentelemetry_demo--split--NCD--r1-34465226083,timed extraction command/children; not total deployment resources,True,104.58,94.18,3.5,3031236608.0
10165899823,v3-comparison-pmx-extraction-opentelemetry_demo--split--NCD--r2-34465226083,timed extraction command/children; not total deployment resources,True,100.47999999999999,87.17,3.26,2447372288.0
10165902840,v3-comparison-pmx-extraction-opentelemetry_demo--split--NCD--r3-34465226083,timed extraction command/children; not total deployment resources,True,108.6,99.86,3.96,3187142656.0
10165900018,v3-comparison-pmx-extraction-opentelemetry_demo--split--NCD--r4-34465226083,timed extraction command/children; not total deployment resources,True,108.16,102.76,2.86,1771196416.0
10165907170,v3-comparison-pmx-extraction-opentelemetry_demo--split--NCD--r5-34465226083,timed extraction command/children; not total deployment resources,True,100.08,80.29,3.46,3011936256.0
10165903121,v3-comparison-pmx-extraction-opentelemetry_demo--split--NCD--r6-34465226083,timed extraction command/children; not total deployment resources,True,97.22999999999999,82.26,3.96,2894422016.0
10165908843,v3-comparison-pmx-extraction-opentelemetry_demo--split--NCD--r7-34465226083,timed extraction command/children; not total deployment resources,True,100.61,79.1,3.38,3131981824.0
10165906795,v3-comparison-pmx-extraction-opentelemetry_demo--split--NCD--r8-34465226083,timed extraction command/children; not total deployment resources,True,95.78,72.34,3.2,2763661312.0
10165913367,v3-comparison-pmx-extraction-opentelemetry_demo--split--NCD--r9-34465226083,timed extraction command/children; not total deployment resources,True,85.97,55.23,2.54,2747052032.0
10165840331,v3-comparison-pmx-extraction-opentelemetry_demo--split--ND--r0-34465226083,timed extraction command/children; not total deployment resources,True,106.50999999999999,94.37,2.75,1684639744.0
10165849866,v3-comparison-pmx-extraction-opentelemetry_demo--split--ND--r1-34465226083,timed extraction command/children; not total deployment resources,True,111.63,105.07,3.82,3031113728.0
10165881840,v3-comparison-pmx-extraction-opentelemetry_demo--split--ND--r2-34465226083,timed extraction command/children; not total deployment resources,True,109.16,99.0,4.48,3102044160.0
10165890543,v3-comparison-pmx-extraction-opentelemetry_demo--split--ND--r3-34465226083,timed extraction command/children; not total deployment resources,True,111.03999999999999,105.71,3.76,3020050432.0
10165886469,v3-comparison-pmx-extraction-opentelemetry_demo--split--ND--r4-34465226083,timed extraction command/children; not total deployment resources,True,106.75999999999999,98.73,4.57,3626192896.0
10165890403,v3-comparison-pmx-extraction-opentelemetry_demo--split--ND--r5-34465226083,timed extraction command/children; not total deployment resources,True,107.09,96.42,4.36,4290318336.0
10165901557,v3-comparison-pmx-extraction-opentelemetry_demo--split--ND--r6-34465226083,timed extraction command/children; not total deployment resources,True,109.28999999999999,99.59,3.6,3504209920.0
10165892279,v3-comparison-pmx-extraction-opentelemetry_demo--split--ND--r7-34465226083,timed extraction command/children; not total deployment resources,True,110.25999999999999,104.3,3.85,3137134592.0
10165884226,v3-comparison-pmx-extraction-opentelemetry_demo--split--ND--r8-34465226083,timed extraction command/children; not total deployment resources,True,99.46000000000001,80.21,3.5,3300544512.0
10165895167,v3-comparison-pmx-extraction-opentelemetry_demo--split--ND--r9-34465226083,timed extraction command/children; not total deployment resources,True,111.43,106.86,3.71,2913800192.0
10165933620,v3-comparison-pmx-extraction-spring_petclinic_microservices--colocated--N--r0-34465226083,timed extraction command/children; not total deployment resources,True,109.93,80.74,3.41,1460305920.0
10165949281,v3-comparison-pmx-extraction-spring_petclinic_microservices--colocated--N--r1-34465226083,timed extraction command/children; not total deployment resources,True,105.43,68.26,2.47,1064685568.0
10165982698,v3-comparison-pmx-extraction-spring_petclinic_microservices--colocated--N--r2-34465226083,timed extraction command/children; not total deployment resources,True,108.62,77.34,2.93,1084575744.0
10165986223,v3-comparison-pmx-extraction-spring_petclinic_microservices--colocated--N--r3-34465226083,timed extraction command/children; not total deployment resources,True,110.63,80.13,3.33,1473982464.0
10166002262,v3-comparison-pmx-extraction-spring_petclinic_microservices--colocated--N--r4-34465226083,timed extraction command/children; not total deployment resources,True,108.88,76.18,3.37,1712738304.0
10165987114,v3-comparison-pmx-extraction-spring_petclinic_microservices--colocated--N--r5-34465226083,timed extraction command/children; not total deployment resources,True,107.06,73.67,2.72,976064512.0
10165990525,v3-comparison-pmx-extraction-spring_petclinic_microservices--colocated--N--r6-34465226083,timed extraction command/children; not total deployment resources,True,109.96000000000001,74.61,3.74,1865535488.0
10165991815,v3-comparison-pmx-extraction-spring_petclinic_microservices--colocated--N--r7-34465226083,timed extraction command/children; not total deployment resources,True,108.67,74.49,3.87,1865404416.0
10165989920,v3-comparison-pmx-extraction-spring_petclinic_microservices--colocated--N--r8-34465226083,timed extraction command/children; not total deployment resources,True,109.87,79.89,3.96,1662226432.0
10165990046,v3-comparison-pmx-extraction-spring_petclinic_microservices--colocated--N--r9-34465226083,timed extraction command/children; not total deployment resources,True,109.95,78.29,3.37,1647804416.0
10165995800,v3-comparison-pmx-extraction-spring_petclinic_microservices--colocated--NC--r0-34465226083,timed extraction command/children; not total deployment resources,True,105.9,59.44,2.28,865435648.0
10166004270,v3-comparison-pmx-extraction-spring_petclinic_microservices--colocated--NC--r1-34465226083,timed extraction command/children; not total deployment resources,True,105.45,59.38,2.99,1500327936.0
10166008452,v3-comparison-pmx-extraction-spring_petclinic_microservices--colocated--NC--r2-34465226083,timed extraction command/children; not total deployment resources,True,109.6,78.6,3.27,1469960192.0
10166005154,v3-comparison-pmx-extraction-spring_petclinic_microservices--colocated--NC--r3-34465226083,timed extraction command/children; not total deployment resources,True,109.50999999999999,79.75,3.47,1644044288.0
10165988017,v3-comparison-pmx-extraction-spring_petclinic_microservices--colocated--NC--r4-34465226083,timed extraction command/children; not total deployment resources,True,96.9,44.43,2.29,1839968256.0
10166006334,v3-comparison-pmx-extraction-spring_petclinic_microservices--colocated--NC--r5-34465226083,timed extraction command/children; not total deployment resources,True,110.24000000000001,79.79,3.28,1641504768.0
10166004088,v3-comparison-pmx-extraction-spring_petclinic_microservices--colocated--NC--r6-34465226083,timed extraction command/children; not total deployment resources,True,110.84,84.28,3.35,1325502464.0
10166010864,v3-comparison-pmx-extraction-spring_petclinic_microservices--colocated--NC--r7-34465226083,timed extraction command/children; not total deployment resources,True,109.15,77.43,2.84,1105633280.0
10166003324,v3-comparison-pmx-extraction-spring_petclinic_microservices--colocated--NC--r8-34465226083,timed extraction command/children; not total deployment resources,True,106.08,67.85,2.42,930328576.0
10166009645,v3-comparison-pmx-extraction-spring_petclinic_microservices--colocated--NC--r9-34465226083,timed extraction command/children; not total deployment resources,True,109.66,79.18,3.95,1681121280.0
10166097064,v3-comparison-pmx-extraction-spring_petclinic_microservices--colocated--NCD--r0-34465226083,timed extraction command/children; not total deployment resources,True,111.37,81.3,3.49,1515569152.0
10166101419,v3-comparison-pmx-extraction-spring_petclinic_microservices--colocated--NCD--r1-34465226083,timed extraction command/children; not total deployment resources,True,108.9,78.26,4.0,1695653888.0
10166115948,v3-comparison-pmx-extraction-spring_petclinic_microservices--colocated--NCD--r2-34465226083,timed extraction command/children; not total deployment resources,True,109.50999999999999,76.16,3.81,1669406720.0
10166102834,v3-comparison-pmx-extraction-spring_petclinic_microservices--colocated--NCD--r3-34465226083,timed extraction command/children; not total deployment resources,True,109.78,77.34,3.24,1522761728.0
10166108401,v3-comparison-pmx-extraction-spring_petclinic_microservices--colocated--NCD--r4-34465226083,timed extraction command/children; not total deployment resources,True,111.12,79.05,3.19,1391439872.0
10166108423,v3-comparison-pmx-extraction-spring_petclinic_microservices--colocated--NCD--r5-34465226083,timed extraction command/children; not total deployment resources,True,109.78999999999999,74.29,3.74,1862250496.0
10166102450,v3-comparison-pmx-extraction-spring_petclinic_microservices--colocated--NCD--r6-34465226083,timed extraction command/children; not total deployment resources,True,109.0,78.41,3.31,1452720128.0
10166114184,v3-comparison-pmx-extraction-spring_petclinic_microservices--colocated--NCD--r7-34465226083,timed extraction command/children; not total deployment resources,True,109.75,81.23,3.34,1484451840.0
10166105252,v3-comparison-pmx-extraction-spring_petclinic_microservices--colocated--NCD--r8-34465226083,timed extraction command/children; not total deployment resources,True,109.19,79.6,3.35,1546661888.0
10166109152,v3-comparison-pmx-extraction-spring_petclinic_microservices--colocated--NCD--r9-34465226083,timed extraction command/children; not total deployment resources,True,109.67,78.38,3.23,1670303744.0
10166027263,v3-comparison-pmx-extraction-spring_petclinic_microservices--colocated--ND--r0-34465226083,timed extraction command/children; not total deployment resources,True,105.5,70.25,2.52,944611328.0
10166048797,v3-comparison-pmx-extraction-spring_petclinic_microservices--colocated--ND--r1-34465226083,timed extraction command/children; not total deployment resources,True,105.07,67.41,2.36,1101434880.0
10166082267,v3-comparison-pmx-extraction-spring_petclinic_microservices--colocated--ND--r2-34465226083,timed extraction command/children; not total deployment resources,True,109.49000000000001,80.21,2.78,1182203904.0
10166087139,v3-comparison-pmx-extraction-spring_petclinic_microservices--colocated--ND--r3-34465226083,timed extraction command/children; not total deployment resources,True,109.49000000000001,77.84,3.36,1710080000.0
10166090063,v3-comparison-pmx-extraction-spring_petclinic_microservices--colocated--ND--r4-34465226083,timed extraction command/children; not total deployment resources,True,108.78,76.23,3.18,1551085568.0
10166080434,v3-comparison-pmx-extraction-spring_petclinic_microservices--colocated--ND--r5-34465226083,timed extraction command/children; not total deployment resources,True,104.11,66.47,2.42,1067053056.0
10166085758,v3-comparison-pmx-extraction-spring_petclinic_microservices--colocated--ND--r6-34465226083,timed extraction command/children; not total deployment resources,True,110.38,80.66,3.44,1315655680.0
10166082259,v3-comparison-pmx-extraction-spring_petclinic_microservices--colocated--ND--r7-34465226083,timed extraction command/children; not total deployment resources,True,104.41,66.54,2.36,897880064.0
10166093477,v3-comparison-pmx-extraction-spring_petclinic_microservices--colocated--ND--r8-34465226083,timed extraction command/children; not total deployment resources,True,109.95,76.49,3.74,1732771840.0
10166092681,v3-comparison-pmx-extraction-spring_petclinic_microservices--colocated--ND--r9-34465226083,timed extraction command/children; not total deployment resources,True,108.25999999999999,74.07,3.86,1971449856.0
10166130471,v3-comparison-pmx-extraction-spring_petclinic_microservices--split--N--r0-34465226083,timed extraction command/children; not total deployment resources,True,105.85,63.27,2.45,968556544.0
10166153119,v3-comparison-pmx-extraction-spring_petclinic_microservices--split--N--r1-34465226083,timed extraction command/children; not total deployment resources,True,110.22,80.9,3.04,1122283520.0
10166179122,v3-comparison-pmx-extraction-spring_petclinic_microservices--split--N--r2-34465226083,timed extraction command/children; not total deployment resources,True,109.2,78.01,3.2,1449746432.0
10166187458,v3-comparison-pmx-extraction-spring_petclinic_microservices--split--N--r3-34465226083,timed extraction command/children; not total deployment resources,True,110.16,80.99,3.52,1635291136.0
10166174027,v3-comparison-pmx-extraction-spring_petclinic_microservices--split--N--r4-34465226083,timed extraction command/children; not total deployment resources,True,98.15,45.26,2.33,2015670272.0
10166184406,v3-comparison-pmx-extraction-spring_petclinic_microservices--split--N--r5-34465226083,timed extraction command/children; not total deployment resources,True,110.83,80.71,3.48,1501872128.0
10166180497,v3-comparison-pmx-extraction-spring_petclinic_microservices--split--N--r6-34465226083,timed extraction command/children; not total deployment resources,True,108.78999999999999,78.97,3.36,1558704128.0
10166216095,v3-comparison-pmx-extraction-spring_petclinic_microservices--split--N--r7-34465226083,timed extraction command/children; not total deployment resources,True,109.13,78.14,3.3,1592438784.0
10166194965,v3-comparison-pmx-extraction-spring_petclinic_microservices--split--N--r8-34465226083,timed extraction command/children; not total deployment resources,True,110.36,80.56,3.37,1478373376.0
10166187039,v3-comparison-pmx-extraction-spring_petclinic_microservices--split--N--r9-34465226083,timed extraction command/children; not total deployment resources,True,104.92,60.47,3.15,1771057152.0
10166198022,v3-comparison-pmx-extraction-spring_petclinic_microservices--split--NC--r0-34465226083,timed extraction command/children; not total deployment resources,True,105.05,60.12,2.3,983261184.0
10166201366,v3-comparison-pmx-extraction-spring_petclinic_microservices--split--NC--r1-34465226083,timed extraction command/children; not total deployment resources,True,109.19,75.69,3.77,1949138944.0
10166205341,v3-comparison-pmx-extraction-spring_petclinic_microservices--split--NC--r2-34465226083,timed extraction command/children; not total deployment resources,True,109.38,77.44,2.57,1078026240.0
10166205675,v3-comparison-pmx-extraction-spring_petclinic_microservices--split--NC--r3-34465226083,timed extraction command/children; not total deployment resources,True,108.84,76.13,3.98,1890779136.0
10166206590,v3-comparison-pmx-extraction-spring_petclinic_microservices--split--NC--r4-34465226083,timed extraction command/children; not total deployment resources,True,108.66,75.36,3.2,1535209472.0
10166202697,v3-comparison-pmx-extraction-spring_petclinic_microservices--split--NC--r5-34465226083,timed extraction command/children; not total deployment resources,True,104.9,68.58,2.57,1089867776.0
10166211306,v3-comparison-pmx-extraction-spring_petclinic_microservices--split--NC--r6-34465226083,timed extraction command/children; not total deployment resources,True,109.02000000000001,75.58,3.25,1867661312.0
10166212321,v3-comparison-pmx-extraction-spring_petclinic_microservices--split--NC--r7-34465226083,timed extraction command/children; not total deployment resources,True,111.18,81.54,3.38,1428500480.0
10166213113,v3-comparison-pmx-extraction-spring_petclinic_microservices--split--NC--r8-34465226083,timed extraction command/children; not total deployment resources,True,109.65,78.18,3.21,1736646656.0
10166208190,v3-comparison-pmx-extraction-spring_petclinic_microservices--split--NC--r9-34465226083,timed extraction command/children; not total deployment resources,True,105.42,62.05,3.06,1563914240.0
10166300204,v3-comparison-pmx-extraction-spring_petclinic_microservices--split--NCD--r0-34465226083,timed extraction command/children; not total deployment resources,True,109.63,77.07,3.84,1827586048.0
10166295849,v3-comparison-pmx-extraction-spring_petclinic_microservices--split--NCD--r1-34465226083,timed extraction command/children; not total deployment resources,True,104.44,59.73,3.11,1697349632.0
10166302768,v3-comparison-pmx-extraction-spring_petclinic_microservices--split--NCD--r2-34465226083,timed extraction command/children; not total deployment resources,True,109.42,78.31,3.36,1513689088.0
10166309180,v3-comparison-pmx-extraction-spring_petclinic_microservices--split--NCD--r3-34465226083,timed extraction command/children; not total deployment resources,True,109.49000000000001,75.56,3.84,1883971584.0
10166307381,v3-comparison-pmx-extraction-spring_petclinic_microservices--split--NCD--r4-34465226083,timed extraction command/children; not total deployment resources,True,108.84,80.27,3.47,1514184704.0
10166311737,v3-comparison-pmx-extraction-spring_petclinic_microservices--split--NCD--r5-34465226083,timed extraction command/children; not total deployment resources,True,109.11,77.71,3.29,1612341248.0
10166328256,v3-comparison-pmx-extraction-spring_petclinic_microservices--split--NCD--r6-34465226083,timed extraction command/children; not total deployment resources,True,111.89,77.52,3.25,1498918912.0
10166305601,v3-comparison-pmx-extraction-spring_petclinic_microservices--split--NCD--r7-34465226083,timed extraction command/children; not total deployment resources,True,103.3,65.69,2.38,907247616.0
10166317106,v3-comparison-pmx-extraction-spring_petclinic_microservices--split--NCD--r8-34465226083,timed extraction command/children; not total deployment resources,True,109.84,78.61,3.37,1600749568.0
10166320481,v3-comparison-pmx-extraction-spring_petclinic_microservices--split--NCD--r9-34465226083,timed extraction command/children; not total deployment resources,True,109.62,78.09,3.24,1645191168.0
10166235833,v3-comparison-pmx-extraction-spring_petclinic_microservices--split--ND--r0-34465226083,timed extraction command/children; not total deployment resources,True,108.50999999999999,74.79,3.77,2045161472.0
10166251514,v3-comparison-pmx-extraction-spring_petclinic_microservices--split--ND--r1-34465226083,timed extraction command/children; not total deployment resources,True,109.22,77.2,3.92,1704251392.0
10166274898,v3-comparison-pmx-extraction-spring_petclinic_microservices--split--ND--r2-34465226083,timed extraction command/children; not total deployment resources,True,107.33,69.66,2.59,1053974528.0
10166284885,v3-comparison-pmx-extraction-spring_petclinic_microservices--split--ND--r3-34465226083,timed extraction command/children; not total deployment resources,True,109.4,78.12,2.81,1069752320.0
10166282214,v3-comparison-pmx-extraction-spring_petclinic_microservices--split--ND--r4-34465226083,timed extraction command/children; not total deployment resources,True,109.46000000000001,74.36,2.75,1077374976.0
10166281444,v3-comparison-pmx-extraction-spring_petclinic_microservices--split--ND--r5-34465226083,timed extraction command/children; not total deployment resources,True,105.75999999999999,63.8,3.25,1462566912.0
10166288823,v3-comparison-pmx-extraction-spring_petclinic_microservices--split--ND--r6-34465226083,timed extraction command/children; not total deployment resources,True,109.43,78.58,3.19,1598025728.0
10166291389,v3-comparison-pmx-extraction-spring_petclinic_microservices--split--ND--r7-34465226083,timed extraction command/children; not total deployment resources,True,109.55,75.16,3.76,1615224832.0
10166300373,v3-comparison-pmx-extraction-spring_petclinic_microservices--split--ND--r8-34465226083,timed extraction command/children; not total deployment resources,True,110.25999999999999,81.47,3.51,1572253696.0
10166297322,v3-comparison-pmx-extraction-spring_petclinic_microservices--split--ND--r9-34465226083,timed extraction command/children; not total deployment resources,True,110.13,78.64,3.34,1698963456.0
