case,operation,variant,source_artifact_id,source_artifact_sha256,model_id,calibration_attempts,calibration_successes,b0_exact,recorded_pmx_probability,recalculated_probability,recurrence_absolute_error,pmx_minus_b0,external_wrapper_uses_calibration_success_labels,wrapper_conditional_error_exact,empirical_subcalls_survival_exact,modeled_subcalls_survival,conditional_wrapper_identity_holds,conditional_difference_decomposition
deathstarbench_social_network--colocated--N--r0,compose_post,inclusive,10165139821,31dee21d11587afca49e004e01e7d8f1f6fcf5b908b5bf7d703c9ed396f853f1,campaign-cab5f63e4c701ae863c4--compose_post--inclusive,1200,1155,1155/1200,0.9616979166666667,0.9616979166666666,1.1102230246251565e-16,-0.0008020833333334254,True,4/109,1199/1200,0.9991666666666666,True,0.0
deathstarbench_social_network--colocated--N--r0,compose_post,conditional_local,10165139821,31dee21d11587afca49e004e01e7d8f1f6fcf5b908b5bf7d703c9ed396f853f1,campaign-cab5f63e4c701ae863c4--compose_post--conditional_local,1200,1155,1155/1200,0.9625,0.9624999999999999,1.1102230246251565e-16,-1.1102230246251565e-16,True,4/109,1199/1200,0.9991666666666666,True,0.0
deathstarbench_social_network--colocated--N--r0,read_home_timeline,inclusive,10165139821,31dee21d11587afca49e004e01e7d8f1f6fcf5b908b5bf7d703c9ed396f853f1,campaign-cab5f63e4c701ae863c4--read_home_timeline--inclusive,1200,1200,1200/1200,1.0,1.0,0.0,0.0,True,0,1,1.0,True,0.0
deathstarbench_social_network--colocated--N--r0,read_home_timeline,conditional_local,10165139821,31dee21d11587afca49e004e01e7d8f1f6fcf5b908b5bf7d703c9ed396f853f1,campaign-cab5f63e4c701ae863c4--read_home_timeline--conditional_local,1200,1200,1200/1200,1.0,1.0,0.0,0.0,True,0,1,1.0,True,0.0
deathstarbench_social_network--colocated--N--r0,read_user_timeline,inclusive,10165139821,31dee21d11587afca49e004e01e7d8f1f6fcf5b908b5bf7d703c9ed396f853f1,campaign-cab5f63e4c701ae863c4--read_user_timeline--inclusive,1200,1114,1114/1200,0.9283333333333333,0.9283333333333333,0.0,0.0,True,43/600,1,1.0,True,0.0
deathstarbench_social_network--colocated--N--r0,read_user_timeline,conditional_local,10165139821,31dee21d11587afca49e004e01e7d8f1f6fcf5b908b5bf7d703c9ed396f853f1,campaign-cab5f63e4c701ae863c4--read_user_timeline--conditional_local,1200,1114,1114/1200,0.9283333333333333,0.9283333333333333,0.0,0.0,True,43/600,1,1.0,True,0.0
deathstarbench_social_network--split--NC--r1,compose_post,inclusive,10165314874,fab96e26fa6e0a945fcabea8779c54326578af87dfcdc427280c75c5ccb91480,campaign-3a8b5bdde23528b322d8--compose_post--inclusive,1200,1057,1057/1200,0.8272493055555556,0.8272493055555556,0.0,-0.05358402777777771,True,10/161,1127/1200,0.9391666666666667,True,0.0
deathstarbench_social_network--split--NC--r1,compose_post,conditional_local,10165314874,fab96e26fa6e0a945fcabea8779c54326578af87dfcdc427280c75c5ccb91480,campaign-3a8b5bdde23528b322d8--compose_post--conditional_local,1200,1057,1057/1200,0.8808333333333334,0.8808333333333334,0.0,0.0,True,10/161,1127/1200,0.9391666666666667,True,0.0
deathstarbench_social_network--split--NC--r1,read_home_timeline,inclusive,10165314874,fab96e26fa6e0a945fcabea8779c54326578af87dfcdc427280c75c5ccb91480,campaign-3a8b5bdde23528b322d8--read_home_timeline--inclusive,1200,1200,1200/1200,1.0,1.0,0.0,0.0,True,0,1,1.0,True,0.0
deathstarbench_social_network--split--NC--r1,read_home_timeline,conditional_local,10165314874,fab96e26fa6e0a945fcabea8779c54326578af87dfcdc427280c75c5ccb91480,campaign-3a8b5bdde23528b322d8--read_home_timeline--conditional_local,1200,1200,1200/1200,1.0,1.0,0.0,0.0,True,0,1,1.0,True,0.0
deathstarbench_social_network--split--NC--r1,read_user_timeline,inclusive,10165314874,fab96e26fa6e0a945fcabea8779c54326578af87dfcdc427280c75c5ccb91480,campaign-3a8b5bdde23528b322d8--read_user_timeline--inclusive,1200,1002,1002/1200,0.7730708333333333,0.7730708333333334,1.1102230246251565e-16,-0.06192916666666659,True,109/1111,1111/1200,0.9258333333333334,True,1.0012992535323195e-16
deathstarbench_social_network--split--NC--r1,read_user_timeline,conditional_local,10165314874,fab96e26fa6e0a945fcabea8779c54326578af87dfcdc427280c75c5ccb91480,campaign-3a8b5bdde23528b322d8--read_user_timeline--conditional_local,1200,1002,1002/1200,0.835,0.8350000000000001,1.1102230246251565e-16,1.1102230246251565e-16,True,109/1111,1111/1200,0.9258333333333334,True,1.0012992535323195e-16
opentelemetry_demo--colocated--N--r0,add_to_cart,inclusive,10165489469,9605704f67409030345dd61193ecaa934e4d216987e50af4c645de0b3aca0f7e,campaign-b0daa1075b87448c0a64--add_to_cart--inclusive,1200,1101,1101/1200,0.84180625,0.8418062500000001,1.1102230246251565e-16,-0.0756937499999999,True,0,367/400,0.9175,True,0.0
opentelemetry_demo--colocated--N--r0,add_to_cart,conditional_local,10165489469,9605704f67409030345dd61193ecaa934e4d216987e50af4c645de0b3aca0f7e,campaign-b0daa1075b87448c0a64--add_to_cart--conditional_local,1200,1101,1101/1200,0.9175,0.9175,0.0,0.0,True,0,367/400,0.9175,True,0.0
opentelemetry_demo--colocated--N--r0,browse_product,inclusive,10165489469,9605704f67409030345dd61193ecaa934e4d216987e50af4c645de0b3aca0f7e,campaign-b0daa1075b87448c0a64--browse_product--inclusive,1200,1087,1087/1200,0.8212888888888888,0.8212888888888888,0.0,-0.08454444444444453,True,1/1088,68/75,0.9066666666666666,True,0.0
opentelemetry_demo--colocated--N--r0,browse_product,conditional_local,10165489469,9605704f67409030345dd61193ecaa934e4d216987e50af4c645de0b3aca0f7e,campaign-b0daa1075b87448c0a64--browse_product--conditional_local,1200,1087,1087/1200,0.9058333333333333,0.9058333333333333,0.0,-1.1102230246251565e-16,True,1/1088,68/75,0.9066666666666666,True,0.0
opentelemetry_demo--colocated--N--r0,checkout,inclusive,10165489469,9605704f67409030345dd61193ecaa934e4d216987e50af4c645de0b3aca0f7e,campaign-b0daa1075b87448c0a64--checkout--inclusive,1200,906,906/1200,0.5816446474884258,0.5816446474884258,0.0,-0.1733553525115742,True,1/907,907/1200,0.770390261574074,True,0.014540878705745315
opentelemetry_demo--colocated--N--r0,checkout,conditional_local,10165489469,9605704f67409030345dd61193ecaa934e4d216987e50af4c645de0b3aca0f7e,campaign-b0daa1075b87448c0a64--checkout--conditional_local,1200,906,906/1200,0.7695408787057453,0.7695408787057453,0.0,0.014540878705745275,True,1/907,907/1200,0.770390261574074,True,0.014540878705745315
opentelemetry_demo--split--ND--r2,add_to_cart,inclusive,10165881840,b1c533a1b68965704d1778ec91516648eed8ca39021a983900a9c3b461c88248,campaign-f66b16be226e282f154d--add_to_cart--inclusive,1200,995,995/1200,0.6875173611111111,0.6875173611111111,0.0,-0.14164930555555566,True,0,199/240,0.8291666666666666,True,-1.1102230246251565e-16
opentelemetry_demo--split--ND--r2,add_to_cart,conditional_local,10165881840,b1c533a1b68965704d1778ec91516648eed8ca39021a983900a9c3b461c88248,campaign-f66b16be226e282f154d--add_to_cart--conditional_local,1200,995,995/1200,0.8291666666666666,0.8291666666666666,0.0,-1.1102230246251565e-16,True,0,199/240,0.8291666666666666,True,-1.1102230246251565e-16
opentelemetry_demo--split--ND--r2,browse_product,inclusive,10165881840,b1c533a1b68965704d1778ec91516648eed8ca39021a983900a9c3b461c88248,campaign-f66b16be226e282f154d--browse_product--inclusive,1200,1007,1007/1200,0.7042006944444443,0.7042006944444444,1.1102230246251565e-16,-0.13496597222222217,True,0,1007/1200,0.8391666666666667,True,1.1102230246251565e-16
opentelemetry_demo--split--ND--r2,browse_product,conditional_local,10165881840,b1c533a1b68965704d1778ec91516648eed8ca39021a983900a9c3b461c88248,campaign-f66b16be226e282f154d--browse_product--conditional_local,1200,1007,1007/1200,0.8391666666666666,0.8391666666666667,1.1102230246251565e-16,1.1102230246251565e-16,True,0,1007/1200,0.8391666666666667,True,1.1102230246251565e-16
opentelemetry_demo--split--ND--r2,checkout,inclusive,10165881840,b1c533a1b68965704d1778ec91516648eed8ca39021a983900a9c3b461c88248,campaign-f66b16be226e282f154d--checkout--inclusive,1200,744,744/1200,0.40705217361111107,0.4070521736111111,5.551115123125783e-17,-0.21294782638888887,True,1/745,149/240,0.6565357638888889,True,0.03565450782997763
opentelemetry_demo--split--ND--r2,checkout,conditional_local,10165881840,b1c533a1b68965704d1778ec91516648eed8ca39021a983900a9c3b461c88248,campaign-f66b16be226e282f154d--checkout--conditional_local,1200,744,744/1200,0.6556545078299776,0.6556545078299777,1.1102230246251565e-16,0.0356545078299777,True,1/745,149/240,0.6565357638888889,True,0.03565450782997763
spring_petclinic_microservices--colocated--N--r0,create_visit,inclusive,10165933620,826c8674273e914c7d37c731622edc80043e318590fcf509326629bc5257e474,campaign-b045da6f9433a58d8a16--create_visit--inclusive,900,857,857/900,0.9321197530864197,0.9321197530864198,1.1102230246251565e-16,-0.02010246913580238,True,24/881,881/900,0.9788888888888889,True,0.0
spring_petclinic_microservices--colocated--N--r0,create_visit,conditional_local,10165933620,826c8674273e914c7d37c731622edc80043e318590fcf509326629bc5257e474,campaign-b045da6f9433a58d8a16--create_visit--conditional_local,900,857,857/900,0.9522222222222223,0.9522222222222223,0.0,1.1102230246251565e-16,True,24/881,881/900,0.9788888888888889,True,0.0
spring_petclinic_microservices--colocated--N--r0,list_owners,inclusive,10165933620,826c8674273e914c7d37c731622edc80043e318590fcf509326629bc5257e474,campaign-b045da6f9433a58d8a16--list_owners--inclusive,900,900,900/900,1.0,1.0,0.0,0.0,True,0,1,1.0,True,0.0
spring_petclinic_microservices--colocated--N--r0,list_owners,conditional_local,10165933620,826c8674273e914c7d37c731622edc80043e318590fcf509326629bc5257e474,campaign-b045da6f9433a58d8a16--list_owners--conditional_local,900,900,900/900,1.0,1.0,0.0,0.0,True,0,1,1.0,True,0.0
spring_petclinic_microservices--colocated--N--r0,list_vets,inclusive,10165933620,826c8674273e914c7d37c731622edc80043e318590fcf509326629bc5257e474,campaign-b045da6f9433a58d8a16--list_vets--inclusive,900,900,900/900,1.0,1.0,0.0,0.0,True,0,1,1.0,True,0.0
spring_petclinic_microservices--colocated--N--r0,list_vets,conditional_local,10165933620,826c8674273e914c7d37c731622edc80043e318590fcf509326629bc5257e474,campaign-b045da6f9433a58d8a16--list_vets--conditional_local,900,900,900/900,1.0,1.0,0.0,0.0,True,0,1,1.0,True,0.0
spring_petclinic_microservices--colocated--N--r0,owner_details_with_visits,inclusive,10165933620,826c8674273e914c7d37c731622edc80043e318590fcf509326629bc5257e474,campaign-b045da6f9433a58d8a16--owner_details_with_visits--inclusive,900,848,848/900,0.9422222222222222,0.9422222222222222,0.0,0.0,True,13/225,1,1.0,True,0.0
spring_petclinic_microservices--colocated--N--r0,owner_details_with_visits,conditional_local,10165933620,826c8674273e914c7d37c731622edc80043e318590fcf509326629bc5257e474,campaign-b045da6f9433a58d8a16--owner_details_with_visits--conditional_local,900,848,848/900,0.9422222222222222,0.9422222222222222,0.0,0.0,True,13/225,1,1.0,True,0.0
spring_petclinic_microservices--colocated--NCD--r4,create_visit,inclusive,10166108401,f95174db121ac8a8fb98a78c27733567bd8f70b71312f866f0f2a465bea46216,campaign-0a0b5761fe563508c968--create_visit--inclusive,900,730,730/900,0.6801276817558299,0.68012768175583,1.1102230246251565e-16,-0.13098342935528107,True,23/753,251/300,0.8385135802469137,True,0.0017905005492434617
spring_petclinic_microservices--colocated--NCD--r4,create_visit,conditional_local,10166108401,f95174db121ac8a8fb98a78c27733567bd8f70b71312f866f0f2a465bea46216,campaign-0a0b5761fe563508c968--create_visit--conditional_local,900,730,730/900,0.8129016116603545,0.8129016116603546,1.1102230246251565e-16,0.0017905005492434567,True,23/753,251/300,0.8385135802469137,True,0.0017905005492434617
spring_petclinic_microservices--colocated--NCD--r4,list_owners,inclusive,10166108401,f95174db121ac8a8fb98a78c27733567bd8f70b71312f866f0f2a465bea46216,campaign-0a0b5761fe563508c968--list_owners--inclusive,900,900,900/900,1.0,1.0,0.0,0.0,True,0,1,1.0,True,0.0
spring_petclinic_microservices--colocated--NCD--r4,list_owners,conditional_local,10166108401,f95174db121ac8a8fb98a78c27733567bd8f70b71312f866f0f2a465bea46216,campaign-0a0b5761fe563508c968--list_owners--conditional_local,900,900,900/900,1.0,1.0,0.0,0.0,True,0,1,1.0,True,0.0
spring_petclinic_microservices--colocated--NCD--r4,list_vets,inclusive,10166108401,f95174db121ac8a8fb98a78c27733567bd8f70b71312f866f0f2a465bea46216,campaign-0a0b5761fe563508c968--list_vets--inclusive,900,900,900/900,1.0,1.0,0.0,0.0,True,0,1,1.0,True,0.0
spring_petclinic_microservices--colocated--NCD--r4,list_vets,conditional_local,10166108401,f95174db121ac8a8fb98a78c27733567bd8f70b71312f866f0f2a465bea46216,campaign-0a0b5761fe563508c968--list_vets--conditional_local,900,900,900/900,1.0,1.0,0.0,0.0,True,0,1,1.0,True,0.0
spring_petclinic_microservices--colocated--NCD--r4,owner_details_with_visits,inclusive,10166108401,f95174db121ac8a8fb98a78c27733567bd8f70b71312f866f0f2a465bea46216,campaign-0a0b5761fe563508c968--owner_details_with_visits--inclusive,900,706,706/900,0.7844444444444445,0.7844444444444444,1.1102230246251565e-16,-1.1102230246251565e-16,True,97/450,1,0.9999999999999999,True,-8.709082837615117e-17
spring_petclinic_microservices--colocated--NCD--r4,owner_details_with_visits,conditional_local,10166108401,f95174db121ac8a8fb98a78c27733567bd8f70b71312f866f0f2a465bea46216,campaign-0a0b5761fe563508c968--owner_details_with_visits--conditional_local,900,706,706/900,0.7844444444444445,0.7844444444444444,1.1102230246251565e-16,-1.1102230246251565e-16,True,97/450,1,0.9999999999999999,True,-8.709082837615117e-17
