application,operation,method,attempts,campaigns,median_absolute_error_pp,p90_absolute_error_pp,planned_campaigns,retained_conditions,standardized_mean
deathstarbench_social_network,compose_post,Gstar,0,0,,,80,0,
deathstarbench_social_network,read_home_timeline,Gstar,0,0,,,80,0,
deathstarbench_social_network,read_user_timeline,Gstar,0,0,,,80,0,
deathstarbench_social_network,compose_post,GID,0,0,,,80,0,
deathstarbench_social_network,read_home_timeline,GID,0,0,,,80,0,
deathstarbench_social_network,read_user_timeline,GID,0,0,,,80,0,
deathstarbench_social_network,compose_post,Gselected,0,0,,,80,0,
deathstarbench_social_network,read_home_timeline,Gselected,0,0,,,80,0,
deathstarbench_social_network,read_user_timeline,Gselected,0,0,,,80,0,
deathstarbench_social_network,compose_post,G_without_deadline,0,0,,,80,0,
deathstarbench_social_network,read_home_timeline,G_without_deadline,0,0,,,80,0,
deathstarbench_social_network,read_user_timeline,G_without_deadline,0,0,,,80,0,
deathstarbench_social_network,compose_post,G_without_selection,0,0,,,80,0,
deathstarbench_social_network,read_home_timeline,G_without_selection,0,0,,,80,0,
deathstarbench_social_network,read_user_timeline,G_without_selection,0,0,,,80,0,
deathstarbench_social_network,compose_post,G_without_completion,0,0,,,80,0,
deathstarbench_social_network,read_home_timeline,G_without_completion,0,0,,,80,0,
deathstarbench_social_network,read_user_timeline,G_without_completion,0,0,,,80,0,
deathstarbench_social_network,compose_post,G0,0,0,,,80,0,
deathstarbench_social_network,read_home_timeline,G0,0,0,,,80,0,
deathstarbench_social_network,read_user_timeline,G0,0,0,,,80,0,
deathstarbench_social_network,compose_post,B0,0,0,,,80,0,
deathstarbench_social_network,read_home_timeline,B0,0,0,,,80,0,
deathstarbench_social_network,read_user_timeline,B0,0,0,,,80,0,
deathstarbench_social_network,compose_post,PMX,0,0,,,80,0,
deathstarbench_social_network,read_home_timeline,PMX,0,0,,,80,0,
deathstarbench_social_network,read_user_timeline,PMX,0,0,,,80,0,
deathstarbench_social_network,compose_post,PMX_inclusive,0,0,,,80,0,
deathstarbench_social_network,read_home_timeline,PMX_inclusive,0,0,,,80,0,
deathstarbench_social_network,read_user_timeline,PMX_inclusive,0,0,,,80,0,
opentelemetry_demo,add_to_cart,Gstar,0,0,,,80,0,
opentelemetry_demo,browse_product,Gstar,0,0,,,80,0,
opentelemetry_demo,checkout,Gstar,0,0,,,80,0,
opentelemetry_demo,add_to_cart,GID,0,0,,,80,0,
opentelemetry_demo,browse_product,GID,0,0,,,80,0,
opentelemetry_demo,checkout,GID,0,0,,,80,0,
opentelemetry_demo,add_to_cart,Gselected,0,0,,,80,0,
opentelemetry_demo,browse_product,Gselected,0,0,,,80,0,
opentelemetry_demo,checkout,Gselected,0,0,,,80,0,
opentelemetry_demo,add_to_cart,G_without_deadline,0,0,,,80,0,
opentelemetry_demo,browse_product,G_without_deadline,0,0,,,80,0,
opentelemetry_demo,checkout,G_without_deadline,0,0,,,80,0,
opentelemetry_demo,add_to_cart,G_without_selection,0,0,,,80,0,
opentelemetry_demo,browse_product,G_without_selection,0,0,,,80,0,
opentelemetry_demo,checkout,G_without_selection,0,0,,,80,0,
opentelemetry_demo,add_to_cart,G_without_completion,0,0,,,80,0,
opentelemetry_demo,browse_product,G_without_completion,0,0,,,80,0,
opentelemetry_demo,checkout,G_without_completion,0,0,,,80,0,
opentelemetry_demo,add_to_cart,G0,0,0,,,80,0,
opentelemetry_demo,browse_product,G0,0,0,,,80,0,
opentelemetry_demo,checkout,G0,0,0,,,80,0,
opentelemetry_demo,add_to_cart,B0,0,0,,,80,0,
opentelemetry_demo,browse_product,B0,0,0,,,80,0,
opentelemetry_demo,checkout,B0,0,0,,,80,0,
opentelemetry_demo,add_to_cart,PMX,0,0,,,80,0,
opentelemetry_demo,browse_product,PMX,0,0,,,80,0,
opentelemetry_demo,checkout,PMX,0,0,,,80,0,
opentelemetry_demo,add_to_cart,PMX_inclusive,0,0,,,80,0,
opentelemetry_demo,browse_product,PMX_inclusive,0,0,,,80,0,
opentelemetry_demo,checkout,PMX_inclusive,0,0,,,80,0,
spring_petclinic_microservices,create_visit,Gstar,0,0,,,80,0,
spring_petclinic_microservices,list_owners,Gstar,0,0,,,80,0,
spring_petclinic_microservices,list_vets,Gstar,0,0,,,80,0,
spring_petclinic_microservices,owner_details_with_visits,Gstar,0,0,,,80,0,
spring_petclinic_microservices,create_visit,GID,0,0,,,80,0,
spring_petclinic_microservices,list_owners,GID,0,0,,,80,0,
spring_petclinic_microservices,list_vets,GID,0,0,,,80,0,
spring_petclinic_microservices,owner_details_with_visits,GID,0,0,,,80,0,
spring_petclinic_microservices,create_visit,Gselected,0,0,,,80,0,
spring_petclinic_microservices,list_owners,Gselected,0,0,,,80,0,
spring_petclinic_microservices,list_vets,Gselected,0,0,,,80,0,
spring_petclinic_microservices,owner_details_with_visits,Gselected,0,0,,,80,0,
spring_petclinic_microservices,create_visit,G_without_deadline,0,0,,,80,0,
spring_petclinic_microservices,list_owners,G_without_deadline,0,0,,,80,0,
spring_petclinic_microservices,list_vets,G_without_deadline,0,0,,,80,0,
spring_petclinic_microservices,owner_details_with_visits,G_without_deadline,0,0,,,80,0,
spring_petclinic_microservices,create_visit,G_without_selection,0,0,,,80,0,
spring_petclinic_microservices,list_owners,G_without_selection,0,0,,,80,0,
spring_petclinic_microservices,list_vets,G_without_selection,0,0,,,80,0,
spring_petclinic_microservices,owner_details_with_visits,G_without_selection,0,0,,,80,0,
spring_petclinic_microservices,create_visit,G_without_completion,0,0,,,80,0,
spring_petclinic_microservices,list_owners,G_without_completion,0,0,,,80,0,
spring_petclinic_microservices,list_vets,G_without_completion,0,0,,,80,0,
spring_petclinic_microservices,owner_details_with_visits,G_without_completion,0,0,,,80,0,
spring_petclinic_microservices,create_visit,G0,0,0,,,80,0,
spring_petclinic_microservices,list_owners,G0,0,0,,,80,0,
spring_petclinic_microservices,list_vets,G0,0,0,,,80,0,
spring_petclinic_microservices,owner_details_with_visits,G0,0,0,,,80,0,
spring_petclinic_microservices,create_visit,B0,0,0,,,80,0,
spring_petclinic_microservices,list_owners,B0,0,0,,,80,0,
spring_petclinic_microservices,list_vets,B0,0,0,,,80,0,
spring_petclinic_microservices,owner_details_with_visits,B0,0,0,,,80,0,
spring_petclinic_microservices,create_visit,PMX,0,0,,,80,0,
spring_petclinic_microservices,list_owners,PMX,0,0,,,80,0,
spring_petclinic_microservices,list_vets,PMX,0,0,,,80,0,
spring_petclinic_microservices,owner_details_with_visits,PMX,0,0,,,80,0,
spring_petclinic_microservices,create_visit,PMX_inclusive,0,0,,,80,0,
spring_petclinic_microservices,list_owners,PMX_inclusive,0,0,,,80,0,
spring_petclinic_microservices,list_vets,PMX_inclusive,0,0,,,80,0,
spring_petclinic_microservices,owner_details_with_visits,PMX_inclusive,0,0,,,80,0,
