application,multiplier,attempts,planned_pairs,qualified_pairs,native_spans,ordinary_input_bytes,pmx_input_bytes,graph_point_operations,pmx_point_operations,graph_nodes_across_operation_models,graph_edges_across_operation_models,graph_categories_across_operation_models,pmx_models_including_controls,graph_wall_seconds_median,graph_wall_seconds_min,graph_wall_seconds_max,pmx_wall_seconds_median,pmx_wall_seconds_min,pmx_wall_seconds_max,speedup_pmx_over_graph_median,speedup_pmx_over_graph_min,speedup_pmx_over_graph_max,graph_summed_timed_command_cpu_seconds_median,graph_summed_timed_command_cpu_seconds_min,graph_summed_timed_command_cpu_seconds_max,pmx_summed_timed_command_cpu_seconds_median,pmx_summed_timed_command_cpu_seconds_min,pmx_summed_timed_command_cpu_seconds_max,graph_largest_process_peak_rss_mib_median,graph_largest_process_peak_rss_mib_min,graph_largest_process_peak_rss_mib_max,pmx_largest_process_peak_rss_mib_median,pmx_largest_process_peak_rss_mib_min,pmx_largest_process_peak_rss_mib_max,pmx_wall_minus_declared_launch_seconds_median,pmx_wall_minus_declared_launch_seconds_min,pmx_wall_minus_declared_launch_seconds_max,startup_subtracted_ratio_arithmetic_only_median,startup_subtracted_ratio_arithmetic_only_min,startup_subtracted_ratio_arithmetic_only_max
deathstarbench_social_network,1,3600,3,3,53165,36799333,36557807,3,3,18,15,10,14,2.8888308289999713,2.8387784340000053,3.114679841999987,164.375019114,163.62461327399978,177.83996823000007,57.09735101242576,56.90018863821867,57.63909268658319,3.99,3.93,4.26,232.20000000000002,231.52999999999997,243.70999999999998,204.2578125,204.2265625,206.3046875,1926.9921875,1877.36328125,2230.8046875,104.375019114,103.62461327399978,117.83996823000007,36.50324098312478,36.13054044778786,37.83373386920342
deathstarbench_social_network,2,7200,3,0,,,,,,,,,,,,,,,,,,,,,,,,,,,,,,,,,,,,
deathstarbench_social_network,4,14400,3,0,,,,,,,,,,,,,,,,,,,,,,,,,,,,,,,,,,,,
opentelemetry_demo,1,3600,3,3,106869,124400592,124158866,3,3,23,23,19,14,3.99881686599997,3.9966874860000416,4.041709179999998,184.15655655,183.55056953000008,194.12032493599997,45.90121920577131,45.56402955989033,48.57030368673613,4.98,4.92,4.98,254.8,253.6,254.9,446.4140625,443.21484375,446.75390625,1900.9296875,1853.5,2368.609375,124.15655655,123.55056953000008,134.12032493599997,30.89678114056474,30.718824888335995,33.55787146375812
opentelemetry_demo,2,7200,3,0,,,,,,,,,,,,,,,,,,,,,,,,,,,,,,,,,,,,
opentelemetry_demo,4,14400,3,0,,,,,,,,,,,,,,,,,,,,,,,,,,,,,,,,,,,,
spring_petclinic_microservices,1,3600,3,3,34888,48910205,48666279,4,4,12,9,30,16,2.1406786050001756,2.038578654000048,2.2423216509999975,171.898754134,170.84652510900014,189.21413434500005,84.32284611472045,79.80951680926718,84.38313667471263,3.0600000000000005,2.97,3.17,196.15999999999997,196.09,204.81999999999996,233.7578125,233.70703125,237.47265625,1841.15234375,1430.7890625,2338.0703125,91.898754134,90.84652510900014,109.21413434500005,45.07981772186153,42.43818987904197,48.7058287540034
spring_petclinic_microservices,2,7200,3,0,,,,,,,,,,,,,,,,,,,,,,,,,,,,,,,,,,,,
spring_petclinic_microservices,4,14400,3,0,,,,,,,,,,,,,,,,,,,,,,,,,,,,,,,,,,,,
