profile,representation,phase,method,planned,qualified,failed,total_median_ms,kernel_median_ms,cpu_median_ms,conversion_median_ms,key_check_median_ms,construction_median_ms,update_median_ms,query_including_update_median_ms,inference_median_ms,reconstructed_records,over_ours_direct,pairs_ours_direct,over_ours_prepared,pairs_ours_prepared
deathstarbench_social_network,original,initial,ours_direct,54,54,0,1.346418,1.345446,1.3516075,0.000942,0.049228,0.002464,0.0,1.2719525,1.2719525,54,,0,0.7653296086867151,18
deathstarbench_social_network,original,initial,ours_prepared,54,54,0,1.7814405,1.7805140000000002,1.7867294999999999,0.000922,0.049203,1.1993105,0.0,0.447286,0.447286,54,1.328741614779526,18,,0
deathstarbench_social_network,original,initial,cudd_fixed,54,54,0,3.4978145,3.4966325,3.503889,0.001162,0.054873,3.188473,0.0,0.5307435,0.5307435,54,3.0692346873664023,18,1.9923587295610568,18
deathstarbench_social_network,original,initial,cudd_sift,54,54,0,3.661412,3.66025,3.6680099999999998,0.001137,0.055043499999999995,3.310426,0.0,0.54223,0.54223,54,3.3007669473500765,18,2.2723382396398337,18
deathstarbench_social_network,original,initial,agrum_conditioned,54,54,0,15.5335955,15.532674,15.539534,0.000952,0.055293499999999995,5.574236,0.002605,8.5860845,8.5833645,54,10.784625184477608,18,8.283218681475194,18
deathstarbench_social_network,original,initial,agrum_joint,54,54,0,10.780903,10.779906,10.776651000000001,0.000987,0.05559,5.7059394999999995,0.00262,4.6201159999999994,4.6174865,54,9.876625672201449,18,6.562044401629072,18
deathstarbench_social_network,original,initial,storm_sparse,54,54,0,5.582915,5.581673,5.5885535,0.0012225,0.055148,3.207112,0.0024749999999999998,2.310658,2.3082035000000003,54,3.91833797841378,18,2.9754958904645505,18
deathstarbench_social_network,original,initial,storm_compact,54,54,0,4.6729195,4.671632,4.6790215,0.001217,0.0548435,3.5379895,0.0025895,1.0560019999999999,1.0533475,54,3.4442486872103473,18,2.6638765001908684,18
deathstarbench_social_network,original,repeat,ours_direct,54,54,0,1.1898685,1.1850995,1.1921495,0.0046984999999999996,0.0346855,0.0,0.0,1.13507,1.13507,0,,0,2.267876358854366,18
deathstarbench_social_network,original,repeat,ours_prepared,54,54,0,0.444516,0.4394765,0.4466135,0.004599,0.034655500000000006,0.0,0.0,0.3821435,0.3821435,0,0.47630686116404175,18,,0
deathstarbench_social_network,original,repeat,cudd_fixed,54,54,0,0.49377399999999994,0.48892,0.4959755,0.004879,0.036984,0.0,0.0,0.436466,0.436466,0,0.520211958145176,18,1.0888693525793707,18
deathstarbench_social_network,original,repeat,cudd_sift,54,54,0,0.5145824999999999,0.5097484999999999,0.5167695,0.0056355,0.037931,0.0,0.0,0.446666,0.446666,0,0.5389095962031035,18,1.1164747203760923,18
deathstarbench_social_network,original,repeat,agrum_conditioned,54,54,0,7.568503,7.5634435,7.5710635,0.0050995,0.038687,0.0,0.0025199999999999997,7.500372499999999,7.4977625,0,5.45402720805321,18,17.062091238671414,18
deathstarbench_social_network,original,repeat,agrum_joint,54,54,0,2.1493575,2.1440175000000004,2.1518305,0.0052595,0.038928000000000004,0.0,0.0026,2.0847819999999997,2.082267,0,2.340101919484753,18,4.83903197022941,18
deathstarbench_social_network,original,repeat,storm_sparse,54,54,0,2.375214,2.3685215,2.3781225,0.0053145,0.0396995,0.0,0.0029899999999999996,2.299827,2.2958845,0,1.5260113186837776,18,3.775794115633678,18
deathstarbench_social_network,original,repeat,storm_compact,54,54,0,0.88535,0.8804155,0.8692770000000001,0.0051345,0.0402755,0.0,0.0029905,0.8203130000000001,0.8171575,0,0.7451417378517078,18,1.7220504488023947,18
deathstarbench_social_network,original,counts,ours_direct,54,54,0,1.159772,1.155288,1.161773,0.0045839999999999995,0.032395999999999994,0.0,0.0,1.1073575,1.1073575,0,,0,2.267952880256071,18
deathstarbench_social_network,original,counts,ours_prepared,54,54,0,0.42544099999999996,0.420927,0.4273675,0.0045685,0.0320155,0.0,0.0,0.372631,0.372631,0,0.4749973471528669,18,,0
deathstarbench_social_network,original,counts,cudd_fixed,54,54,0,0.516332,0.511999,0.5183425,0.0045485000000000005,0.032626,0.0,0.0,0.455342,0.455342,0,0.5906149281929066,18,1.1143730132362537,18
deathstarbench_social_network,original,counts,cudd_sift,54,54,0,0.5156055,0.5110870000000001,0.5177605000000001,0.004493499999999999,0.032587,0.0,0.0,0.4633365,0.4633365,0,0.609040463655975,18,1.1296242855919036,18
deathstarbench_social_network,original,counts,agrum_conditioned,54,54,0,7.493539999999999,7.4886605,7.4961135,0.004794,0.036113,0.0,0.0021939999999999998,7.434068,7.4319685,0,5.6201603660362345,18,17.887342651107243,18
deathstarbench_social_network,original,counts,agrum_joint,54,54,0,2.1352725,2.130288,2.1377845,0.004859499999999999,0.0353315,0.0,0.0021590000000000003,2.0760009999999998,2.0738315,0,2.4016900489134043,18,5.14271302604835,18
deathstarbench_social_network,original,counts,storm_sparse,54,54,0,2.322064,2.31725,2.320676,0.0045985,0.035527,0.0,0.13722299999999998,2.2634784999999997,2.113902,0,1.6282301919944557,18,4.134532797563731,18
deathstarbench_social_network,original,counts,storm_compact,54,54,0,0.9773084999999999,0.972885,0.9798134999999999,0.0044885,0.034615,0.0,0.12903799999999999,0.9224145,0.794664,0,0.7743588784074777,18,2.034438731677735,18
deathstarbench_social_network,original,masks,ours_direct,54,54,0,1.4091055,1.408399,1.4109785,0.000731,0.035802,0.0,0.0,1.372066,1.372066,0,,0,2.694642848219679,18
deathstarbench_social_network,original,masks,ours_prepared,54,54,0,0.419454,0.418688,0.421437,0.000742,0.0302015,0.0,0.0,0.370302,0.370302,0,0.38772245400647465,18,,0
deathstarbench_social_network,original,masks,cudd_fixed,54,54,0,0.495081,0.4942595,0.4970875,0.0007765000000000001,0.037070000000000006,0.0,0.0,0.445137,0.445137,0,0.4586220239113735,18,1.187676231826054,18
deathstarbench_social_network,original,masks,cudd_sift,54,54,0,0.508251,0.5074945,0.510653,0.0007465,0.0370895,0.0,0.0,0.45802149999999997,0.45802149999999997,0,0.46276872300209804,18,1.1798623991692185,18
deathstarbench_social_network,original,masks,agrum_conditioned,54,54,0,10.127221,10.1264045,10.1227135,0.0008014999999999999,0.036643499999999996,0.0,1.643287,10.0715,8.125055,0,7.727925321536848,18,23.149005244274115,18
deathstarbench_social_network,original,masks,agrum_joint,54,54,0,6.252756,6.2519849999999995,6.2553135,0.0007314999999999999,0.035001000000000004,0.0,1.6882065000000002,6.201304,4.2323815,0,5.107046274538379,18,13.029677121167543,18
deathstarbench_social_network,original,masks,storm_sparse,54,54,0,5.6165125,5.6153655,5.619146000000001,0.0007964999999999999,0.0394995,0.0,3.181978,5.5520465,2.387356,0,4.392788563950108,18,11.430930221177988,18
deathstarbench_social_network,original,masks,storm_compact,54,54,0,5.0362025,5.0353105,5.038562499999999,0.000792,0.036759,0.0,3.8461885000000002,4.981866,1.0994875,0,3.937421397386304,18,10.294514948992436,18
deathstarbench_social_network,original,metadata,ours_direct,54,54,0,1.41381,1.4130835,1.415867,0.000751,0.030417,0.0,0.0,1.3821910000000002,1.3821910000000002,0,,0,2.8050498475831707,18
deathstarbench_social_network,original,metadata,ours_prepared,54,54,0,0.4074165,0.40659049999999997,0.409289,0.000741,0.030738,0.0,0.0,0.357918,0.357918,0,0.37529482434862704,18,,0
deathstarbench_social_network,original,metadata,cudd_fixed,54,54,0,0.47833000000000003,0.47760400000000003,0.48031100000000004,0.000751,0.030597,0.0,0.0,0.42728849999999996,0.42728849999999996,0,0.43787686905266,18,1.1592966607224762,18
deathstarbench_social_network,original,metadata,cudd_sift,54,54,0,0.54783,0.5470885000000001,0.549841,0.000741,0.030442,0.0,0.0,0.485408,0.485408,0,0.44880228492685953,18,1.1687943844185154,18
deathstarbench_social_network,original,metadata,agrum_conditioned,54,54,0,7.5051120000000004,7.504251,7.507485000000001,0.000862,0.0358125,0.0,0.0021089999999999998,7.449547,7.447483,0,5.660655652815157,18,18.071543345193547,18
deathstarbench_social_network,original,metadata,agrum_joint,54,54,0,2.118054,2.1171474999999997,2.120467,0.000852,0.0354515,0.0,0.0020930000000000002,2.0645635,2.0624645,0,2.120965716375016,18,5.222479397719413,18
deathstarbench_social_network,original,metadata,storm_sparse,54,54,0,2.482185,2.481298,2.484501,0.0008665000000000001,0.0341345,0.0,0.002134,2.4305985,2.4285,0,1.5542163700140028,18,4.952521390300268,18
deathstarbench_social_network,original,metadata,storm_compact,54,54,0,1.0909575,1.090006,1.0934105,0.000862,0.0348605,0.0,0.0020435,1.0544835,1.05236,0,0.8965951217669833,18,2.2879185384206053,18
deathstarbench_social_network,original,structure,ours_direct,54,54,0,1.4724925,1.4717765,1.474652,0.000711,0.033473,0.000942,0.0,1.421827,1.421827,54,,0,0.8516676821961898,18
deathstarbench_social_network,original,structure,ours_prepared,54,54,0,1.6098335000000001,1.6091475,1.611968,0.0007115,0.0341445,1.124003,0.0,0.3819285,0.3819285,54,1.2322217555763018,18,,0
deathstarbench_social_network,original,structure,cudd_fixed,54,54,0,0.5649934999999999,0.5642974999999999,0.5671235,0.000727,0.034014,0.052102499999999996,0.0,0.4456485,0.4456485,54,0.46344628101850216,18,0.4061126868794318,18
deathstarbench_social_network,original,structure,cudd_sift,54,54,0,0.8524645,0.851798,0.8545745,0.0007214999999999999,0.033478,0.2793905,0.0,0.4618985,0.4618985,54,0.6773811100472368,18,0.5479518678788426,18
deathstarbench_social_network,original,structure,agrum_conditioned,54,54,0,14.8554905,14.854709499999998,14.854144999999999,0.000821,0.036768999999999996,5.3393180000000005,0.001954,7.994444,7.99251,54,11.334053157801836,18,9.493786512466166,18
deathstarbench_social_network,original,structure,agrum_joint,54,54,0,10.000705,9.999908000000001,9.9980875,0.000771,0.03454,5.39869,0.0019034999999999998,4.212509,4.2105855000000005,54,8.75238266060908,18,6.922647293989142,18
deathstarbench_social_network,original,structure,storm_sparse,54,54,0,4.6381115,4.6373155,4.640454,0.000771,0.036984500000000003,2.22479,0.0019039999999999999,2.3561430000000003,2.3542845000000003,54,2.9515905389391577,18,2.5530881499053324,18
deathstarbench_social_network,original,structure,storm_compact,54,54,0,3.5832094999999997,3.582463,3.5856715,0.0007815000000000001,0.036053,2.439909,0.001809,1.0537874999999999,1.0519395,54,2.6192854022649428,18,2.250575208785197,18
deathstarbench_social_network,original,restore,ours_direct,54,54,0,1.169986,1.169249,1.1721425,0.000741,0.029796000000000003,0.000902,0.0,1.1156085,1.1156085,54,,0,0.7765635990512914,18
deathstarbench_social_network,original,restore,ours_prepared,54,54,0,1.5814605,1.580664,1.576808,0.000772,0.02911,1.100249,0.0,0.36173,0.36173,54,1.3055045462690866,18,,0
deathstarbench_social_network,original,restore,cudd_fixed,54,54,0,0.5304625,0.5296460000000001,0.532449,0.000781,0.029871,0.043287,0.0,0.425375,0.425375,54,0.5878935877922105,18,0.39174692190553706,18
deathstarbench_social_network,original,restore,cudd_sift,54,54,0,0.816356,0.8156095,0.818357,0.000762,0.030352499999999998,0.272202,0.0,0.433255,0.433255,54,0.8765119467028466,18,0.5518014891517673,18
deathstarbench_social_network,original,restore,agrum_conditioned,54,54,0,14.673794000000001,14.672922,14.6761275,0.0008864999999999999,0.036513500000000004,5.375017,0.001924,7.962264,7.96037,54,13.035527804365682,18,10.461157957162694,18
deathstarbench_social_network,original,restore,agrum_joint,54,54,0,10.018584,10.017631999999999,10.021001,0.000867,0.034415,5.4392485,0.0019285,4.1752715,4.173363,54,11.48138516415321,18,6.763009449390118,18
deathstarbench_social_network,original,restore,storm_sparse,54,54,0,3.9387645000000004,3.9379334999999998,3.9411045,0.000821,0.0329725,1.9481140000000001,0.001844,1.933085,1.931327,54,3.1355844729442337,18,2.15645085737921,18
deathstarbench_social_network,original,restore,storm_compact,54,54,0,3.1053055,3.1044145,3.1025994999999997,0.000851,0.0641855,2.1758725,0.0019185,0.8113360000000001,0.8094375,54,2.4038651702180847,18,1.8188878160544255,18
deathstarbench_social_network,completion_projected,initial,ours_direct,54,54,0,1.309743,1.059928,1.3148285,0.2476755,0.048191,0.0023895,0.0,0.9934845,0.9934845,54,,0,0.7925494768442345,18
deathstarbench_social_network,completion_projected,initial,ours_prepared,54,54,0,1.8966020000000001,1.6410565,1.9042685,0.26262399999999997,0.0513315,1.0969585,0.0,0.426367,0.426367,54,1.266195445173321,18,,0
deathstarbench_social_network,completion_projected,initial,cudd_fixed,54,54,0,3.6053034999999998,3.371777,3.6126365,0.282436,0.056982,2.7751355,0.0,0.547004,0.547004,54,3.4222568268952904,18,2.1942648251864325,18
deathstarbench_social_network,completion_projected,initial,cudd_sift,54,54,0,3.8378050000000004,3.5521655,3.844048,0.2902315,0.055414,3.2677899999999998,0.0,0.547335,0.547335,54,3.251351878441673,18,2.190595725846393,18
deathstarbench_social_network,completion_projected,initial,agrum_conditioned,54,54,0,12.972320499999999,12.6471805,12.9705275,0.310364,0.073984,4.6141495,0.00245,7.820869999999999,7.81844,54,7.669259496349868,18,6.791224181567696,18
deathstarbench_social_network,completion_projected,initial,agrum_joint,54,54,0,9.291976,9.028459999999999,9.2974105,0.249725,0.077992,4.612341,0.0024495000000000003,4.314001,4.3114865,54,6.729306436011818,18,5.289228292777304,18
deathstarbench_social_network,completion_projected,initial,storm_sparse,54,54,0,4.5873695,4.3167355,4.5924,0.268144,0.051472000000000004,2.543165,0.0022890000000000002,1.67973,1.6774710000000002,54,3.1560996742682788,18,2.5408593017777457,18
deathstarbench_social_network,completion_projected,initial,storm_compact,54,54,0,4.2540925,4.004783,4.259058,0.24492599999999998,0.051121,2.8434095,0.0023095,1.077613,1.0753235,54,3.0114433842682518,18,2.395985122343718,18
deathstarbench_social_network,completion_projected,repeat,ours_direct,54,54,0,1.274618,1.0367405,1.276878,0.237396,0.0334175,0.0,0.0,0.9883545,0.9883545,0,,0,1.632920916438501,18
deathstarbench_social_network,completion_projected,repeat,ours_prepared,54,54,0,0.6818075,0.4411345,0.6840615,0.222749,0.033513,0.0,0.0,0.3885505,0.3885505,0,0.6192473292301405,18,,0
deathstarbench_social_network,completion_projected,repeat,cudd_fixed,54,54,0,0.7104165,0.46375350000000004,0.7133210000000001,0.2404925,0.035943,0.0,0.0,0.4116795,0.4116795,0,0.6884158396223328,18,1.0857304719000365,18
deathstarbench_social_network,completion_projected,repeat,cudd_sift,54,54,0,0.718146,0.468872,0.7204245,0.241484,0.0354665,0.0,0.0,0.4164685,0.4164685,0,0.6845430548332428,18,1.0871731228742385,18
deathstarbench_social_network,completion_projected,repeat,agrum_conditioned,54,54,0,7.2367315,6.9809345,7.239264499999999,0.26258400000000004,0.0362335,0.0,0.0022890000000000002,6.929228,6.927013499999999,0,4.809691928668382,18,10.625764708325164,18
deathstarbench_social_network,completion_projected,repeat,agrum_joint,54,54,0,2.417407,2.164346,2.419775,0.2538375,0.0361375,0.0,0.0022595000000000002,2.1139115,2.1115865,0,2.083338864324414,18,3.5301221814087915,18
deathstarbench_social_network,completion_projected,repeat,storm_sparse,54,54,0,1.738385,1.494478,1.7410839999999999,0.228134,0.036489,0.0,0.002835,1.4325645,1.429454,0,1.3169534072644091,18,2.47831402530721,18
deathstarbench_social_network,completion_projected,repeat,storm_compact,54,54,0,1.104554,0.8621935,1.107121,0.243007,0.037115,0.0,0.002846,0.8109915,0.808071,0,0.879551253412863,18,1.4574451499728012,18
deathstarbench_social_network,completion_projected,counts,ours_direct,54,54,0,1.1483,0.9186529999999999,1.1503565,0.228359,0.031725,0.0,0.0,0.871885,0.871885,0,,0,1.6057793556705975,18
deathstarbench_social_network,completion_projected,counts,ours_prepared,54,54,0,0.6514905,0.4109685,0.653605,0.2406735,0.030928,0.0,0.0,0.36462,0.36462,0,0.6341298126730261,18,,0
deathstarbench_social_network,completion_projected,counts,cudd_fixed,54,54,0,0.675125,0.43782350000000003,0.6772545,0.2320565,0.032947000000000004,0.0,0.0,0.3905305,0.3905305,0,0.6619887718327104,18,1.061713075280291,18
deathstarbench_social_network,completion_projected,counts,cudd_sift,54,54,0,0.6899934999999999,0.4525715,0.6921215000000001,0.23126999999999998,0.031835,0.0,0.0,0.407497,0.407497,0,0.6869950524402427,18,1.0759316441099736,18
deathstarbench_social_network,completion_projected,counts,agrum_conditioned,54,54,0,7.131928,6.8926324999999995,7.1344935,0.2387795,0.0357925,0.0,0.0020135,6.8427545,6.8408555,0,4.855022715517233,18,10.693779872587001,18
deathstarbench_social_network,completion_projected,counts,agrum_joint,54,54,0,2.3784140000000003,2.141929,2.3808985,0.23138950000000003,0.034009,0.0,0.001924,2.094295,2.0924769999999997,0,2.115034882225963,18,3.5366237540505754,18
deathstarbench_social_network,completion_projected,counts,storm_sparse,54,54,0,1.8283495,1.5898565,1.8307665000000002,0.233885,0.034214499999999995,0.0,0.13777450000000002,1.5423974999999999,1.3988255,0,1.4177614318766798,18,2.6732421032930285,18
deathstarbench_social_network,completion_projected,counts,storm_compact,54,54,0,1.2048765,0.973061,1.2073485000000002,0.24592799999999998,0.0340245,0.0,0.130576,0.925936,0.79748,0,0.9626416549046781,18,1.6624508589598885,18
deathstarbench_social_network,completion_projected,masks,ours_direct,54,54,0,1.448194,1.2175655,1.4504569999999999,0.235979,0.031679,0.0,0.0,1.1846640000000002,1.1846640000000002,0,,0,2.069788202521323,18
deathstarbench_social_network,completion_projected,masks,ours_prepared,54,54,0,0.6609529999999999,0.418697,0.662872,0.2346365,0.030738,0.0,0.0,0.3629475,0.3629475,0,0.49530477584029636,18,,0
deathstarbench_social_network,completion_projected,masks,cudd_fixed,54,54,0,0.6863705,0.4487895,0.68848,0.23965,0.034009,0.0,0.0,0.402422,0.402422,0,0.5311281409029734,18,1.0596344395802917,18
deathstarbench_social_network,completion_projected,masks,cudd_sift,54,54,0,0.6809255,0.44180050000000004,0.6828945,0.22739750000000003,0.0339335,0.0,0.0,0.396987,0.396987,0,0.5217722109681427,18,1.031512865972402,18
deathstarbench_social_network,completion_projected,masks,agrum_conditioned,54,54,0,8.710569,8.4464175,8.702555,0.24071800000000002,0.035642,0.0,1.011168,8.396608500000001,7.358871,0,4.657663922281264,18,12.909602929496796,18
deathstarbench_social_network,completion_projected,masks,agrum_joint,54,54,0,5.3225705,5.0729310000000005,5.325077,0.237166,0.034324499999999994,0.0,1.0054465,5.0189245,4.031602,0,4.794646218233734,18,8.072294543168857,18
deathstarbench_social_network,completion_projected,masks,storm_sparse,54,54,0,4.603051,4.36353,4.605409,0.2400515,0.034353999999999996,0.0,2.532936,4.3127545,1.7796889999999999,0,3.3623670155731693,18,6.664061580197103,18
deathstarbench_social_network,completion_projected,masks,storm_compact,54,54,0,4.0513034999999995,3.7941475,4.0536645,0.261091,0.034545,0.0,2.796329,3.7458055000000003,0.9618389999999999,0,3.328266782573408,18,6.025206811361717,18
deathstarbench_social_network,completion_projected,metadata,ours_direct,54,54,0,1.4602564999999998,1.217746,1.4623495,0.246769,0.0299865,0.0,0.0,1.1874295,1.1874295,0,,0,2.1073371345917407,18
deathstarbench_social_network,completion_projected,metadata,ours_prepared,54,54,0,0.640145,0.4049875,0.6433355000000001,0.2383125,0.029665999999999998,0.0,0.0,0.35980650000000003,0.35980650000000003,0,0.4887560661839384,18,,0
deathstarbench_social_network,completion_projected,metadata,cudd_fixed,54,54,0,0.6698205,0.431101,0.6719984999999999,0.232933,0.029596,0.0,0.0,0.3849095,0.3849095,0,0.5198046498983087,18,1.0414740446101391,18
deathstarbench_social_network,completion_projected,metadata,cudd_sift,54,54,0,0.669996,0.432429,0.672029,0.2357285,0.029095,0.0,0.0,0.386187,0.386187,0,0.5308847721646963,18,1.0319164014603874,18
deathstarbench_social_network,completion_projected,metadata,agrum_conditioned,54,54,0,7.247064999999999,6.996303,7.1481145,0.24497549999999998,0.034089499999999995,0.0,0.0020334999999999997,6.930564499999999,6.9283855,0,3.448825472479826,18,9.871068386688066,18
deathstarbench_social_network,completion_projected,metadata,agrum_joint,54,54,0,2.3701689999999997,2.1310445,2.372703,0.241319,0.0338735,0.0,0.001964,2.0835245000000002,2.081626,0,1.764777652283954,18,3.330653098792637,18
deathstarbench_social_network,completion_projected,metadata,storm_sparse,54,54,0,2.0292325,1.7882595000000001,2.0321225,0.232823,0.033017500000000005,0.0,0.0019485,1.739352,1.7374329999999998,0,1.3405577920033724,18,3.078078316256587,18
deathstarbench_social_network,completion_projected,metadata,storm_compact,54,54,0,1.227364,0.9822379999999999,1.22966,0.2447205,0.034530000000000005,0.0,0.001964,0.9311415,0.929138,0,0.9455671822797302,18,1.74739075459647,18
deathstarbench_social_network,completion_projected,structure,ours_direct,54,54,0,1.4908845000000002,1.2565375,1.4931115,0.23745149999999998,0.031239000000000003,0.000987,0.0,1.221321,1.221321,54,,0,0.9659946327619318,18
deathstarbench_social_network,completion_projected,structure,ours_prepared,54,54,0,1.6999430000000002,1.4608435,1.702091,0.24928850000000002,0.032762,1.0299969999999998,0.0,0.357973,0.357973,54,1.0600355402942248,18,,0
deathstarbench_social_network,completion_projected,structure,cudd_fixed,54,54,0,0.775849,0.5009619999999999,0.7780125,0.25098200000000004,0.032015,0.0491925,0.0,0.3874745,0.3874745,54,0.5578792449168297,18,0.5341362599776757,18
deathstarbench_social_network,completion_projected,structure,cudd_sift,54,54,0,0.9341025,0.663503,0.936202,0.2550345,0.0319405,0.200958,0.0,0.3966365,0.3966365,54,0.6903797838427685,18,0.6127649768394055,18
deathstarbench_social_network,completion_projected,structure,agrum_conditioned,54,54,0,12.032447999999999,11.782844,12.028936999999999,0.2465635,0.034705,4.4561815,0.0018335,7.284988,7.2831445,54,7.143670468141666,18,6.943855463178144,18
deathstarbench_social_network,completion_projected,structure,agrum_joint,54,54,0,8.585051,8.339684,8.587680500000001,0.2426765,0.0342395,4.3909295,0.0017985,3.8805445,3.8788115,54,6.090662482131654,18,5.251999136645029,18
deathstarbench_social_network,completion_projected,structure,storm_sparse,54,54,0,3.455921,3.21074,3.4490014999999996,0.24416500000000002,0.0340085,1.3898644999999998,0.0018679999999999999,1.7519505,1.750197,54,2.0591743121902137,18,1.958645224399942,18
deathstarbench_social_network,completion_projected,structure,storm_compact,54,54,0,3.1692665,2.9107445,3.1716189999999997,0.2537225,0.034029000000000004,1.895764,0.0017685,0.9639885,0.9621445,54,2.1647301084373236,18,2.054817344006138,18
deathstarbench_social_network,completion_projected,restore,ours_direct,54,54,0,1.240894,0.984422,1.24317,0.247375,0.028253,0.0008964999999999999,0.0,0.9354405,0.9354405,54,,0,0.8172340834683682,18
deathstarbench_social_network,completion_projected,restore,ours_prepared,54,54,0,1.717896,1.4788965,1.719985,0.238519,0.0288745,1.0512125,0.0,0.3553785,0.3553785,54,1.224609700642782,18,,0
deathstarbench_social_network,completion_projected,restore,cudd_fixed,54,54,0,0.7184065,0.482197,0.720504,0.2359735,0.029385500000000002,0.0408215,0.0,0.38262450000000003,0.38262450000000003,54,0.7174236483187728,18,0.500990529405768,18
deathstarbench_social_network,completion_projected,restore,cudd_sift,54,54,0,0.914345,0.6680675,0.9164145,0.23238199999999998,0.030497,0.206584,0.0,0.4056335,0.4056335,54,0.8892042694555673,18,0.6086780476312144,18
deathstarbench_social_network,completion_projected,restore,agrum_conditioned,54,54,0,12.027981,11.777008,12.030395500000001,0.25523,0.033568,4.4116425,0.001789,7.335853999999999,7.3341405,54,8.254703881765078,18,6.735875577894738,18
deathstarbench_social_network,completion_projected,restore,agrum_joint,54,54,0,8.56062,8.2772475,8.563174499999999,0.23873899999999998,0.0328065,4.386682,0.001773,3.8895869999999997,3.8878690000000002,54,7.206396614719058,18,5.33899262962503,18
deathstarbench_social_network,completion_projected,restore,storm_sparse,54,54,0,3.0505085,2.799922,3.0528969999999997,0.2340605,0.032355499999999995,1.3405715,0.001743,1.4163645,1.414581,54,2.2750239290849166,18,1.7701055518033302,18
deathstarbench_social_network,completion_projected,restore,storm_compact,54,54,0,2.6547625,2.4133385,2.657234,0.2480065,0.0332175,1.5897050000000001,0.001628,0.778254,0.7766310000000001,54,1.9403497135352534,18,1.5416352511075209,18
opentelemetry_demo,original,initial,ours_direct,51,51,0,2.12455,2.123839,2.130197,0.000721,0.055964,0.002203,0.0,2.067836,2.067836,51,,0,1.1953621660314573,17
opentelemetry_demo,original,initial,ours_prepared,51,51,0,1.547302,1.546621,1.552719,0.000742,0.057766,0.9973,0.0,0.533747,0.533747,51,0.8365665472916464,17,,0
opentelemetry_demo,original,initial,cudd_fixed,51,51,0,3.287821,3.28682,3.29537,0.000992,0.058918,2.682479,0.0,0.786665,0.786665,51,1.6264519637468005,17,2.0843125647094105,17
opentelemetry_demo,original,initial,cudd_sift,51,51,0,3.415079,3.413798,3.421307,0.001052,0.058357,2.8429,0.0,0.75607,0.75607,51,1.7543317776040521,17,2.191635774264186,17
opentelemetry_demo,original,initial,agrum_conditioned,51,51,0,15.09533,15.094559,15.101825,0.000912,0.06044,4.773679,0.002324,10.493258,10.490974,51,10.359185893054601,17,9.84302160998432,17
opentelemetry_demo,original,initial,agrum_joint,51,51,0,9.479451,9.47853,9.486005,0.000992,0.06085,4.797146,0.002444,4.804045,4.801651,51,5.70904473144262,17,6.182565733093855,17
opentelemetry_demo,original,initial,storm_sparse,51,51,0,6.651497,6.650295,6.656959,0.001121,0.060641,3.971453,0.002644,2.642616,2.640172,51,3.1443472068148512,17,3.446799969341024,17
opentelemetry_demo,original,initial,storm_compact,51,51,0,5.371477,5.370185,5.377556,0.001122,0.059369,4.505087,0.002624,0.698915,0.696241,51,2.6320982042892522,17,2.5402603310983296,17
opentelemetry_demo,original,repeat,ours_direct,51,51,0,1.945364,1.940497,1.947416,0.005308,0.035683,0.0,0.0,1.909411,1.909411,0,,0,3.1276848397320176,17
opentelemetry_demo,original,repeat,ours_prepared,51,51,0,0.518013,0.513456,0.519473,0.005538,0.040921,0.0,0.0,0.480748,0.480748,0,0.31972530841236574,17,,0
opentelemetry_demo,original,repeat,cudd_fixed,51,51,0,0.625444,0.605264,0.627303,0.008703,0.04018,0.0,0.0,0.567839,0.567839,0,0.40555403063131007,17,1.1910215514389946,17
opentelemetry_demo,original,repeat,cudd_sift,51,51,0,0.629401,0.62254,0.631198,0.007902,0.039319,0.0,0.0,0.588539,0.588539,0,0.4052251159376369,17,1.2292694260640589,17
opentelemetry_demo,original,repeat,agrum_conditioned,51,51,0,9.702578,9.691391,9.705131,0.008813,0.040871,0.0,0.002914,9.649799,9.646494,0,7.055501826916252,17,18.634565373869027,17
opentelemetry_demo,original,repeat,agrum_joint,51,51,0,2.924688,2.912851,2.927042,0.007781,0.040651,0.0,0.002594,2.87258,2.868964,0,1.660107540309712,17,5.184166634950983,17
opentelemetry_demo,original,repeat,storm_sparse,51,51,0,2.422735,2.411909,2.425176,0.007251,0.037827,0.0,0.002604,2.375093,2.371898,0,1.1487194219802634,17,2.9944767116235727,17
opentelemetry_demo,original,repeat,storm_compact,51,51,0,0.463753,0.458184,0.465832,0.006359,0.03964,0.0,0.002544,0.418855,0.416311,0,0.3624808499823309,17,1.0422430605950652,17
opentelemetry_demo,original,counts,ours_direct,51,51,0,1.910773,1.906517,1.912253,0.004767,0.03338,0.0,0.0,1.879166,1.879166,0,,0,3.279588219940964,17
opentelemetry_demo,original,counts,ours_prepared,51,51,0,0.503222,0.499366,0.504811,0.005238,0.031317,0.0,0.0,0.473857,0.473857,0,0.30491632879996167,17,,0
opentelemetry_demo,original,counts,cudd_fixed,51,51,0,0.59567,0.588639,0.597418,0.005738,0.032529,0.0,0.0,0.548158,0.548158,0,0.38926245614621346,17,1.1626680564086338,17
opentelemetry_demo,original,counts,cudd_sift,51,51,0,0.596351,0.592024,0.597859,0.005168,0.031968,0.0,0.0,0.565325,0.565325,0,0.39609263256385757,17,1.1990441963236105,17
opentelemetry_demo,original,counts,agrum_conditioned,51,51,0,9.621897,9.614095,9.624661,0.008182,0.039469,0.0,0.002584,9.580766,9.577771,0,6.952492575944755,17,19.120580976189434,17
opentelemetry_demo,original,counts,agrum_joint,51,51,0,2.895424,2.886561,2.89833,0.00659,0.035393,0.0,0.002113,2.853321,2.850347,0,1.6319764905755676,17,5.429197595136533,17
opentelemetry_demo,original,counts,storm_sparse,51,51,0,2.515268,2.511011,2.517484,0.005769,0.034802,0.0,0.157966,2.480666,2.314646,0,1.2526279341677473,17,3.3818126587200332,17
opentelemetry_demo,original,counts,storm_compact,51,51,0,0.570462,0.566606,0.572101,0.005188,0.033661,0.0,0.135602,0.531333,0.402501,0,0.48953598067555254,17,1.3943548350547703,17
opentelemetry_demo,original,masks,ours_direct,51,51,0,1.992215,1.991533,1.994827,0.000531,0.031577,0.0,0.0,1.963392,1.963392,0,,0,3.5233777810687963,17
opentelemetry_demo,original,masks,ours_prepared,51,51,0,0.496401,0.49592,0.49761,0.000511,0.030586,0.0,0.0,0.470513,0.470513,0,0.2838185576843411,17,,0
opentelemetry_demo,original,masks,cudd_fixed,51,51,0,0.628098,0.627327,0.629877,0.000571,0.034482,0.0,0.0,0.599805,0.599805,0,0.3654358550053734,17,1.230667042862853,17
opentelemetry_demo,original,masks,cudd_sift,51,51,0,0.604613,0.604052,0.606091,0.000561,0.03393,0.0,0.0,0.577283,0.577283,0,0.36504073315420626,17,1.2361946091607334,17
opentelemetry_demo,original,masks,agrum_conditioned,51,51,0,11.952117,11.951226,11.954976,0.000831,0.039219,0.0,1.830263,11.916073,10.100692,0,8.118805312831288,17,24.390351998014033,17
opentelemetry_demo,original,masks,agrum_joint,51,51,0,6.436223,6.435061,6.440076,0.000581,0.034451,0.0,1.894268,6.400139,4.467524,0,3.8839864958016257,17,13.900409725363595,17
opentelemetry_demo,original,masks,storm_sparse,51,51,0,5.265426,5.264885,5.267743,0.000601,0.036795,0.0,2.9669,5.234039,2.280656,0,3.1129700977320343,17,9.791681062124127,17
opentelemetry_demo,original,masks,storm_compact,51,51,0,4.862445,4.861603,4.864904,0.000601,0.036625,0.0,4.093648,4.826362,0.499255,0,2.435363836203464,17,7.659452050610487,17
opentelemetry_demo,original,metadata,ours_direct,51,51,0,1.985042,1.984541,1.986654,0.00053,0.030606,0.0,0.0,1.958331,1.958331,0,,0,3.5630327540097273,17
opentelemetry_demo,original,metadata,ours_prepared,51,51,0,0.482702,0.482182,0.484311,0.000491,0.031647,0.0,0.0,0.453497,0.453497,0,0.28065978312285533,17,,0
opentelemetry_demo,original,metadata,cudd_fixed,51,51,0,0.583902,0.583422,0.585361,0.000541,0.034172,0.0,0.0,0.557102,0.557102,0,0.35696364736448155,17,1.1750176017792366,17
opentelemetry_demo,original,metadata,cudd_sift,51,51,0,0.615789,0.615248,0.617368,0.000531,0.034562,0.0,0.0,0.588339,0.588339,0,0.37409136647702057,17,1.222048908675179,17
opentelemetry_demo,original,metadata,agrum_conditioned,51,51,0,9.716168,9.715217,9.719001,0.000951,0.041192,0.0,0.002453,9.675467,9.673014,0,6.454805205571639,17,19.918674712751976,17
opentelemetry_demo,original,metadata,agrum_joint,51,51,0,2.842325,2.841483,2.84449,0.000781,0.038788,0.0,0.002093,2.802855,2.7999,0,1.5901165617092161,17,5.443886340892212,17
opentelemetry_demo,original,metadata,storm_sparse,51,51,0,2.250872,2.250271,2.25327,0.000721,0.037316,0.0,0.001983,2.219186,2.217384,0,1.2641049727698637,17,3.8378352882735824,17
opentelemetry_demo,original,metadata,storm_compact,51,51,0,0.565596,0.564875,0.567444,0.000691,0.039198,0.0,0.001963,0.499637,0.497484,0,0.36959807596272437,17,1.1429451823111747,17
opentelemetry_demo,original,structure,ours_direct,51,51,0,2.1047,2.104089,2.106522,0.000511,0.031237,0.000821,0.0,2.074976,2.074976,51,,0,1.2529215004067291,17
opentelemetry_demo,original,structure,ours_prepared,51,51,0,1.413573,1.413162,1.415574,0.000461,0.035683,0.948017,0.0,0.473627,0.473627,51,0.7981345995542223,17,,0
opentelemetry_demo,original,structure,cudd_fixed,51,51,0,0.620197,0.619786,0.621684,0.000501,0.035854,0.052599,0.0,0.547718,0.547718,51,0.38919880543850394,17,0.42876121473175355,17
opentelemetry_demo,original,structure,cudd_sift,51,51,0,0.848077,0.847596,0.850945,0.000501,0.035573,0.25443,0.0,0.569771,0.569771,51,0.5135027030582954,17,0.5890944024366489,17
opentelemetry_demo,original,structure,agrum_conditioned,51,51,0,14.439976,14.438664,14.444778,0.000891,0.04007,4.794813,0.001753,9.989389,9.987456,51,9.968169629336954,17,10.509040164226406,17
opentelemetry_demo,original,structure,agrum_joint,51,51,0,8.911894,8.911333,8.914325,0.000581,0.037326,4.704456,0.001843,4.449147,4.447515,51,5.590242107772292,17,6.011984765041643,17
opentelemetry_demo,original,structure,storm_sparse,51,51,0,5.950469,5.949938,5.952741,0.000581,0.034552,3.173983,0.001843,2.29569,2.293868,51,2.5440112998004354,17,2.6508128712127945,17
opentelemetry_demo,original,structure,storm_compact,51,51,0,4.231303,4.230692,4.233285,0.000581,0.036265,3.420163,0.001743,0.495991,0.494349,51,1.8948798264092555,17,1.919858051686187,17
opentelemetry_demo,original,restore,ours_direct,51,51,0,1.925124,1.924613,1.926475,0.000511,0.031206,0.000651,0.0,1.897393,1.897393,51,,0,0.8664689911560928,17
opentelemetry_demo,original,restore,ours_prepared,51,51,0,1.349996,1.349475,1.35158,0.00053,0.030195,0.925592,0.0,0.474589,0.474589,51,1.1541093913421443,17,,0
opentelemetry_demo,original,restore,cudd_fixed,51,51,0,0.608639,0.608088,0.609967,0.000551,0.031577,0.040761,0.0,0.546145,0.546145,51,0.3993080117197768,17,0.3878150882247029,17
opentelemetry_demo,original,restore,cudd_sift,51,51,0,0.835679,0.835128,0.837406,0.000551,0.033871,0.232446,0.0,0.57512,0.57512,51,0.541472925491015,17,0.5611245448960551,17
opentelemetry_demo,original,restore,agrum_conditioned,51,51,0,14.416527,14.415646,14.41914,0.000982,0.040381,4.767094,0.001813,10.030608,10.028876,51,10.814278344905452,17,9.850664257997076,17
opentelemetry_demo,original,restore,agrum_joint,51,51,0,8.834439,8.833428,8.836429,0.000841,0.038197,4.671219,0.001723,4.404941,4.403218,51,6.005333310537755,17,6.17209013952634,17
opentelemetry_demo,original,restore,storm_sparse,51,51,0,5.228281,5.22763,5.230798,0.000661,0.034692,2.879291,0.001922,2.332663,2.33077,51,2.6464451849263066,17,2.1269378386095545,17
opentelemetry_demo,original,restore,storm_compact,51,51,0,4.068382,4.06759,4.070353,0.000651,0.037867,3.356993,0.001793,0.429061,0.427609,51,2.1084888548142287,17,1.789923729123013,17
opentelemetry_demo,completion_projected,initial,ours_direct,51,51,0,1.762712,1.469856,1.76898,0.30128,0.052168,0.002274,0.0,1.412452,1.412452,51,,0,1.020647829421459,17
opentelemetry_demo,completion_projected,initial,ours_prepared,51,51,0,1.6812,1.352651,1.685957,0.320529,0.052128,0.846,0.0,0.480368,0.480368,51,0.9797698786728789,17,,0
opentelemetry_demo,completion_projected,initial,cudd_fixed,51,51,0,3.333723,3.111128,3.340437,0.357604,0.053129,2.55681,0.0,0.594128,0.594128,51,1.9649013594160112,17,1.8442722888408452,17
opentelemetry_demo,completion_projected,initial,cudd_sift,51,51,0,3.606142,3.353267,3.613102,0.377153,0.05361,2.796035,0.0,0.586747,0.586747,51,2.1537131710511828,17,2.0282638427168345,17
opentelemetry_demo,completion_projected,initial,agrum_conditioned,51,51,0,12.806913,12.48959,12.812081,0.322122,0.05364,3.423716,0.002143,9.016243,9.01417,51,8.180147714637723,17,7.580474182257319,17
opentelemetry_demo,completion_projected,initial,agrum_joint,51,51,0,8.008048,7.70806,8.014277,0.317755,0.05335,3.443842,0.002173,4.231615,4.229511,51,4.66477183341809,17,4.6565576480084605,17
opentelemetry_demo,completion_projected,initial,storm_sparse,51,51,0,4.686796,4.009313,4.692467,0.293949,0.055243,2.568239,0.002423,1.363398,1.360473,51,3.0307943442581506,17,2.151398861655992,17
opentelemetry_demo,completion_projected,initial,storm_compact,51,51,0,4.075829,3.465147,4.081319,0.289562,0.055873,2.782938,0.002324,0.686666,0.684422,51,2.8439470499071855,17,1.9668829484732155,17
opentelemetry_demo,completion_projected,repeat,ours_direct,51,51,0,1.605738,1.323268,1.608092,0.271986,0.035903,0.0,0.0,1.292672,1.292672,0,,0,1.7206743810238356,17
opentelemetry_demo,completion_projected,repeat,ours_prepared,51,51,0,0.750481,0.451744,0.752118,0.288681,0.035263,0.0,0.0,0.419146,0.419146,0,0.5811674835333923,17,,0
opentelemetry_demo,completion_projected,repeat,cudd_fixed,51,51,0,0.804331,0.511003,0.806399,0.285026,0.037586,0.0,0.0,0.478575,0.478575,0,0.6301203233370076,17,1.0842275349097277,17
opentelemetry_demo,completion_projected,repeat,cudd_sift,51,51,0,0.808317,0.521349,0.810074,0.298967,0.038116,0.0,0.0,0.485245,0.485245,0,0.640140323564283,17,1.09833376661359,17
opentelemetry_demo,completion_projected,repeat,agrum_conditioned,51,51,0,8.676743,8.348016,8.679115,0.30112,0.039649,0.0,0.002293,8.310509,8.308406,0,6.524375994513101,17,10.738993973483327,17
opentelemetry_demo,completion_projected,repeat,agrum_joint,51,51,0,2.829728,2.533223,2.831861,0.284565,0.038568,0.0,0.002063,2.493724,2.4913,0,2.121061043778093,17,3.6216033702545714,17
opentelemetry_demo,completion_projected,repeat,storm_sparse,51,51,0,1.69425,1.147445,1.696352,0.276303,0.036815,0.0,0.002364,1.083029,1.080455,0,1.2469745266561327,17,1.7803035028840675,17
opentelemetry_demo,completion_projected,repeat,storm_compact,51,51,0,0.922028,0.463903,0.924043,0.266578,0.039198,0.0,0.002423,0.424905,0.422562,0,0.6681664163032751,17,1.0924642242228189,17
opentelemetry_demo,completion_projected,counts,ours_direct,51,51,0,1.568335,1.293534,1.569784,0.264325,0.030846,0.0,0.0,1.266403,1.266403,0,,0,1.7443346828966588,17
opentelemetry_demo,completion_projected,counts,ours_prepared,51,51,0,0.737421,0.448079,0.739039,0.2807,0.030566,0.0,0.0,0.418465,0.418465,0,0.5732844790653308,17,,0
opentelemetry_demo,completion_projected,counts,cudd_fixed,51,51,0,0.766515,0.49523,0.768162,0.270234,0.031096,0.0,0.0,0.467649,0.467649,0,0.6240147974487941,17,1.0743511490433384,17
opentelemetry_demo,completion_projected,counts,cudd_sift,51,51,0,0.773085,0.504645,0.774682,0.275261,0.031657,0.0,0.0,0.474489,0.474489,0,0.6244047469668552,17,1.0958754452059827,17
opentelemetry_demo,completion_projected,counts,agrum_conditioned,51,51,0,8.429784,8.152414,8.432148,0.276924,0.035713,0.0,0.002224,8.115388,8.113435,0,6.462728127997481,17,10.97088128222043,17
opentelemetry_demo,completion_projected,counts,agrum_joint,51,51,0,2.806904,2.481667,2.809367,0.277805,0.03324,0.0,0.001723,2.453014,2.451281,0,2.1019546199480694,17,3.6606196181076824,17
opentelemetry_demo,completion_projected,counts,storm_sparse,51,51,0,1.839851,1.298152,1.841918,0.268682,0.03323,0.0,0.150825,1.245522,1.076419,0,1.366820629452316,17,2.03078106964217,17
opentelemetry_demo,completion_projected,counts,storm_compact,51,51,0,1.046354,0.581328,1.048228,0.264064,0.03353,0.0,0.135843,0.547277,0.413598,0,0.7574728743573473,17,1.32476284946599,17
opentelemetry_demo,completion_projected,masks,ours_direct,51,51,0,1.632497,1.355433,1.63394,0.282953,0.032949,0.0,0.0,1.321433,1.321433,0,,0,1.8051774337548174,17
opentelemetry_demo,completion_projected,masks,ours_prepared,51,51,0,0.759114,0.447007,0.761042,0.317253,0.031366,0.0,0.0,0.412827,0.412827,0,0.5539621653257504,17,,0
opentelemetry_demo,completion_projected,masks,cudd_fixed,51,51,0,0.798222,0.497354,0.80009,0.282782,0.03307,0.0,0.0,0.466827,0.466827,0,0.5929193231812303,17,1.092974089929839,17
opentelemetry_demo,completion_projected,masks,cudd_sift,51,51,0,0.780646,0.500427,0.782384,0.285517,0.034982,0.0,0.0,0.471644,0.471644,0,0.6127415408810926,17,1.0862156516230559,17
opentelemetry_demo,completion_projected,masks,agrum_conditioned,51,51,0,10.004078,9.627105,10.007571,0.290804,0.037526,0.0,1.115816,9.587637,8.478282,0,6.939117498708294,17,13.051685650290725,17
opentelemetry_demo,completion_projected,masks,agrum_joint,51,51,0,5.350964,5.069053,5.35317,0.28144,0.033481,0.0,1.113553,5.038273,3.887534,0,3.4631985436454906,17,6.928781897167651,17
opentelemetry_demo,completion_projected,masks,storm_sparse,51,51,0,4.420822,3.870235,4.423027,0.27468,0.033811,0.0,2.431321,3.811688,1.378871,0,2.8566921412395154,17,4.931371052879138,17
opentelemetry_demo,completion_projected,masks,storm_compact,51,51,0,4.210713,3.702922,4.212864,0.272057,0.03334,0.0,3.170038,3.645946,0.504023,0,2.653449899142234,17,4.5886259128488796,17
opentelemetry_demo,completion_projected,metadata,ours_direct,51,51,0,1.610846,1.342755,1.611926,0.301911,0.028983,0.0,0.0,1.314964,1.314964,0,,0,1.5456132392751634,17
opentelemetry_demo,completion_projected,metadata,ours_prepared,51,51,0,0.714137,0.441069,0.716496,0.288421,0.030315,0.0,0.0,0.413428,0.413428,0,0.6469923876098291,17,,0
opentelemetry_demo,completion_projected,metadata,cudd_fixed,51,51,0,0.781136,0.490853,0.783084,0.299107,0.030455,0.0,0.0,0.463402,0.463402,0,0.5597320510363425,17,1.0580981760800647,17
opentelemetry_demo,completion_projected,metadata,cudd_sift,51,51,0,0.778473,0.496311,0.78002,0.309522,0.031808,0.0,0.0,0.468359,0.468359,0,0.5582549764689392,17,1.077575975228944,17
opentelemetry_demo,completion_projected,metadata,agrum_conditioned,51,51,0,8.426255,8.062471,8.428363,0.292537,0.037096,0.0,0.001973,8.016783,8.01499,0,6.12255312362955,17,11.131469936838652,17
opentelemetry_demo,completion_projected,metadata,agrum_joint,51,51,0,2.833363,2.508926,2.835837,0.307178,0.035143,0.0,0.001873,2.474915,2.472762,0,2.032109673368523,17,3.698712712200861,17
opentelemetry_demo,completion_projected,metadata,storm_sparse,51,51,0,1.972516,1.40637,1.975037,0.276743,0.033651,0.0,0.001822,1.349146,1.346703,0,1.2797668040751227,17,2.0805828193548583,17
opentelemetry_demo,completion_projected,metadata,storm_compact,51,51,0,0.991401,0.507709,0.993257,0.345206,0.036364,0.0,0.001862,0.46821,0.466578,0,0.6343466012807483,17,1.2297479563099927,17
opentelemetry_demo,completion_projected,structure,ours_direct,51,51,0,1.683664,1.391049,1.685135,0.279397,0.031537,0.000902,0.0,1.361855,1.361855,51,,0,0.7969348515792968,17
opentelemetry_demo,completion_projected,structure,ours_prepared,51,51,0,1.492399,1.221765,1.493841,0.284204,0.030495,0.788088,0.0,0.417233,0.417233,51,1.2548077148568497,17,,0
opentelemetry_demo,completion_projected,structure,cudd_fixed,51,51,0,0.843339,0.540106,0.844787,0.311906,0.033009,0.049784,0.0,0.464453,0.464453,51,0.633789957978838,17,0.5099846995859101,17
opentelemetry_demo,completion_projected,structure,cudd_sift,51,51,0,1.003859,0.681068,1.005465,0.343894,0.032649,0.179828,0.0,0.48143,0.48143,51,0.7049681186692501,17,0.6137314640221617,17
opentelemetry_demo,completion_projected,structure,agrum_conditioned,51,51,0,12.234038,11.850854,12.236625,0.305166,0.037346,3.314364,0.001572,8.530204,8.528612,51,7.815280658357464,17,6.9952622772771305,17
opentelemetry_demo,completion_projected,structure,agrum_joint,51,51,0,7.461928,7.138079,7.464319,0.29482,0.03369,3.29501,0.001552,3.807836,3.806184,51,4.50042942061991,17,4.687442686401457,17
opentelemetry_demo,completion_projected,structure,storm_sparse,51,51,0,4.376421,3.862057,4.378912,0.288571,0.035333,2.268831,0.001613,1.396497,1.394464,51,2.3714840046182273,17,1.714870886806541,17
opentelemetry_demo,completion_projected,structure,storm_compact,51,51,0,3.036079,2.497131,3.038127,0.292477,0.034892,2.022974,0.001543,0.489661,0.488099,51,1.9749562592725227,17,1.2514407345764977,17
opentelemetry_demo,completion_projected,restore,ours_direct,51,51,0,1.577276,1.301234,1.578998,0.273528,0.030395,0.000681,0.0,1.273854,1.273854,51,,0,0.7546274823379245,17
opentelemetry_demo,completion_projected,restore,ours_prepared,51,51,0,1.489545,1.214224,1.491167,0.282422,0.032338,0.775316,0.0,0.421079,0.421079,51,1.3251571449556576,17,,0
opentelemetry_demo,completion_projected,restore,cudd_fixed,51,51,0,0.80299,0.532244,0.805107,0.279147,0.032789,0.038988,0.0,0.461941,0.461941,51,0.6507408331068288,17,0.5107021667196141,17
opentelemetry_demo,completion_projected,restore,cudd_sift,51,51,0,0.948607,0.688599,0.950232,0.290213,0.031898,0.176083,0.0,0.479636,0.479636,51,0.7296265057877732,17,0.6097357311742417,17
opentelemetry_demo,completion_projected,restore,agrum_conditioned,51,51,0,12.126356,11.788812,12.128734,0.330714,0.036324,3.259251,0.001553,8.481084,8.479371,51,8.250735089195665,17,7.161326400018448,17
opentelemetry_demo,completion_projected,restore,agrum_joint,51,51,0,7.413515,7.079125,7.415987,0.336383,0.036084,3.224214,0.001483,3.81082,3.809337,51,4.788598516921971,17,4.723253364540667,17
opentelemetry_demo,completion_projected,restore,storm_sparse,51,51,0,3.444343,2.88605,3.446324,0.281791,0.031998,1.691308,0.001602,1.074945,1.072431,51,2.219859884923848,17,1.6612742749751261,17
opentelemetry_demo,completion_projected,restore,storm_compact,51,51,0,2.837871,2.37567,2.839983,0.336222,0.03282,1.90615,0.001532,0.434629,0.433127,51,2.0434737415099966,17,1.542981364256964,17
spring_petclinic_microservices,original,initial,ours_direct,72,72,0,0.8379970000000001,0.8370555,0.8443805,0.001032,0.053385,0.0032110000000000003,0.0,0.7702950000000001,0.7702950000000001,72,,0,0.7528211916163325,24
spring_petclinic_microservices,original,initial,ours_prepared,72,72,0,1.067342,1.0663195,1.0727065,0.0009565000000000001,0.053155,0.6892725000000001,0.0,0.342698,0.342698,72,1.3302802545503334,24,,0
spring_petclinic_microservices,original,initial,cudd_fixed,72,72,0,3.625158,3.6239809999999997,3.6331949999999997,0.001247,0.057623,3.303237,0.0,0.4105,0.4105,72,5.978367126152884,24,4.502753187828241,24
spring_petclinic_microservices,original,initial,cudd_sift,72,72,0,3.7145935,3.713326,3.7220455,0.001282,0.0562555,3.4011545,0.0,0.3981165,0.3981165,72,6.3749080733349075,24,4.211887000150728,24
spring_petclinic_microservices,original,initial,agrum_conditioned,72,72,0,8.99785,8.9965425,9.004944,0.001352,0.059341,3.8006349999999998,0.0023795,5.1215375000000005,5.119163,72,10.87089529724788,24,8.179740161417197,24
spring_petclinic_microservices,original,initial,agrum_joint,72,72,0,7.0061485,7.005046999999999,7.0129969999999995,0.0012625000000000002,0.058159,3.772322,0.0024845,3.133253,3.1308185,72,9.593438615197039,24,7.139134603857511,24
spring_petclinic_microservices,original,initial,storm_sparse,72,72,0,3.6674355,3.665978,3.6751679999999998,0.001393,0.057818,2.1514565,0.0024850000000000002,1.4492135,1.446839,72,3.891260642822702,24,2.961740515378281,24
spring_petclinic_microservices,original,initial,storm_compact,72,72,0,3.2791615,3.277809,3.2848094999999997,0.0014125000000000001,0.058279,2.402066,0.002545,0.8390740000000001,0.8369945000000001,72,3.629023572124243,24,2.7745520185396693,24
spring_petclinic_microservices,original,repeat,ours_direct,72,72,0,0.732244,0.727696,0.734521,0.005004,0.034656,0.0,0.0,0.6932755,0.6932755,0,,0,2.003828079656593,24
spring_petclinic_microservices,original,repeat,ours_prepared,72,72,0,0.320411,0.3154865,0.317007,0.004954,0.034335000000000004,0.0,0.0,0.28132250000000003,0.28132250000000003,0,0.5732596214874921,24,,0
spring_petclinic_microservices,original,repeat,cudd_fixed,72,72,0,0.36640249999999996,0.361709,0.368743,0.0053195,0.040481,0.0,0.0,0.3182115,0.3182115,0,0.6147558642293908,24,1.1434244819826915,24
spring_petclinic_microservices,original,repeat,cudd_sift,72,72,0,0.3614385,0.3570095,0.3637185,0.0052345,0.0405355,0.0,0.0,0.31608349999999996,0.31608349999999996,0,0.6209866598338759,24,1.1006313726794403,24
spring_petclinic_microservices,original,repeat,agrum_conditioned,72,72,0,4.4112535,4.40391,4.4148035,0.005946,0.041738,0.0,0.00263,4.3555185000000005,4.3524625,0,5.840010988836938,24,12.242926084028749,24
spring_petclinic_microservices,original,repeat,agrum_joint,72,72,0,1.473444,1.467698,1.4761345,0.005686,0.0411175,0.0,0.0025695,1.4249985,1.4225089999999998,0,2.2542748075855363,24,4.321348424884368,24
spring_petclinic_microservices,original,repeat,storm_sparse,72,72,0,1.2678185,1.2637755,1.2703205,0.0045485000000000005,0.037591,0.0,0.0029955,1.228079,1.2175695000000002,0,1.1768167592647625,24,2.8593171987909454,24
spring_petclinic_microservices,original,repeat,storm_compact,72,72,0,0.6444034999999999,0.6396995000000001,0.647258,0.0048895,0.0383515,0.0,0.0025044999999999998,0.598993,0.5967485,0,0.8385271769263617,24,1.5026881866958262,24
spring_petclinic_microservices,original,counts,ours_direct,72,72,0,0.6720305,0.667793,0.674023,0.004163,0.0320055,0.0,0.0,0.6355665,0.6355665,0,,0,1.9121043041832297,24
spring_petclinic_microservices,original,counts,ours_prepared,72,72,0,0.31035250000000003,0.306876,0.3123935,0.004143,0.032145,0.0,0.0,0.2767545,0.2767545,0,0.6071577400660166,24,,0
spring_petclinic_microservices,original,counts,cudd_fixed,72,72,0,0.3189085,0.314896,0.3208985,0.004037499999999999,0.032055,0.0,0.0,0.28423350000000003,0.28423350000000003,0,0.595271490406392,24,1.0474416190163625,24
spring_petclinic_microservices,original,counts,cudd_sift,72,72,0,0.32229450000000004,0.318502,0.324385,0.0036724999999999995,0.0322705,0.0,0.0,0.286047,0.286047,0,0.6407374264628641,24,1.0526757154776327,24
spring_petclinic_microservices,original,counts,agrum_conditioned,72,72,0,4.3351180000000005,4.3291474999999995,4.33784,0.0059705,0.039289,0.0,0.0024045000000000004,4.289556,4.2867555,0,6.028095517335203,24,11.990901894939874,24
spring_petclinic_microservices,original,counts,agrum_joint,72,72,0,1.4324675,1.4283845,1.434917,0.004624,0.034644999999999995,0.0,0.0020895,1.3913655,1.3893915000000001,0,2.3461128958276514,24,4.366663060946435,24
spring_petclinic_microservices,original,counts,storm_sparse,72,72,0,1.266741,1.2628535,1.2691089999999998,0.004368,0.034961000000000006,0.0,0.071725,1.2292255,1.1542445,0,1.339536917280403,24,3.0733907461454932,24
spring_petclinic_microservices,original,counts,storm_compact,72,72,0,0.7160375,0.7112585,0.718811,0.004403499999999999,0.034199,0.0,0.06689999999999999,0.667697,0.587282,0,0.8778143066419087,24,1.6072531069409597,24
spring_petclinic_microservices,original,masks,ours_direct,72,72,0,0.7056485,0.704942,0.7075750000000001,0.0007314999999999999,0.0314995,0.0,0.0,0.6744694999999999,0.6744694999999999,0,,0,2.0042063188229173,24
spring_petclinic_microservices,original,masks,ours_prepared,72,72,0,0.2971825,0.296446,0.2990585,0.000721,0.029866,0.0,0.0,0.2641455,0.2641455,0,0.5822939019076043,24,,0
spring_petclinic_microservices,original,masks,cudd_fixed,72,72,0,0.3680205,0.3672385,0.37029599999999996,0.000776,0.031063,0.0,0.0,0.335134,0.335134,0,0.6145486923174548,24,1.0971492369319806,24
spring_petclinic_microservices,original,masks,cudd_sift,72,72,0,0.3646745,0.363888,0.3665035,0.0007565,0.0306625,0.0,0.0,0.3323835,0.3323835,0,0.6074085733652982,24,1.07522973502062,24
spring_petclinic_microservices,original,masks,agrum_conditioned,72,72,0,5.6482115,5.6470945,5.6511205,0.000947,0.0381715,0.0,0.927996,5.6093325,4.7071705,0,8.104526434784503,24,16.82039598115643,24
spring_petclinic_microservices,original,masks,agrum_joint,72,72,0,3.8322235,3.8313965000000003,3.835062,0.000802,0.034630499999999995,0.0,0.9458645,3.7968675000000003,2.86262,0,7.04341552324342,24,12.75470410602282,24
spring_petclinic_microservices,original,masks,storm_sparse,72,72,0,2.8096055,2.808814,2.8123430000000003,0.0007965,0.0329875,0.0,1.492295,2.7735985000000003,1.2728534999999999,0,5.027809810890872,24,8.245709729058525,24
spring_petclinic_microservices,original,masks,storm_compact,72,72,0,2.42004,2.4191279999999997,2.422706,0.000802,0.033698,0.0,1.749798,2.374124,0.654308,0,4.69103250864727,24,7.727377730423328,24
spring_petclinic_microservices,original,metadata,ours_direct,72,72,0,0.712276,0.711555,0.714238,0.0007559999999999999,0.0295,0.0,0.0,0.683878,0.683878,0,,0,2.097165176833764,24
spring_petclinic_microservices,original,metadata,ours_prepared,72,72,0,0.2939865,0.2932955,0.296038,0.0007264999999999999,0.032380000000000006,0.0,0.0,0.2599225,0.2599225,0,0.5679672319808112,24,,0
spring_petclinic_microservices,original,metadata,cudd_fixed,72,72,0,0.38293299999999997,0.382177,0.384888,0.000741,0.028994,0.0,0.0,0.351885,0.351885,0,0.6237188935782549,24,1.2106954971654722,24
spring_petclinic_microservices,original,metadata,cudd_sift,72,72,0,0.39981999999999995,0.3990935,0.40185950000000004,0.0007314999999999999,0.028969500000000002,0.0,0.0,0.3607265,0.3607265,0,0.6883870560073833,24,1.1893605548865596,24
spring_petclinic_microservices,original,metadata,agrum_conditioned,72,72,0,4.331255,4.330093,4.3338730000000005,0.001052,0.036869,0.0,0.002144,4.295343,4.2933895,0,5.827164209253178,24,12.714251310976032,24
spring_petclinic_microservices,original,metadata,agrum_joint,72,72,0,1.446344,1.445112,1.449505,0.000962,0.0348305,0.0,0.001994,1.4088635,1.4064345,0,2.3691332824254703,24,4.53060814796226,24
spring_petclinic_microservices,original,metadata,storm_sparse,72,72,0,1.2906265,1.2897599999999998,1.293123,0.000912,0.0355265,0.0,0.002079,1.2335085000000001,1.2298675,0,1.6089030535836022,24,3.449473718002907,24
spring_petclinic_microservices,original,metadata,storm_compact,72,72,0,0.66646,0.6655685,0.6691684999999999,0.000912,0.0345305,0.0,0.002004,0.6274265,0.625528,0,1.2123796877989073,24,2.102312214485889,24
spring_petclinic_microservices,original,structure,ours_direct,72,72,0,0.7581574999999999,0.757436,0.7601935,0.000692,0.031284,0.0010314999999999999,0.0,0.7121315,0.7121315,72,,0,0.7712864766255727,24
spring_petclinic_microservices,original,structure,ours_prepared,72,72,0,0.9331855,0.9325490000000001,0.9351955000000001,0.000691,0.0322105,0.638979,0.0,0.262322,0.262322,72,1.3009529843945065,24,,0
spring_petclinic_microservices,original,structure,cudd_fixed,72,72,0,0.373726,0.3729395,0.3759015,0.000721,0.032361,0.0529995,0.0,0.2825395,0.2825395,72,0.6836184146220935,24,0.5371579626826689,24
spring_petclinic_microservices,original,structure,cudd_sift,72,72,0,0.5473265,0.5466504999999999,0.5493844999999999,0.0007264999999999999,0.0324305,0.22170600000000001,0.0,0.2997325,0.2997325,72,1.0745069026024456,24,0.7945554869274876,24
spring_petclinic_microservices,original,structure,agrum_conditioned,72,72,0,8.202302,8.201521,8.2054975,0.000972,0.0390635,3.5291905,0.0019185,4.663479000000001,4.6618154999999994,72,12.037578581307972,24,9.120359161536733,24
spring_petclinic_microservices,original,structure,agrum_joint,72,72,0,6.36969,6.368888999999999,6.372967999999999,0.0008315,0.0368645,3.5364495,0.0017485,2.7970775,2.795304,72,11.420578847911553,24,8.114298642789283,24
spring_petclinic_microservices,original,structure,storm_sparse,72,72,0,2.4478705,2.4471295,2.4502325000000003,0.000802,0.035321000000000005,1.1812304999999999,0.001653,1.2444145,1.242667,72,2.988029070265596,24,2.2061255972665768,24
spring_petclinic_microservices,original,structure,storm_compact,72,72,0,2.4110135,2.4102525,2.4135135,0.0007865000000000001,0.0352715,1.740901,0.001678,0.6441785,0.642535,72,3.0948582288596915,24,2.323934212003503,24
spring_petclinic_microservices,original,restore,ours_direct,72,72,0,0.673113,0.6723415,0.6751550000000001,0.000762,0.028704,0.0009215,0.0,0.6431720000000001,0.6431720000000001,72,,0,0.6845746711773848,24
spring_petclinic_microservices,original,restore,ours_prepared,72,72,0,0.9320435,0.931302,0.934328,0.0007865000000000001,0.028904,0.6220375,0.0,0.275231,0.275231,72,1.4645458144351473,24,,0
spring_petclinic_microservices,original,restore,cudd_fixed,72,72,0,0.3547055,0.3539445,0.35672,0.000772,0.028984,0.042164,0.0,0.28684350000000003,0.28684350000000003,72,0.7728705248176316,24,0.5524890436853815,24
spring_petclinic_microservices,original,restore,cudd_sift,72,72,0,0.541992,0.5412155,0.5321175,0.0007865000000000001,0.0290495,0.211041,0.0,0.31987,0.31987,72,1.1734474379204738,24,0.8060579141268667,24
spring_petclinic_microservices,original,restore,agrum_conditioned,72,72,0,8.0783845,8.0773675,8.081591,0.001122,0.0345045,3.4194455,0.0017985,4.5891985,4.58743,72,13.735392429220944,24,9.983870049974392,24
spring_petclinic_microservices,original,restore,agrum_joint,72,72,0,6.2512669999999995,6.250179999999999,6.254637000000001,0.001042,0.0357625,3.4405295000000002,0.001874,2.785661,2.7840325,72,12.887239340547,24,8.856681744159687,24
spring_petclinic_microservices,original,restore,storm_sparse,72,72,0,2.311571,2.310614,2.314189,0.000892,0.033197000000000004,1.0956705,0.001628,1.178501,1.176773,72,2.7414831036661234,24,2.0986152470298722,24
spring_petclinic_microservices,original,restore,storm_compact,72,72,0,1.8781984999999999,1.8773819999999999,1.8805945,0.0008765,0.033738000000000004,1.274807,0.001593,0.584877,0.5832934999999999,72,2.532563946261533,24,1.940527418386583,24
spring_petclinic_microservices,completion_projected,initial,ours_direct,72,72,0,0.9469915,0.7576115,0.952798,0.219031,0.0530145,0.002905,0.0,0.6828110000000001,0.6828110000000001,72,,0,0.7632910822109219,24
spring_petclinic_microservices,completion_projected,initial,ours_prepared,72,72,0,1.24213,1.0371355,1.248089,0.19860250000000002,0.0518875,0.641383,0.0,0.353428,0.353428,72,1.3101851096235295,24,,0
spring_petclinic_microservices,completion_projected,initial,cudd_fixed,72,72,0,3.635019,3.4994905,3.6420165000000004,0.205546,0.055779999999999996,3.235575,0.0,0.3783795,0.3783795,72,4.9919611652553515,24,3.680620528240661,24
spring_petclinic_microservices,completion_projected,initial,cudd_sift,72,72,0,3.8468720000000003,3.6638235000000003,3.8441085,0.230297,0.056571,3.371059,0.0,0.384842,0.384842,72,5.222745869021675,24,3.9088498449794207,24
spring_petclinic_microservices,completion_projected,initial,agrum_conditioned,72,72,0,8.353341499999999,8.0947415,8.3611735,0.24314599999999997,0.052749500000000005,3.1472645,0.0022895,4.8659135,4.8636945,72,8.40079729291008,24,6.42520156674319,24
spring_petclinic_microservices,completion_projected,initial,agrum_joint,72,72,0,6.5651405,6.31686,6.5716735,0.2412125,0.053661,3.2165685,0.0023795,2.9955245,2.9930895,72,7.127016845890067,24,5.513729849013445,24
spring_petclinic_microservices,completion_projected,initial,storm_sparse,72,72,0,3.5079460000000005,3.3144675,3.5138365,0.20732899999999999,0.0551485,1.9818425,0.0022095,1.289279,1.2872005,72,3.582527234110935,24,2.661143979758868,24
spring_petclinic_microservices,completion_projected,initial,storm_compact,72,72,0,3.249566,3.0346575,3.2551595,0.19748549999999998,0.054602,2.188971,0.002379,0.8030265,0.8008675000000001,72,3.24721815507532,24,2.5148411175087046,24
spring_petclinic_microservices,completion_projected,repeat,ours_direct,72,72,0,0.7712625000000001,0.593494,0.773509,0.1893405,0.034545,0.0,0.0,0.558919,0.558919,0,,0,1.4088887487926924,24
spring_petclinic_microservices,completion_projected,repeat,ours_prepared,72,72,0,0.499537,0.3097065,0.5023375,0.2012875,0.036398,0.0,0.0,0.263309,0.263309,0,0.7470161989914166,24,,0
spring_petclinic_microservices,completion_projected,repeat,cudd_fixed,72,72,0,0.5991145,0.3983725,0.6014375,0.19679950000000002,0.036233,0.0,0.0,0.356854,0.356854,0,0.792193351953157,24,1.093003930449261,24
spring_petclinic_microservices,completion_projected,repeat,cudd_sift,72,72,0,0.5847525,0.372996,0.5871605,0.211246,0.035928,0.0,0.0,0.3353235,0.3353235,0,0.8041249314131653,24,1.1067191248738255,24
spring_petclinic_microservices,completion_projected,repeat,agrum_conditioned,72,72,0,4.530168,4.3418304999999995,4.5329895,0.201543,0.0366595,0.0,0.0023045,4.3031425,4.3009735000000004,0,4.942593757330582,24,7.441303925948109,24
spring_petclinic_microservices,completion_projected,repeat,agrum_joint,72,72,0,1.662719,1.4794255,1.6652575,0.20855600000000002,0.037615499999999996,0.0,0.0022745,1.4415499999999999,1.439406,0,2.216298267963624,24,3.023847948515927,24
spring_petclinic_microservices,completion_projected,repeat,storm_sparse,72,72,0,1.2781485000000001,1.1026735,1.280745,0.1852425,0.034916,0.0,0.0023495,1.0679785000000002,1.0656545,0,1.3655734776877102,24,2.099540082026902,24
spring_petclinic_microservices,completion_projected,repeat,storm_compact,72,72,0,0.8394845000000001,0.6343749999999999,0.8419915,0.2028905,0.036273,0.0,0.0023845000000000003,0.5950765,0.5928875,0,0.9661813052452102,24,1.3436346157274377,24
spring_petclinic_microservices,completion_projected,counts,ours_direct,72,72,0,0.7656719999999999,0.563171,0.7677875000000001,0.2012275,0.031269,0.0,0.0,0.5309355,0.5309355,0,,0,1.4661413278708144,24
spring_petclinic_microservices,completion_projected,counts,ours_prepared,72,72,0,0.4966215,0.30297799999999997,0.498776,0.1968395,0.031133,0.0,0.0,0.2646715,0.2646715,0,0.7095022145090154,24,,0
spring_petclinic_microservices,completion_projected,counts,cudd_fixed,72,72,0,0.531262,0.3577915,0.533416,0.18278250000000001,0.0310435,0.0,0.0,0.325295,0.325295,0,0.7572152133637114,24,1.0525918543571902,24
spring_petclinic_microservices,completion_projected,counts,cudd_sift,72,72,0,0.523908,0.357436,0.5259015,0.183584,0.0312385,0.0,0.0,0.326978,0.326978,0,0.7577409902088462,24,1.0576434133875292,24
spring_petclinic_microservices,completion_projected,counts,agrum_conditioned,72,72,0,4.4159095,4.2213645,4.41856,0.1904825,0.0356115,0.0,0.0020340000000000002,4.183629,4.1816655,0,4.918195725947106,24,7.422156452610615,24
spring_petclinic_microservices,completion_projected,counts,agrum_joint,72,72,0,1.643929,1.4519140000000001,1.6464775,0.20586100000000002,0.0338835,0.0,0.0018935,1.4159514999999998,1.414028,0,2.2035343176379083,24,3.045093858859569,24
spring_petclinic_microservices,completion_projected,counts,storm_sparse,72,72,0,1.3467859999999998,1.1713165,1.3493235,0.18381999999999998,0.034225,0.0,0.0752965,1.1363509999999999,1.0508005,0,1.4576394092641152,24,2.2017197926407186,24
spring_petclinic_microservices,completion_projected,counts,storm_compact,72,72,0,0.88747,0.6994675,0.8931315,0.1831835,0.0330875,0.0,0.0706725,0.664091,0.5898669999999999,0,1.0280206297887498,24,1.4695940656103774,24
spring_petclinic_microservices,completion_projected,masks,ours_direct,72,72,0,0.8682595000000001,0.6486075,0.8703339999999999,0.185453,0.03187,0.0,0.0,0.610921,0.610921,0,,0,1.5541435139496123,24
spring_petclinic_microservices,completion_projected,masks,ours_prepared,72,72,0,0.491948,0.3000275,0.4965965,0.2011425,0.0332125,0.0,0.0,0.260709,0.260709,0,0.6809879539590125,24,,0
spring_petclinic_microservices,completion_projected,masks,cudd_fixed,72,72,0,0.5073369999999999,0.309355,0.5093855,0.18505749999999999,0.0310435,0.0,0.0,0.2765185,0.2765185,0,0.7034264130855006,24,1.0358516425598396,24
spring_petclinic_microservices,completion_projected,masks,cudd_sift,72,72,0,0.4965115,0.312797,0.498916,0.17950149999999998,0.030352,0.0,0.0,0.2778815,0.2778815,0,0.7157635091279677,24,1.0328491276318612,24
spring_petclinic_microservices,completion_projected,masks,agrum_conditioned,72,72,0,5.524234000000001,5.305078,5.526994,0.21504800000000002,0.035346,0.0,0.716159,5.2692105,4.5471815,0,5.888330149692566,24,9.551078238650833,24
spring_petclinic_microservices,completion_projected,masks,agrum_joint,72,72,0,3.7567674999999996,3.5512750000000004,3.769204,0.19099349999999998,0.033288,0.0,0.7246699999999999,3.5173965000000003,2.783817,0,5.305517082444803,24,7.1253976648086015,24
spring_petclinic_microservices,completion_projected,masks,storm_sparse,72,72,0,2.611565,2.3928245,2.6142735000000004,0.203577,0.032501,0.0,1.3010614999999999,2.35604,1.0819605,0,3.7592222517296774,24,4.948294533543637,24
spring_petclinic_microservices,completion_projected,masks,storm_compact,72,72,0,2.2926155,2.0839485,2.295003,0.188664,0.0331425,0.0,1.4377925,2.0490385,0.642024,0,3.840165416904635,24,4.633219086894897,24
spring_petclinic_microservices,completion_projected,metadata,ours_direct,72,72,0,0.840662,0.649829,0.8426524999999999,0.1849415,0.02942,0.0,0.0,0.61836,0.61836,0,,0,1.5047903861496752,24
spring_petclinic_microservices,completion_projected,metadata,ours_prepared,72,72,0,0.4759585,0.288296,0.4779825,0.191615,0.027852500000000002,0.0,0.0,0.25783849999999997,0.25783849999999997,0,0.698623030255954,24,,0
spring_petclinic_microservices,completion_projected,metadata,cudd_fixed,72,72,0,0.4993465,0.3087695,0.501862,0.1900865,0.0285685,0.0,0.0,0.2747605,0.2747605,0,0.6929328187569201,24,1.0303579212461278,24
spring_petclinic_microservices,completion_projected,metadata,cudd_sift,72,72,0,0.497303,0.3084735,0.49949200000000005,0.19411450000000002,0.027882,0.0,0.0,0.27578749999999996,0.27578749999999996,0,0.6980658614372068,24,1.0191899045347044,24
spring_petclinic_microservices,completion_projected,metadata,agrum_conditioned,72,72,0,4.5184115,4.3208455,4.521147,0.2113465,0.034570000000000004,0.0,0.002114,4.286111,4.284303,0,4.558157519421465,24,7.35952134012083,24
spring_petclinic_microservices,completion_projected,metadata,agrum_joint,72,72,0,1.666285,1.44458,1.669185,0.211126,0.0333875,0.0,0.0018985,1.409494,1.4076105,0,2.022809009445891,24,2.9876048347755466,24
spring_petclinic_microservices,completion_projected,metadata,storm_sparse,72,72,0,1.3470170000000001,1.142408,1.349468,0.19380350000000002,0.031279,0.0,0.0019185,1.1089105,1.107002,0,1.4730530138643951,24,2.2325783613362336,24
spring_petclinic_microservices,completion_projected,metadata,storm_compact,72,72,0,0.8371705,0.6321055,0.8396565,0.187937,0.031809500000000004,0.0,0.001979,0.5980719999999999,0.5962535,0,1.11907860508725,24,1.6053752140337498,24
spring_petclinic_microservices,completion_projected,structure,ours_direct,72,72,0,0.8737945,0.6638955,0.8763255,0.1855325,0.0292045,0.001117,0.0,0.629415,0.629415,72,,0,0.805391193408562,24
spring_petclinic_microservices,completion_projected,structure,ours_prepared,72,72,0,1.0933060000000001,0.888036,1.0955795,0.201899,0.033548,0.5890655,0.0,0.2728065,0.2728065,72,1.2416356657638286,24,,0
spring_petclinic_microservices,completion_projected,structure,cudd_fixed,72,72,0,0.566307,0.3837895,0.568586,0.192361,0.0302765,0.0506,0.0,0.2985705,0.2985705,72,0.751777932087504,24,0.6446558652022926,24
spring_petclinic_microservices,completion_projected,structure,cudd_sift,72,72,0,0.680663,0.5041465,0.6827840000000001,0.1812905,0.029716,0.1835745,0.0,0.281548,0.281548,72,0.9406821631249771,24,0.7879589687499977,24
spring_petclinic_microservices,completion_projected,structure,agrum_conditioned,72,72,0,7.607166,7.418822499999999,7.610361999999999,0.204138,0.0358925,2.857991,0.001628,4.4864365,4.484853,72,8.360016959348371,24,6.8593495266577555,24
spring_petclinic_microservices,completion_projected,structure,agrum_joint,72,72,0,5.917787000000001,5.7153725,5.9206335,0.1981965,0.033853,2.9326215,0.0017035,2.7461815,2.7444485,72,7.034749825677251,24,5.893747736741767,24
spring_petclinic_microservices,completion_projected,structure,storm_sparse,72,72,0,2.3005875,2.0865655,2.3028825,0.18647000000000002,0.034113500000000005,0.9943799999999999,0.001648,1.0658895,1.0642565,72,2.3890402216914493,24,1.9400519781520096,24
spring_petclinic_microservices,completion_projected,structure,storm_compact,72,72,0,2.024634,1.8243885,2.0271725,0.191479,0.033929,1.165972,0.0016935,0.6422950000000001,0.640772,72,2.4312818067510946,24,1.9793940360400484,24
spring_petclinic_microservices,completion_projected,restore,ours_direct,72,72,0,0.743239,0.560195,0.7453255000000001,0.1924805,0.027982,0.000902,0.0,0.527444,0.527444,72,,0,0.7601033912075545,24
spring_petclinic_microservices,completion_projected,restore,ours_prepared,72,72,0,1.0409185,0.8575335000000001,1.043226,0.1848215,0.028698500000000002,0.5743225,0.0,0.262212,0.262212,72,1.3156142362197913,24,,0
spring_petclinic_microservices,completion_projected,restore,cudd_fixed,72,72,0,0.5499769999999999,0.357961,0.5523955,0.1876725,0.029761,0.04004,0.0,0.2781315,0.2781315,72,0.8370479140628508,24,0.6484423743325569,24
spring_petclinic_microservices,completion_projected,restore,cudd_sift,72,72,0,0.670433,0.47379400000000005,0.672305,0.199189,0.02951,0.1666925,0.0,0.2798055,0.2798055,72,1.0404434745842854,24,0.7890035471428261,24
spring_petclinic_microservices,completion_projected,restore,agrum_conditioned,72,72,0,7.5591455,7.355643499999999,7.561751,0.19252599999999997,0.03199,2.8380340000000004,0.001553,4.4831005,4.4815925000000005,72,9.136754891592165,24,6.944160677827956,24
spring_petclinic_microservices,completion_projected,restore,agrum_joint,72,72,0,5.8200330000000005,5.613766,5.823127,0.2039325,0.032706,2.834268,0.0017430000000000002,2.740651,2.7388975,72,7.947259505258904,24,6.0184583697862015,24
spring_petclinic_microservices,completion_projected,restore,storm_sparse,72,72,0,2.241675,2.0460735,2.2441125,0.206848,0.0314845,0.954631,0.0014875,1.0492885,1.047781,72,2.3874204463964093,24,1.8022517909273983,24
spring_petclinic_microservices,completion_projected,restore,storm_compact,72,72,0,1.8918545,1.720944,1.8943405000000002,0.185748,0.033061999999999994,1.1015515,0.0016475,0.581907,0.5785305000000001,72,2.153886492291154,24,1.631715359801496,24
